file,AnomalyTransformer,AutoEncoder,CNN,Chronos,Donut,FITS,IForest,KMeansAD,KShapeAD,LOF,LSTMAD,Lag-Llama,MOMENT (FT),MOMENT (ZS),MatrixProfile,OFA,OmniAnomaly,POLY,SAND,SR,Series2Graph,Sub-HBOS,Sub-IForest,Sub-KNN,Sub-LOF,Sub-MCD,Sub-OCSVM,Sub-PCA,TimesFM,TimesNet,TranAD,USAD,anomaly_len,anomaly_ratio,avg_anomaly_len,num_anomaly,point_anomaly,seq_anomaly,ts_len
001_NAB_id_1_Facility_tr_1007_1st_2014.csv,0.1073942705988884,0.3215698301792145,0.1246431022882461,0.134010910987854,0.1281252950429916,0.31241375207901,0.1397937834262848,0.1201124116778373,0.0929714441299438,0.1317022293806076,0.1060926988720893,0.1305872946977615,0.5547291040420532,0.552494466304779,0.095535896718502,0.2734683156013489,0.0898208692669868,0.0881110578775405,0.0866246968507766,0.1402785778045654,0.198716402053833,0.0874224677681922,0.0879603773355484,0.1428361982107162,0.1447157859802246,0.1296991109848022,0.1378356367349624,0.184719443321228,0.1369570642709732,0.1830183714628219,0.1017028093338012,0.1271487325429916,343.0,0.0850905482510543,114.33333333333331,3.0,0.0,1.0,4031.0
003_NAB_id_3_WebService_tr_1362_1st_1462.csv,0.1010718792676925,0.1194187849760055,0.1131418645381927,0.1071251407265663,0.1177748963236808,0.160340130329132,0.176513984799385,0.0805133655667305,0.0814415290951728,0.0994949340820312,0.1142804399132728,,0.2938398718833923,0.2937098443508148,0.0954555794596672,0.2694711685180664,0.1325622051954269,0.2642140090465545,0.0915815830230712,0.1109311133623123,0.1734643578529358,0.0964197367429733,0.1474819034337997,0.0916162729263305,0.0986860916018486,0.1017113029956817,0.1010696440935134,0.1974344402551651,0.1052969694137573,0.1170209720730781,0.1136764287948608,0.3868343532085418,,,,,,,
004_NAB_id_4_Facility_tr_1007_1st_1437.csv,0.1124565675854682,0.2369328290224075,0.1368031501770019,0.1213098689913749,0.119096539914608,0.1788563132286071,0.4956164956092834,0.3908819258213043,0.0651596933603286,0.3031733334064483,0.1168832182884216,,0.2607493996620178,0.2607493996620178,0.1353371143341064,0.2784559726715088,0.1301631778478622,0.730765700340271,0.2852638661861419,0.1824271976947784,0.0789985582232475,0.1473856121301651,0.4007424712181091,0.2628342807292938,0.2831302285194397,0.143508568406105,0.2714976370334625,0.2970564365386963,0.119096539914608,0.1810696423053741,0.1168832182884216,0.3404291272163391,,,,,,,
005_NAB_id_5_Traffic_tr_594_1st_1645.csv,0.1083310097455978,0.103019006550312,0.1112096905708313,0.0999608263373375,0.109145238995552,0.1421532481908798,0.120126836001873,0.0685152783989906,0.1063417643308639,0.1080426946282386,0.1013796404004097,0.1077197343111038,0.1269796639680862,0.1309147775173187,0.0953045859932899,0.1064569875597953,0.1081273481249809,0.1078175902366638,0.3009386956691742,0.1067332774400711,0.1188799291849136,0.089856170117855,0.0998856201767921,0.0619233287870883,0.076575718820095,0.077888898551464,0.1059100404381752,0.1326073408126831,0.1063375696539878,0.1123505607247352,0.1073623970150947,0.115273468196392,238.0,0.1000420344682639,238.0,1.0,0.0,1.0,2379.0
007_NAB_id_7_Traffic_tr_624_1st_2087.csv,0.1643344610929489,0.7652450799942017,0.2929728627204895,0.2451412826776504,0.2269532829523086,0.3895612359046936,0.4194152057170868,0.1405449509620666,0.3561184704303741,0.9653368592262268,0.2500641345977783,,0.6640955805778503,0.6650373339653015,0.0906345695257186,0.5844054818153381,0.2666341662406921,0.9078487157821656,0.397865742444992,0.2398951649665832,0.3325277864933014,0.0722235515713691,0.3948213160037994,0.1446687281131744,0.3058242797851562,0.1345904469490051,0.16056589782238,0.9473613500595092,0.2280769199132919,0.3825374543666839,0.237743392586708,0.6004536151885986,,,,,,,
008_NAB_id_8_Synthetic_tr_1007_1st_2734.csv,0.1168917939066886,0.808423638343811,0.2376348227262497,0.2236132025718689,0.2407105565071106,0.4200247526168823,0.2511704862117767,0.3178377449512481,0.7887927889823914,0.1315242946147918,0.2433578222990036,0.2442671209573745,0.8167495131492615,0.8179319500923157,0.7557733058929443,0.467259407043457,0.386595070362091,0.1146895214915275,0.7235226035118103,0.4494290351867676,0.7088645100593567,0.3870631754398346,0.7662659883499146,0.1586684435606002,0.7778943777084351,0.1346946507692337,0.1113723218441009,0.8278692960739136,0.2806322872638702,0.5416431427001953,0.3353177607059479,0.8547203540802002,402.0,0.0997271148598362,402.0,1.0,0.0,1.0,4031.0
009_NAB_id_9_Traffic_tr_500_1st_438.csv,0.1544675827026367,0.1614040732383728,0.1740200668573379,0.1987726092338562,0.1939909905195236,0.1912153512239456,0.2048026472330093,0.1178648024797439,0.0815935581922531,0.1860965192317962,0.2244529873132705,0.1924481391906738,0.2733970582485199,0.2732496559619903,0.2464080303907394,0.181715726852417,0.2082134336233139,0.1503767669200897,0.1588910520076751,0.1930432617664337,0.1878827363252639,0.1836391687393188,0.1293344795703888,0.110834389925003,0.1309298723936081,0.191166490316391,0.2785561680793762,0.2798204123973846,0.1846572756767273,0.172805905342102,0.189386785030365,0.2991930246353149,216.0,0.0999537251272559,216.0,1.0,0.0,1.0,2161.0
010_NAB_id_10_WebService_tr_500_1st_271.csv,0.3989843428134918,0.2621163725852966,0.4520004987716675,0.4608893096446991,0.4053826332092285,0.4881631731986999,0.4257504045963287,0.6663020849227905,0.2691306173801422,0.4189931154251098,0.5496533513069153,0.4122370183467865,0.9882974624633788,0.9890165328979492,0.255492240190506,0.5228248238563538,0.4749259650707245,0.3989843428134918,0.2478563040494918,0.4187527596950531,0.3241936564445495,0.1936895549297332,0.1926401704549789,0.5978130102157593,0.4642457365989685,0.5045142769813538,0.4346649348735809,0.8599931597709656,0.4675834476947784,0.4559175670146942,0.3728499114513397,0.2983774542808532,148.0,0.148,49.333333333333336,3.0,0.0,1.0,1000.0
011_NAB_id_11_Facility_tr_1007_1st_1526.csv,0.16087107360363,0.4540914297103882,0.3252480626106262,0.2090893983840942,0.2243197411298751,0.5598728656768799,0.4638586938381195,0.1083409041166305,0.1888867318630218,0.2463793903589248,0.1151695922017097,0.3215312361717224,0.605882465839386,0.5890814065933228,0.1603638082742691,0.2684956192970276,0.108947716653347,0.1607128232717514,0.1761263906955719,0.4869370758533478,0.885123074054718,0.188664898276329,0.1122139990329742,0.1372414678335189,0.1583175659179687,0.150134190917015,0.486928790807724,0.8464767336845398,0.2898744642734527,0.3023678660392761,0.1141714304685592,0.1021318957209587,474.0,0.1175886876705532,474.0,1.0,0.0,1.0,4031.0
012_NAB_id_12_Synthetic_tr_1007_1st_2787.csv,0.1884555220603943,0.1728650778532028,0.1617717444896698,0.1768227517604828,0.1694843918085098,0.1600560247898101,0.1381419152021408,0.9999993443489076,0.9999980926513672,0.5458208322525024,0.1558885425329208,,0.1657819747924804,0.1625011712312698,0.8312978744506836,0.1590048968791961,0.1697628945112228,0.4287822544574737,0.844398558139801,0.2046884298324585,0.9998138546943665,0.8098059892654419,0.1178368926048278,0.8115749359130859,0.431880384683609,0.3939575552940368,0.8410073518753052,0.1867669820785522,0.1757851988077163,0.1709212362766266,0.1558142751455307,0.1560494899749755,,,,,,,
015_NAB_id_15_Synthetic_tr_1007_1st_2787.csv,0.1874877512454986,0.1839899569749832,0.1636155843734741,0.1797137856483459,0.1734263747930526,0.1510624587535858,0.2721352875232696,0.9772803783416748,0.9999701380729676,0.234553724527359,0.1638974696397781,0.174517273902893,0.1574303656816482,0.1598845869302749,0.8275130391120911,0.1772380918264389,0.1607108414173126,0.1881745159626007,0.9780715703964232,0.1654494851827621,1.0,0.8093072772026062,0.8198826313018799,0.8293076753616333,0.8107759952545166,0.2117936462163925,0.4919880330562591,0.1133499443531036,0.1787154972553253,0.171494722366333,0.1623847186565399,0.1473002284765243,513.0,0.1272637062763582,513.0,1.0,0.0,1.0,4031.0
016_NAB_id_16_Environment_tr_1816_1st_3540.csv,0.1048382744193077,0.1484476923942566,0.1203496232628822,0.104968637228012,0.1190229430794715,0.1467768400907516,0.3695167601108551,0.0772773325443267,0.1075652763247489,0.2505959868431091,0.2062877565622329,0.1301267594099044,0.1693183779716491,0.1684593707323074,0.1097194626927375,0.1290233880281448,0.2083031386137008,0.104968637228012,0.1356093138456344,0.2097935229539871,0.1524468213319778,0.1012499555945396,0.1025711074471473,0.0861380621790885,0.0845892801880836,0.079532615840435,0.0799581930041313,0.3858610689640045,0.108906365931034,0.1359430104494094,0.2063966542482376,0.2457472681999206,724.0,0.0996421690063308,362.0,2.0,0.0,1.0,7266.0
017_NAB_id_17_Synthetic_tr_1007_1st_1805.csv,0.1208464726805687,0.3792462050914764,0.1244527325034141,0.125474065542221,0.1218488737940788,0.1302106529474258,0.1219077929854393,0.8224657773971558,0.5779109001159668,0.1208299025893211,0.1214558258652687,0.1219677776098251,0.2884553074836731,0.289028912782669,0.3613988161087036,0.1239688768982887,0.1348704546689987,0.1208299025893211,0.4511922597885132,0.1224144175648689,0.558258056640625,0.3613988161087036,0.3927466571331024,0.5800978541374207,0.4576264321804046,0.1707549542188644,0.6228011250495911,0.372872531414032,0.1214253827929496,0.1397537589073181,0.1219261884689331,0.3738314807415008,402.0,0.0997271148598362,402.0,1.0,0.0,1.0,4031.0
018_NAB_id_18_Facility_tr_500_1st_669.csv,0.2130819857120514,0.3263057470321655,0.2238338887691497,0.2251165807247162,0.2131706029176712,0.2423907071352005,0.2655651569366455,0.1591739803552627,0.5503121018409729,0.2225624620914459,0.2118780761957168,0.2591345608234405,0.1722761988639831,0.1687789410352707,0.4248004853725433,0.2365415692329406,0.2627303898334503,0.2130819857120514,0.2501319646835327,0.2458071559667587,0.4124737679958343,0.2629271745681762,0.4728483259677887,0.1552114933729171,0.1816847920417785,0.1493759453296661,0.1569094806909561,0.1508194655179977,0.219050332903862,0.2248283475637436,0.2868706881999969,0.3090840578079223,188.0,0.099946836788942,94.0,2.0,0.0,1.0,1881.0
019_NAB_id_19_Facility_tr_1007_1st_1171.csv,0.1059887260198593,0.4405209720134735,0.1063831076025962,0.1435821205377578,0.1186975091695785,0.1682750582695007,0.1295377165079116,0.1114562377333641,0.0851897671818733,0.1277539134025573,0.1240592896938324,0.1198920384049415,0.3751823008060455,0.3098903298377991,0.0909070745110511,0.1888373345136642,0.1405460685491562,0.1024897471070289,0.2147262096405029,0.1278779208660125,0.1348016262054443,0.1002611219882965,0.1063055098056793,0.1236775070428848,0.2936176359653473,0.4406629800796509,0.1053978949785232,0.1603615581989288,0.1413571983575821,0.1790351271629333,0.1210257858037948,0.1435905545949936,400.0,0.0992309600595385,200.0,2.0,0.0,1.0,4031.0
020_NAB_id_20_Synthetic_tr_1007_1st_2679.csv,0.2172937989234924,0.5059539675712585,0.2011474370956421,0.2120939940214157,0.2442651987075805,0.2140982747077942,0.3680284321308136,0.9993876218795776,0.9995132088661194,0.2512100636959076,0.2423004955053329,0.2014137059450149,0.1943171471357345,0.1956315338611602,0.9349083304405212,0.212048590183258,0.246615394949913,0.2149668782949447,0.8023815751075745,0.1759383529424667,0.9995652437210084,0.9700888395309448,0.964913845062256,0.9323912262916564,0.6705004572868347,0.1732047796249389,0.937225878238678,0.1947975605726242,0.2096232324838638,0.2111571580171585,0.2431506216526031,0.2016324996948242,621.0,0.1540560654924336,621.0,1.0,0.0,1.0,4031.0
021_NAB_id_21_WebService_tr_500_1st_565.csv,0.1519035100936889,0.1428458094596862,0.1237022951245307,0.1504623293876648,0.1224159076809883,0.1200606748461723,0.1155229657888412,0.3971585035324096,0.2813193202018738,0.3776170611381531,0.1185684874653816,,0.1488528400659561,0.1463662385940551,0.3554297685623169,0.1798381954431533,0.120735265314579,0.1847301721572876,0.2774060070514679,0.1401845961809158,0.1212234571576118,0.1199165433645248,0.1068961918354034,0.3727484941482544,0.4298952519893646,0.5939514636993408,0.286312073469162,0.127280905842781,0.1504521816968917,0.1272965669631958,0.1651492714881897,0.2813732028007507,,,,,,,
022_NAB_id_22_Facility_tr_1007_1st_2980.csv,0.1879630535840988,0.2865299880504608,0.3883906304836273,0.2269156128168106,0.6229642033576965,0.3704919517040252,0.3886772096157074,0.1837495565414428,0.0963673666119575,0.2828985154628753,0.5801432132720947,0.2940595746040344,0.7296226024627686,0.7372567057609558,0.1073955968022346,0.2373226135969162,0.5644470453262329,0.1799146085977554,0.2338646203279495,0.5712620615959167,0.6750426292419434,0.3912704586982727,0.3477273285388946,0.1690383404493332,0.1688693463802337,0.1236779391765594,0.1407716125249862,0.5600789785385132,0.2281861007213592,0.2653903365135193,0.5855345129966736,0.5389358997344971,520.0,0.1290002480774001,260.0,2.0,0.0,1.0,4031.0
024_NAB_id_24_Synthetic_tr_1007_1st_2787.csv,0.1913931965827942,0.2182547301054,0.3262489736080169,0.2156969308853149,0.2056031227111816,0.3925629556179046,0.4447378814220428,0.9927423000335692,0.1079495102167129,0.251948207616806,0.3959497809410095,0.2854097485542297,0.4117626547813415,0.4104835391044616,0.5699861645698547,0.2456390559673309,0.3964479565620422,0.1881745159626007,0.6460698246955872,0.3418963253498077,0.999999463558197,0.5258615612983704,0.4949195086956024,0.5334101319313049,0.5224925875663757,0.2068102806806564,0.490936130285263,0.8637303709983826,0.2176879793405532,0.2789629697799682,0.3940921723842621,0.4803466200828552,513.0,0.1272637062763582,513.0,1.0,0.0,1.0,4031.0
025_NAB_id_25_WebService_tr_3958_1st_4614.csv,0.1015317216515541,0.2608823776245117,0.1034413129091262,0.1036013662815094,0.1017276272177696,0.1141913309693336,0.1018434166908264,0.094299703836441,0.0906869918107986,0.1014640778303146,0.1036110296845436,0.103717029094696,0.1829542964696884,0.1838026046752929,0.0989529117941856,0.1053648367524147,0.1087608709931373,0.1014882698655128,0.1112607344985008,0.1045948043465614,0.1089498624205589,0.0935114473104476,0.0991519391536712,0.0928529649972915,0.1056814044713974,0.1056784838438034,0.1004722416400909,0.1234861016273498,0.1039678901433944,0.1066542193293571,0.1035700961947441,0.178628534078598,1580.0,0.0997978777160182,790.0,2.0,0.0,1.0,15832.0
026_NAB_id_26_Traffic_tr_624_1st_2261.csv,0.0975471213459968,0.106715977191925,0.1183862537145614,0.1210353001952171,0.1298075467348098,0.1203222945332527,0.1233697608113288,0.062469407916069,0.1453072279691696,0.0965920984745025,0.0732019245624542,0.1164479628205299,0.3854619562625885,0.3883215188980102,0.0972512289881706,0.1213295459747314,0.0669829323887825,0.096552237868309,0.0925939530134201,0.1152661889791488,0.1136928424239158,0.1024400889873504,0.09587162733078,0.0682243183255195,0.0664734318852424,0.0660189390182495,0.0839944258332252,0.1851385086774826,0.1316735297441482,0.120095744729042,0.0735155344009399,0.0540373139083385,238.0,0.0952380952380952,238.0,1.0,0.0,1.0,2499.0
028_NAB_id_28_Facility_tr_1007_1st_3447.csv,0.1618365347385406,0.3695689141750335,0.1676481366157531,0.1696420311927795,0.1571623235940933,0.1753048598766327,0.177907109260559,0.1212984174489975,0.999959409236908,0.1707723736763,0.1664569526910781,0.1662632972002029,0.4054346680641174,0.4029764235019684,0.9434747099876404,0.2000420838594436,0.1916150152683258,0.1618365347385406,0.9999221563339232,0.1861749291419983,0.6750680804252625,0.7264169454574585,0.7785305380821228,0.3510924875736236,0.5046159625053406,0.2261694222688675,0.2836197018623352,0.95330810546875,0.1672994345426559,0.1697822362184524,0.1598725169897079,0.4318604469299316,430.0,0.1066732820640039,430.0,1.0,0.0,1.0,4031.0
029_WSD_id_1_WebService_tr_4559_1st_10201.csv,0.0074130818247795,0.0016820509918034,0.1545362472534179,0.1609733253717422,0.128150537610054,0.2325487434864044,0.0017478397348895,0.0085062123835086,0.1463082581758499,0.8011728525161743,0.0083834789693355,0.1986967921257019,0.939383327960968,0.9563814401626588,0.0645636022090911,0.2052679508924484,0.0047796829603612,0.0614461414515972,0.0219986606389284,0.166590541601181,0.0051111369393765,0.0064189815893769,0.0018937117420136,0.0129732340574264,0.996578812599182,0.0042492244392633,0.0077184629626572,0.002901108469814,0.1664375066757202,0.1595514267683029,0.0084299352020025,0.0038046159315854,,,,,,,
030_WSD_id_2_WebService_tr_4499_1st_4599.csv,0.0421158224344253,0.0443610809743404,0.1957547962665558,0.2865185737609863,0.0768875628709793,0.3350623250007629,0.0104296058416366,0.3509917557239532,0.1260217130184173,0.7499635219573975,0.0271144025027751,0.1931242793798446,0.8690663576126099,0.8729277849197388,0.0460098199546337,0.4875911474227905,0.0273917540907859,0.0415521338582038,0.1313119530677795,0.3246706128120422,0.021297475323081,0.0133896833285689,0.0093619264662265,0.3967025279998779,0.7656237483024597,0.3248628079891205,0.120537020266056,0.0224239826202392,0.3032494783401489,0.2188252657651901,0.0276553053408861,0.0407734885811805,,,,,,,
031_WSD_id_3_WebService_tr_826_1st_926.csv,0.0183226615190505,0.6940880417823792,0.871579110622406,0.1706497371196746,0.1902206093072891,0.6619316935539246,0.005883642937988,0.005686042830348,0.0033839605748653,0.9296485185623168,0.0184167996048927,0.7369410991668701,0.9536012411117554,0.9469470381736756,0.0039879581891,0.6993572115898132,0.0184538979083299,0.8200647830963135,0.0415514074265956,0.2799235880374908,0.7807095646858215,0.780243992805481,0.0051096249371767,0.0057435249909758,0.8981757760047913,0.0032674465328454,0.2700437903404236,0.0070631019771099,0.2802250981330871,0.8446287512779236,0.0178819708526134,0.0076721599325537,,,,,,,
032_WSD_id_4_WebService_tr_4559_1st_11822.csv,0.0076681296341121,0.0031686124857515,0.1768384128808975,0.2081012725830078,0.0077340742573142,0.0200211033225059,0.0219654496759176,0.199035957455635,0.0106846997514367,0.1047546043992042,0.0209389217197895,0.1829461455345153,0.7034164667129517,0.7244663834571838,0.0063683022744953,0.0966901108622551,0.019105052575469,0.0077340742573142,0.0095984302461147,0.2484615892171859,0.2978197336196899,0.0147706633433699,0.013634487055242,0.2881440818309784,0.1902417540550232,0.6098236441612244,0.0524777844548225,0.0092300977557897,0.1850537955760955,0.5960726141929626,0.0210166815668344,0.0168908517807722,32.0,0.002994572337638,16.0,2.0,0.0,1.0,10686.0
033_WSD_id_5_WebService_tr_4559_1st_12588.csv,0.0098813204094767,0.0043987245298922,0.2676590085029602,0.1990828365087509,0.0222996603697538,0.3482487797737121,0.0011621330631896,0.0026453870814293,0.030379494652152,0.8279417753219604,0.0031167017295956,,0.8484926819801331,0.8495545387268066,0.0076138065196573,0.8986054062843323,0.0024917707778513,0.0120192924514412,0.0079741012305021,0.2139293402433395,0.0028714325744658,0.0033658088650554,0.001306056510657,0.0050404821522533,0.8133259415626526,0.0022238581441342,0.0048821284435689,0.0016251504421234,0.2184977382421493,0.3212034404277801,0.0031350555364042,0.0019031770061701,,,,,,,
034_WSD_id_6_WebService_tr_4559_1st_8461.csv,0.0450099781155586,0.6654139757156372,0.6368370056152344,0.1863097250461578,0.3126038014888763,0.60563063621521,0.0631878674030304,0.016928182914853,0.0244604256004095,0.8976418375968933,0.344633936882019,0.4327093660831451,0.9571560025215148,0.9574912786483764,0.0095526175573468,0.2975987195968628,0.4910338222980499,0.7651268839836121,0.1101125925779342,0.3106551468372345,0.3878510296344757,0.0073488680645823,0.073181077837944,0.0186172649264335,0.5248090624809265,0.0208028815686702,0.0208150241523981,0.9001016616821289,0.2865875959396362,0.3701640665531158,0.3511757552623749,0.3056520521640777,,,,,,,
036_WSD_id_8_WebService_tr_4504_1st_6898.csv,0.0264072958379983,0.8414197564125061,0.3428660929203033,0.5192059278488159,0.0497492477297782,0.4047248959541321,0.0055868793278932,0.012106392532587,0.0114987008273601,0.1450544744729995,0.0925990045070648,0.3410127460956573,0.7279589176177979,0.5182068347930908,0.0333102978765964,0.7990641593933105,0.0076068239286541,0.0168457981199026,0.0062181097455322,0.346345841884613,0.0148363839834928,0.003624980803579,0.0071571231819689,0.0233915764838457,0.9682133793830872,0.0132715916261076,0.0070438431575894,0.0074687111191451,0.5125960111618042,0.2975154519081116,0.0732577517628669,0.0055349920876324,,,,,,,
037_WSD_id_9_WebService_tr_4583_1st_6214.csv,0.006650794763118,0.323418527841568,0.1210466548800468,0.1814562678337097,0.0193211510777473,0.0312332417815923,0.1059466674923896,0.0211589764803648,0.0076511399820446,0.8655838370323181,0.1536591947078704,0.1247402504086494,0.4648003876209259,0.4070587158203125,0.0055734487250447,0.3151127994060516,0.1782063692808151,0.8277111053466797,0.0130457412451505,0.1753127425909042,0.1801620125770568,0.0027415701188147,0.1072908788919448,0.0277454759925603,0.6125349998474121,0.2097434550523758,0.018690476194024,0.2108620405197143,0.1866837292909622,0.3085905909538269,0.1514005362987518,0.3068552911281585,,,,,,,
038_WSD_id_10_WebService_tr_4042_1st_4142.csv,0.0344847626984119,0.6977803111076355,0.9142947793006896,0.4518184065818786,0.5765038728713989,0.6365689635276794,0.0229938812553882,0.0265056751668453,0.0353538803756237,0.6938651204109192,0.6125268340110779,,0.9011408686637878,0.9057589173316956,0.0068677156232297,0.8125584721565247,0.9677161574363708,0.7278516292572021,0.0202036201953887,0.6368212699890137,0.4833631217479706,0.03924261033535,0.0217505022883415,0.0236564874649047,0.99117511510849,0.0254114549607038,0.0295282825827598,0.5083374977111816,0.7507591843605042,0.929958701133728,0.5500105023384094,0.0316836908459663,,,,,,,
039_WSD_id_11_WebService_tr_1746_1st_1846.csv,0.1306463778018951,0.7515694499015808,0.7772811055183411,0.2510816156864166,0.2811887562274933,0.6479029655456543,0.3990055620670318,0.0236867740750312,0.0201935712248086,0.3436109721660614,0.4289849698543548,0.6332090497016907,0.8880274891853333,0.8881779313087463,0.0077969897538423,0.3201621472835541,0.7093343734741211,0.0397864840924739,0.0385177470743656,0.5041593313217163,0.7551804780960083,0.0318686477839946,0.0159164145588874,0.0237906742841005,0.0270818248391151,0.0262846797704696,0.0342339240014553,0.2028586566448211,0.3550032675266266,0.7237461805343628,0.3953703045845032,0.0306987669318914,132.0,0.0072451835995389,18.857142857142858,7.0,0.0,1.0,18219.0
040_WSD_id_12_WebService_tr_4559_1st_9714.csv,0.0163226127624511,0.007136586587876,0.0395471304655075,0.0411822795867919,0.0140583803877234,0.0143003361299633,0.0054716044105589,0.0145043563097715,0.9541667699813844,0.1339853703975677,0.0076935207471251,0.0237835366278886,0.0200559198856353,0.0181556139141321,0.1045570746064186,0.0336013212800025,0.0065688323229551,0.014236775226891,0.9460281133651732,0.1596247106790542,0.0044938852079212,0.0040082787163555,0.0073410375043749,0.0185718461871147,0.0334455892443656,0.0219688769429922,0.0181210786104202,0.0048176595009863,0.0277560651302337,0.0363476537168026,0.0077119334600865,0.005440417677164,41.0,0.0022483000658039,10.25,4.0,0.0,1.0,18236.0
041_WSD_id_13_WebService_tr_4296_1st_5196.csv,0.0665935352444648,0.7640169858932495,0.3869863748550415,0.1299254894256591,0.2794191837310791,0.3155757188796997,0.0769081860780716,0.0385094322264194,0.0143447993323206,0.6762323379516602,0.2391574680805206,0.3381694257259369,0.8796452879905701,0.8833233118057251,0.0204231217503547,0.2553012669086456,0.4773570895195007,0.7396036386489868,0.1066342815756797,0.3356263041496277,0.7563593983650208,0.2035398632287979,0.0766276493668556,0.0418823547661304,0.6533117294311523,0.0486038289964199,0.0368547961115837,0.4781875014305115,0.1747149229049682,0.292117029428482,0.2365515679121017,0.1587406247854232,,,,,,,
045_WSD_id_17_WebService_tr_2566_1st_2666.csv,0.000965389132034,0.0823990404605865,0.4056978821754455,0.6336551308631897,0.0009653890738263,0.0313940644264221,0.0007634762441739,0.0002809909346979,0.0003256933996453,0.7734282612800598,0.3339769542217254,,0.6700661778450012,0.4555641710758209,0.0007521898369304,0.2018418610095977,0.9345799684524536,0.7879204154014587,0.0002736286842264,0.371306836605072,0.8510680198669434,0.0003511071263346,0.0010925277601927,0.0003242988022975,0.6646245121955872,0.0020520300604403,0.0019641602411866,0.8010134696960449,0.6669884920120239,0.0580074675381183,0.1437964737415313,0.1767145991325378,,,,,,,
046_WSD_id_18_WebService_tr_2357_1st_2457.csv,0.0857627913355827,0.0446552000939846,0.2614305317401886,0.2877496480941772,0.0403338633477687,0.4596857726573944,0.0231415033340454,0.430513471364975,0.5075366497039795,0.7290525436401367,0.0680845230817794,0.2466847896575927,0.8481419086456299,0.8352327942848206,0.0409184657037258,0.2023084461688995,0.0718093290925026,0.0784096643328666,0.4209213256835937,0.3976835012435913,0.0352628082036972,0.0292405560612678,0.0243686698377132,0.5615818500518799,0.7147811651229858,0.4556220471858978,0.1408718675374984,0.0423521623015403,0.3906053304672241,0.3792851865291595,0.069820150732994,0.0828951224684715,,,,,,,
047_WSD_id_19_WebService_tr_4559_1st_16362.csv,0.0016413530101999,0.1392845660448074,0.9275137186050416,0.2693811058998108,0.0040031541138887,0.0184715632349252,0.0117128510028123,0.0005687767989002,0.0005433064652606,0.9964765310287476,0.93113774061203,0.9354940056800842,0.3715215623378753,0.3456906378269195,0.0007616635994054,0.4261130690574646,0.9999999403953552,0.8914252519607544,0.0012543376069515,0.8344001173973083,0.4266043901443481,0.0022427351213991,0.7595762610435486,0.0004413551359903,0.9974507689476012,0.0005600280128419,0.0018902857555076,1.0,0.2496094554662704,0.2108683884143829,0.7738327980041504,0.3506627380847931,,,,,,,
048_WSD_id_20_WebService_tr_4559_1st_11813.csv,0.0056836102157831,0.0034841166343539,0.1413440257310867,0.1165732070803642,0.0165272541344165,0.049586035311222,0.0029916672501713,0.0308629628270864,0.0073547009378671,0.9989474415779114,0.0096860202029347,0.1482938230037689,0.7950788736343384,0.8296667337417603,0.0043068779632449,0.0865344703197479,0.0084738722071051,0.8409693837165833,0.02316858433187,0.2135956585407257,0.1216087192296981,0.0448675863444805,0.0032516599167138,0.1487729996442794,0.856300950050354,0.0701027959585189,0.0394971705973148,0.0055373418144881,0.133430615067482,0.502140462398529,0.0103181470185518,0.0087763806805014,,,,,,,
050_WSD_id_22_WebService_tr_4559_1st_12816.csv,0.0019085214007645,0.0009344231220893,0.091371901333332,0.1204885616898536,0.0313116796314716,0.0309366192668676,0.0013404082274064,0.002100066980347,0.0028136337641626,0.6752516627311707,0.0029018104542046,0.0895520970225334,0.6459696292877197,0.6317695379257202,0.0285742357373237,0.0572894997894763,0.0028002026956528,0.6833166480064392,0.0117115257307887,0.1823236942291259,0.1038986071944236,0.0018658020999282,0.0012148828245699,0.0019729684572666,0.8855015635490417,0.0022141407243907,0.0021511644590646,0.0020708781667053,0.095082439482212,0.0982236340641975,0.0033011550549417,0.0049768616445362,,,,,,,
051_WSD_id_23_WebService_tr_3919_1st_5154.csv,0.0102213528007268,0.262859582901001,0.1488530337810516,0.2023345381021499,0.0059088133275508,0.0319276042282581,0.0118685225024819,0.1158515140414238,0.0081356475129723,0.877792239189148,0.0095071652904152,0.1859539449214935,0.336940586566925,0.3256537020206451,0.0778100490570068,0.0698592066764831,0.0093656778335571,0.4477890431880951,0.1813685446977615,0.2802591323852539,0.2657947838306427,0.0211665276437997,0.0119087193161249,0.1821054965257644,0.6718406677246094,0.1143250912427902,0.1298492401838302,0.0122835636138916,0.1983886510133743,0.5392035841941833,0.0090488074347376,0.0093026775866746,,,,,,,
052_WSD_id_24_WebService_tr_4559_1st_9102.csv,0.0023985819425433,0.1370003074407577,0.3863783180713653,0.2469142377376556,0.0084190228953957,0.0961959138512611,0.0037592409644275,0.0048270309343934,0.0033173274714499,0.85575932264328,0.1265887916088104,0.2956345379352569,0.6627682447433472,0.6513910889625549,0.0020232670940458,0.0271237958222627,0.2917428612709045,0.90906822681427,0.0042321654036641,0.3179775774478912,0.5455202460289001,0.0017303635831922,0.0079261949285864,0.0038552077021449,0.8785763382911682,0.0060233180411159,0.0033158191945403,0.8474832773208618,0.3602046072483063,0.1261017322540283,0.1034324988722801,0.0309395808726549,,,,,,,
053_WSD_id_25_WebService_tr_4559_1st_9198.csv,0.0011663341429084,0.082331970334053,0.0869975984096527,0.0561803020536899,0.0026077812071889,0.0012117129517719,0.0045291525311768,0.0006623872905038,0.0009798128157854,0.780251681804657,0.0894586220383644,,0.0327981449663639,0.0128050567582249,0.0008193829562515,0.2626358270645141,0.3225617110729217,0.8402189016342163,0.0011055074864998,0.0782112181186676,0.333698570728302,0.0006459265714511,0.0068184076808393,0.0007762282621115,0.778491199016571,0.0100164804607629,0.000986932311207,0.0092631988227367,0.1438038945198059,0.0013335692929103,0.089843600988388,0.0178021434694528,,,,,,,
054_WSD_id_26_WebService_tr_2409_1st_2509.csv,0.0326513759791851,0.0107961492612957,0.1887736767530441,0.2839785814285278,0.0268014669418334,0.4814403653144836,0.0462154597043991,0.5143581628799438,0.3026055097579956,0.0965834483504295,0.0598209723830223,0.207298919558525,0.851016640663147,0.8019712567329407,0.0346815474331378,0.1884542405605316,0.0547619424760341,0.03251688554883,0.2016612142324447,0.3220083117485046,0.031232638284564,0.0254887156188488,0.0196412224322557,0.385550856590271,0.024573503062129,0.4659253656864166,0.0495380982756614,0.0226731654256582,0.2801071107387543,0.5052124857902527,0.0635452196002006,0.052827775478363,66.0,0.0035887118699363,13.2,5.0,0.0,1.0,18391.0
055_WSD_id_27_WebService_tr_3768_1st_3868.csv,0.0512089058756828,0.0398598723113536,0.2242249697446823,0.3292866349220276,0.0258081294596195,0.440805584192276,0.0116850035265088,0.251688003540039,0.4419520497322082,0.7299773097038269,0.0408154353499412,0.2030125707387924,0.8732022643089294,0.8208612203598022,0.0294937565922737,0.2086526751518249,0.0479584634304046,0.052991796284914,0.2815242707729339,0.3553028404712677,0.0306370295584201,0.0231545586138963,0.010729051195085,0.4208504557609558,0.73265540599823,0.1521779000759124,0.1170031502842903,0.0319034866988658,0.3312812745571136,0.2849413156509399,0.0410012453794479,0.0589681416749954,,,,,,,
056_WSD_id_28_WebService_tr_4559_1st_9689.csv,0.0023508591111749,0.0481242947280406,0.5704630613327026,0.0212172251194715,0.004453775472939,0.0745918154716491,0.0083974245935678,0.0109375696629285,0.0048690852709114,0.0024219825863838,0.0241166092455387,0.4882303774356842,0.5125012993812561,0.5075842142105103,0.0042873127385973,0.079862043261528,0.029238874092698,0.3249969482421875,0.003395531559363,0.1388839036226272,0.0081019252538681,0.0054543777368962,0.0194710250943899,0.0117304846644401,0.002282019238919,0.0072214351966977,0.0023839038331061,0.0279042087495327,0.0845316722989082,0.3205331265926361,0.0243156608194112,0.006870147306472,,,,,,,
057_WSD_id_29_WebService_tr_2229_1st_2329.csv,0.0019970594439655,0.4186019897460937,0.1325692385435104,0.1740665435791015,0.0033917329274117,0.1333188861608505,0.0018045140895992,0.0010632120538502,0.0009391182102262,0.6765072345733643,0.0716830044984817,0.1396526396274566,0.7409658432006836,0.796370267868042,0.001220800448209,0.3514991998672485,0.3464565873146057,0.9880521893501282,0.0009919491130858,0.1397650241851806,0.7405000925064087,0.0015526566421613,0.0035005430690944,0.0012255709152668,0.9453627467155457,0.020161809399724,0.0019637427758425,0.6219687461853027,0.1986282169818878,0.3246090412139892,0.073755457997322,0.4736968874931335,,,,,,,
058_WSD_id_30_WebService_tr_1136_1st_1236.csv,0.0008454911294393,0.1054855212569236,0.6132733225822449,0.5860747694969177,0.0003944332711398,0.0053889332339167,0.2950359284877777,0.0002971303765662,0.0003030501247849,0.0008454911294393,0.3930628895759582,0.7582236528396606,0.2449694126844406,0.1859367787837982,0.0006116940639913,0.2340445965528488,0.4201365411281585,0.0008454911294393,0.0004196680092718,0.5299175381660461,0.6125709414482117,0.0008203093893826,0.0008730427362024,0.0002860341628547,0.0567869842052459,0.0004075156466569,0.0042920866981148,0.102554939687252,0.6067019701004028,0.37872514128685,0.3861763477325439,0.0008544235606677,8.0,0.0004386926957666,8.0,1.0,0.0,1.0,18236.0
059_WSD_id_31_WebService_tr_4559_1st_9058.csv,0.007006561383605,0.002644094871357,0.1239379718899726,0.0906039178371429,0.0055341809056699,0.0515326708555221,0.0014063628623262,0.011334765702486,0.0033514576498419,0.9989901781082152,0.0039465730078518,0.1236441433429718,0.7582854628562927,0.7450811862945557,0.0068049961701035,0.0521418675780296,0.0035327908117324,0.9459561705589294,0.0114780282601714,0.1634787023067474,0.6248665452003479,0.0046030366793274,0.0014619973953813,0.0512532107532024,0.850469172000885,0.0175433252006769,0.0146671207621693,0.0037685618735849,0.1010601073503494,0.0990340337157249,0.0039873095229268,0.0037503743078559,,,,,,,
060_WSD_id_32_WebService_tr_4576_1st_4766.csv,0.0129110617563128,0.0334114283323287,0.19529889523983,0.2693642079830169,0.0166884753853082,0.1767459958791732,0.0523875206708908,0.0224540904164314,0.0092905797064304,0.1090381741523742,0.0856881886720657,0.1994867771863937,0.4920029938220978,0.5239431262016296,0.007456867955625,0.3636299073696136,0.0854297056794166,0.0129110617563128,0.0192796736955642,0.3260654807090759,0.3390181958675384,0.0057776132598519,0.0090298792347311,0.018285734578967,0.0085626058280467,0.3220588266849518,0.0165960304439067,0.0235604122281074,0.2545581459999084,0.0966705381870269,0.0832789689302444,0.0886238664388656,102.0,0.0055722480196667,12.75,8.0,0.0,1.0,18305.0
065_WSD_id_37_WebService_tr_3451_1st_3551.csv,0.0229319278150796,0.0913524180650711,0.4937392771244049,0.0499025210738182,0.0586713999509811,0.5630797147750854,0.4474280476570129,0.1378898173570633,0.0387710444629192,0.6986716389656067,0.4777195155620575,0.1954269558191299,0.950490415096283,0.9419440627098083,0.0270148869603872,0.1223949268460273,0.4694855511188507,0.2889840304851532,0.032726515084505,0.2920576930046081,0.2153390198945999,0.0180447660386562,0.441207081079483,0.6510767340660095,0.6683495044708252,0.1103124842047691,0.0486918874084949,0.4864056706428528,0.0776056498289108,0.5057225823402405,0.4772849380970001,0.4878651797771454,,,,,,,
066_WSD_id_38_WebService_tr_3320_1st_3420.csv,0.0520820766687393,0.7371264100074768,0.7935377955436707,0.3869543969631195,0.4405780732631683,0.5840154886245728,0.1084913834929466,0.0233851820230484,0.0176713280379772,0.6905829906463623,0.4300599098205566,0.7087200880050659,0.8801106810569763,0.8812782168388367,0.0138240801170468,0.5828641653060913,0.5225782990455627,0.6958830952644348,0.0190116986632347,0.4432148039340973,0.7252579927444458,0.1092632785439491,0.1111873686313629,0.0300935115665197,0.9795629978179932,0.0783362314105033,0.0584195367991924,0.3635906875133514,0.5305516719818115,0.7242429256439209,0.4107405543327331,0.2009463906288147,,,,,,,
068_WSD_id_40_WebService_tr_4549_1st_13322.csv,0.0043388716876506,0.0025134524330496,0.0572672523558139,0.1367513686418533,0.0162273570895195,0.0031626019626855,0.0230677016079425,0.0877173766493797,0.0063832718878984,0.130865678191185,0.0024295975454151,0.0580194778740406,0.2616858780384063,0.2854127585887909,0.0701425895094871,0.0337894782423973,0.0023286833893507,0.004376892466098,0.0388657748699188,0.2819947898387909,0.1462945938110351,0.0261661279946565,0.0088068880140781,0.382517009973526,0.0548920221626758,0.2885653078556061,0.1273198723793029,0.0422810055315494,0.1386604756116867,0.1194997131824493,0.0024314080365002,0.0028785741887986,29.0,0.001593669286146,14.5,2.0,0.0,1.0,18197.0
069_WSD_id_41_WebService_tr_4548_1st_13988.csv,0.0021065939217805,0.0013802254106849,0.2341653108596801,0.2362026125192642,0.0158179309219121,0.0727179050445556,0.0008133631781674,0.00653977971524,0.0016041558701545,0.977476179599762,0.0019374138209968,0.2352834492921829,0.6156401038169861,0.5551362037658691,0.0106422007083892,0.2719171643257141,0.0016770688816905,0.8664662837982178,0.0045664464123547,0.4295687079429626,0.7435096502304077,0.0182647202163934,0.000991140725091,0.0151599692180752,0.9700157642364502,0.0134781710803508,0.0051465053111314,0.0023051782045513,0.2239226400852203,0.1080357655882835,0.0018708590650931,0.0014480183599516,,,,,,,
070_WSD_id_42_WebService_tr_2102_1st_2202.csv,0.058236975222826,0.6710154414176941,0.2360723614692688,0.3230218291282654,0.1088703647255897,0.3701624274253845,0.0215769652277231,0.2067626714706421,0.6158610582351685,0.7252293825149536,0.1125058531761169,,0.8690633773803711,0.8674402236938477,0.0674483627080917,0.8354154229164124,0.0956559032201767,0.0815817192196846,0.1109715178608894,0.3211998641490936,0.0260980203747749,0.0449731610715389,0.0242092087864875,0.4845315515995025,0.7165970802307129,0.6004337668418884,0.103431262075901,0.0409737080335617,0.369470477104187,0.1820567101240158,0.1165923103690147,0.1033138558268547,,,,,,,
072_WSD_id_44_WebService_tr_1691_1st_1791.csv,0.0501087605953216,0.8187844753265381,0.5272080898284912,0.1891893893480301,0.2721358239650726,0.68050217628479,0.0387653559446334,0.0365645997226238,0.0432568192481994,0.8217297792434692,0.1608506888151168,0.2795036435127258,0.9381451606750488,0.9381033182144164,0.0134810926392674,0.2606799900531769,0.258668452501297,0.7579597234725952,0.0143731636926531,0.2449593842029571,0.818186342716217,0.0130180539563298,0.0392765775322914,0.0391568914055824,0.5446797609329224,0.0439536646008491,0.0400833785533905,0.1734380275011062,0.2548910975456238,0.7068915963172913,0.1597868949174881,0.0322418548166751,,,,,,,
073_WSD_id_45_WebService_tr_3392_1st_3492.csv,0.0189692378044128,0.0211298633366823,0.4901366233825683,0.1084508150815963,0.0967650488018989,0.3413054049015045,0.4804072082042694,0.0119177512824535,0.0112074511125683,0.0679505988955497,0.519140899181366,0.3418519794940948,0.7996019124984741,0.8588241934776306,0.0138699142262339,0.0959107354283332,0.4960254430770874,0.7255383729934692,0.0145991658791899,0.2587771713733673,0.2770612835884094,0.0331248417496681,0.4904519319534302,0.0120986262336373,0.0936628505587577,0.0145578421652317,0.0128805637359619,0.4768781363964081,0.1033053398132324,0.2924829721450805,0.5089452862739563,0.5076953172683716,,,,,,,
074_WSD_id_46_WebService_tr_990_1st_1090.csv,0.0312923043966293,0.2048632651567459,0.7716451287269592,0.5400334596633911,0.0241271033883094,0.2608230412006378,0.487017810344696,0.0165732242166996,0.0111776096746325,0.0337234996259212,0.4176108539104461,0.7146798968315125,0.4829600155353546,0.4855343997478485,0.0127882286906242,0.4485720992088318,0.4175631701946258,0.0312530882656574,0.0181770101189613,0.6446316838264465,0.9023613929748536,0.0503747723996639,0.0327446162700653,0.0156183699145913,0.0181011352688074,0.0171098727732896,0.0325404107570648,0.3985829949378967,0.6423963904380798,0.2712787687778473,0.3716532289981842,0.0367569662630558,290.0,0.0159026102215398,13.80952380952381,21.0,0.0,1.0,18236.0
075_WSD_id_47_WebService_tr_3296_1st_3468.csv,0.0521900430321693,0.0130551271140575,0.3685183227062225,0.381458044052124,0.0336161106824874,0.3341956436634063,0.0661764442920684,0.1285438388586044,0.494366854429245,0.7355988025665283,0.2200165838003158,0.3657039701938629,0.8730127811431885,0.8729382753372192,0.0293898321688175,0.4061053693294525,0.2371818721294403,0.0602519586682319,0.0578453503549099,0.5182459354400635,0.017463443800807,0.0160142537206411,0.0893862098455429,0.1821444779634475,0.7638513445854187,0.5694488286972046,0.0323659218847751,0.0180067047476768,0.4394273459911346,0.4079591631889343,0.2359382957220077,0.1570037305355072,,,,,,,
077_WSD_id_49_WebService_tr_3310_1st_3716.csv,0.0501019023358821,0.1057206690311431,0.314200609922409,0.3744254112243652,0.0636449679732322,0.5023720860481262,0.0104699600487947,0.4251117408275604,0.3233120739459991,0.7195347547531128,0.0521983578801155,0.3024461567401886,0.8415384888648987,0.8416619896888733,0.0220278594642877,0.1720974296331405,0.0234198737889528,0.0508821345865726,0.2616402208805084,0.2940201461315155,0.0590095408260822,0.046131681650877,0.009905494749546,0.4495846033096313,0.719282865524292,0.6668543815612793,0.1040557548403739,0.0166546553373336,0.3531064391136169,0.2648826241493225,0.0519541129469871,0.0311695355921983,,,,,,,
078_WSD_id_50_WebService_tr_2449_1st_2549.csv,0.0411413162946701,0.0129348887130618,0.2062967419624328,0.2466347217559814,0.0443810746073722,0.5668526291847229,0.0173311308026313,0.6987135410308838,0.0382003262639045,0.7448196411132812,0.0493563562631607,0.2228878736495971,0.8577749729156494,0.8599865436553955,0.0694828033447265,0.2423323839902877,0.0475243031978607,0.0527126230299472,0.2681695818901062,0.4991050958633423,0.025985762476921,0.0127847967669367,0.0178679414093494,0.661491870880127,0.7709295153617859,0.4848256707191467,0.0708903893828392,0.026618979871273,0.3133346736431122,0.9079880118370056,0.0514462441205978,0.0545356385409832,,,,,,,
079_WSD_id_51_WebService_tr_4559_1st_10672.csv,0.0022941848728805,0.2690415680408478,0.455350786447525,0.1803774535655975,0.0013074649032205,0.0088053615763783,0.0033223654609173,0.0011523746652528,0.0110821900889277,0.3254545032978058,0.0422067604959011,0.4392753541469574,0.3314754366874695,0.2949659526348114,0.0011884603882208,0.050275158137083,0.0054357470944523,0.9032503366470336,0.0011247768998146,0.1818107664585113,0.1257480978965759,0.0012604884104803,0.0043251747265458,0.0011882095132023,0.2871220707893371,0.0014204108156263,0.0015740820672363,0.0060086976736783,0.1417507529258728,0.2669198513031006,0.0447835996747016,0.0017875222256407,,,,,,,
080_WSD_id_52_WebService_tr_1538_1st_1638.csv,0.0092343930155038,0.1024052947759628,0.3132691979408264,0.2962424159049988,0.0096704186871647,0.0222975704818964,0.0120125049725174,0.0051662027835845,0.0124120581895113,0.9209811091423036,0.3068379461765289,0.3111251294612884,0.1894813925027847,0.1958661824464798,0.0064960080198943,0.0100518362596631,0.2401986271142959,0.8300040364265442,0.0123395044356584,0.3463058173656463,0.5974646806716919,0.005211632233113,0.0351838320493698,0.0069522955454885,0.8020783066749573,0.0352077819406986,0.015113802626729,0.4941586554050445,0.3524239361286163,0.0516064576804637,0.1380143016576767,0.0127105666324496,,,,,,,
081_WSD_id_53_WebService_tr_4559_1st_8448.csv,0.0415778905153274,0.8261055946350098,0.677233099937439,0.168671429157257,0.2601715624332428,0.4884810149669647,0.0600219555199146,0.0367920659482479,0.0161214154213666,0.890601396560669,0.2286619395017624,0.4142979681491852,0.9730238914489746,0.9741567969322203,0.020902793854475,0.2457471489906311,0.4082717895507812,0.8212316036224365,0.013362175785005,0.3078329861164093,0.7875486016273499,0.0090372543781995,0.0520612262189388,0.0317741930484771,0.6591241359710693,0.0272926613688468,0.0281729307025671,0.9016177654266356,0.2507126331329345,0.4436430037021637,0.2268541753292083,0.0894392058253288,,,,,,,
082_WSD_id_54_WebService_tr_4437_1st_4805.csv,0.0100344773381948,0.3862837553024292,0.2819527089595794,0.2234738767147064,0.0114572364836931,0.0709694176912307,0.0289735794067382,0.0051994179375469,0.0049200830981135,0.9513031244277954,0.1625369489192962,0.262791633605957,0.4983623623847961,0.4985658228397369,0.0063611208461225,0.0134564759209752,0.2157280147075653,0.8327652812004089,0.0069440989755094,0.3380286991596222,0.8115414381027222,0.0069767935201525,0.0874785333871841,0.0048693474382162,0.8862749338150024,0.0062021142803132,0.0074113057926297,0.3141511082649231,0.1701140403747558,0.0541567206382751,0.1318754255771637,0.1085230857133865,,,,,,,
084_WSD_id_56_WebService_tr_4559_1st_9616.csv,0.0689747482538223,0.1687646210193634,0.7590582370758057,0.0632771104574203,0.0161787010729312,0.1509110331535339,0.0081976633518934,0.0059250378981232,0.0050831823609769,0.0068528847768902,0.0372893922030925,0.2925035059452057,0.9922767877578736,0.994262993335724,0.006510411389172,0.1225235685706138,0.0196815840899944,0.8874493837356567,0.0120675014331936,0.0942663848400116,0.3004728853702545,0.0147304758429527,0.0121673997491598,0.0071765533648431,0.0073337280191481,0.0070169121026992,0.0075887278653681,0.021087659522891,0.1258510202169418,0.7344146966934204,0.018677145242691,0.0208673886954784,,,,,,,
087_WSD_id_59_WebService_tr_4559_1st_12600.csv,0.0010566607816144,0.0005484945722855,0.2418399304151535,0.2590008676052093,0.0022314516827464,0.0399437397718429,0.0007743286550976,0.0020644455216825,0.0006438547279685,0.9681255221366882,0.0007716519176028,0.3313281238079071,0.3008717596530914,0.4436500370502472,0.0014295098371803,0.008895706385374,0.0007113402243703,0.9364915490150452,0.0010834039421752,0.2593805193901062,0.084593154489994,0.0027838160749524,0.0007769888616167,0.002115469193086,0.9493070840835572,0.0011228244984522,0.0008274901774711,0.0009620743221603,0.2589698731899261,0.0485006012022495,0.0007496314356103,0.0009062811732292,,,,,,,
088_WSD_id_60_WebService_tr_4548_1st_5596.csv,0.0088812075555324,0.0046820612624287,0.1430169641971588,0.212761178612709,0.0187730360776186,0.0389160439372062,0.0099082374945282,0.0930681526660919,0.0095049012452363,0.8502494692802429,0.0245208982378244,0.2213659435510635,0.4879836440086365,0.4807409942150116,0.1817784756422042,0.0557124689221382,0.0142567548900842,0.5449208617210388,0.0096462005749344,0.3157840073108673,0.0487139336764812,0.0272100735455751,0.0141744818538427,0.1719168424606323,0.6000751256942749,0.2107930779457092,0.0448931530117988,0.0086484169587492,0.2425180375576019,0.3010085821151733,0.0234138648957014,0.0138594917953014,,,,,,,
089_WSD_id_61_WebService_tr_1010_1st_1110.csv,0.1340445727109909,0.666899561882019,0.9541686773300172,0.7439913749694824,0.356072187423706,0.7253900170326233,0.2951227724552154,0.5906062126159668,0.534139096736908,0.1096455976366996,0.3218730688095093,0.8495581150054932,0.884590744972229,0.8841787576675415,0.0955723971128463,0.7538989186286926,0.2629786133766174,0.1114303171634674,0.2201178669929504,0.7033923268318176,0.5971048474311829,0.1140224859118461,0.0753926336765289,0.1590657830238342,0.0554835759103298,0.2710078954696655,0.1384909600019455,0.128724455833435,0.869544267654419,0.785883903503418,0.2994366288185119,0.1092337444424629,241.0,0.0138275288312582,10.954545454545457,22.0,0.0,1.0,17429.0
090_WSD_id_62_WebService_tr_2281_1st_2381.csv,0.0396560057997703,0.24201300740242,0.782668948173523,0.6100848317146301,0.0274138413369655,0.3941684067249298,0.0409935973584651,0.0104211084544658,0.0082789715379476,0.0242146272212266,0.5360444188117981,0.8078867793083191,0.5780497789382935,0.5874143838882446,0.0100009450688958,0.1593096256256103,0.5393701791763306,0.8439556360244751,0.0113196866586804,0.7312221527099609,0.9443405270576476,0.016521830111742,0.0628766268491745,0.0090999891981482,0.1828272491693496,0.0094743724912405,0.0275002121925354,0.3786763548851013,0.7461383938789368,0.6879556775093079,0.4888214468955993,0.0349164679646492,,,,,,,
091_WSD_id_63_WebService_tr_500_1st_363.csv,0.0132031077519059,0.0068719391711056,0.1710540652275085,0.2066018730401992,0.0206423010677099,0.0114353355020284,0.0091731762513518,0.019455038011074,0.0116489464417099,0.7422695159912109,0.0273622758686542,0.1820042580366134,0.368802934885025,0.3685291111469269,0.0092886108905076,0.0213927626609802,0.0234414655715227,0.6796515583992004,0.0118153933435678,0.2321246713399887,0.3352341055870056,0.0115596167743206,0.0100681856274604,0.0120398858562111,0.8291032314300537,0.0133214769884943,0.0127274245023727,0.0147051671519875,0.2332488596439361,0.1620911955833435,0.0274138636887073,0.0262400023639202,,,,,,,
092_WSD_id_64_WebService_tr_500_1st_118.csv,0.0371604114770889,0.774235188961029,0.8291716575622559,0.3483917713165283,0.6940748691558838,0.7119190692901611,0.0929006114602088,0.0172442384064197,0.0064719705842435,0.6406229138374329,0.6734696626663208,0.8815479874610901,0.8863003849983215,0.8864067792892456,0.0078221503645181,0.7557246088981628,0.693690836429596,0.4565241932868957,0.0167800802737474,0.6468993425369263,0.5741379857063293,0.0293197501450777,0.1066066771745681,0.0190371498465538,0.9907341599464417,0.0275624226778745,0.0288130454719066,0.4144075512886047,0.7934136390686035,0.7815406322479248,0.6162656545639038,0.2387187033891677,,,,,,,
093_WSD_id_65_WebService_tr_1125_1st_1225.csv,0.1284351348876953,0.8033150434494019,0.5251305103302002,0.2760895788669586,0.0572524741291999,0.6012793779373169,0.0607525557279586,0.4320925772190094,0.1060308367013931,0.7730814218521118,0.1885194778442382,0.3470285832881927,0.8842817544937134,0.8809341192245483,0.0429296381771564,0.4583381712436676,0.1330412924289703,0.1763021200895309,0.2344485968351364,0.4566196501255035,0.1468983292579651,0.0432287789881229,0.0613774023950099,0.6307178139686584,0.7529425621032715,0.4177397489547729,0.1119430884718895,0.0531912259757518,0.3183943033218384,0.4463313817977905,0.1822223961353302,0.1536619067192077,,,,,,,
094_WSD_id_66_WebService_tr_3309_1st_3914.csv,0.0329411253333091,0.0062823072075843,0.1863069981336593,0.2941457033157348,0.0130928745493292,0.2635765671730041,0.007980354130268,0.3100026249885559,0.089349441230297,0.1105866506695747,0.0176314488053321,0.1967181712388992,0.8674092888832092,0.8557358980178833,0.0201733969151973,0.3776220977306366,0.0228702407330274,0.0267591439187526,0.0527405589818954,0.2428540885448455,0.0220620799809694,0.0189015697687864,0.0199472047388553,0.523493230342865,0.0225235782563686,0.1525814533233642,0.0461399815976619,0.0144760739058256,0.3080363869667053,0.1741680651903152,0.0178516320884227,0.0294587276875972,35.0,0.002644103648863,11.666666666666666,3.0,0.0,1.0,13237.0
095_WSD_id_67_WebService_tr_2182_1st_2282.csv,0.0011278830934315,0.1515744626522064,0.2655210793018341,0.5005638599395752,0.0011278830934315,0.0590773485600948,0.0013826098293066,0.0004499419010244,0.0005259942845441,0.9914202094078064,0.2865199446678161,0.4292159378528595,0.4054348766803741,0.3729830384254455,0.0006294510094448,0.5837613940238953,0.7866091132164001,0.9857072830200196,0.000569219875615,0.302194595336914,0.9420101642608644,0.0005317131872288,0.0065033007413148,0.0005659802118316,0.959223449230194,0.0011176425032317,0.0012576499721035,0.9714100956916808,0.2865199446678161,0.3731309175491333,0.1766386777162552,0.2850900590419769,,,,,,,
096_WSD_id_68_WebService_tr_1341_1st_1441.csv,0.0330213829874992,0.5449492931365967,0.1855672299861908,0.3783233165740967,0.0252041965723037,0.2852833569049835,0.0130807040259242,0.7449724674224854,0.0476269870996475,0.7183625102043152,0.0262314658612012,0.1761374771595001,0.3874964118003845,0.3837300539016723,0.0513787865638732,0.3670994341373443,0.036973301321268,0.0292630158364772,0.114992581307888,0.2810706496238708,0.0088513661175966,0.0131637705489993,0.0129749234765768,0.6906615495681763,0.7108759880065918,0.1897445172071457,0.0939225554466247,0.0239624828100204,0.3487913310527801,0.1895627528429031,0.0269348565489053,0.0566262081265449,,,,,,,
097_WSD_id_69_WebService_tr_4520_1st_6465.csv,0.0466564856469631,0.0629583969712257,0.2340184152126312,0.2774231731891632,0.1642550081014633,0.2783490419387817,0.0589843802154064,0.639430820941925,0.0745565593242645,0.713181734085083,0.071807287633419,0.2250016927719116,0.8644759654998779,0.7682710886001587,0.0149549646303057,0.3286097347736358,0.0706682130694389,0.0485785491764545,0.2629606127738952,0.3994775712490082,0.0059790364466607,0.0101512959226965,0.0689218267798423,0.5353710651397705,0.7298888564109802,0.4876936674118042,0.0625514611601829,0.0187825132161378,0.3739493489265442,0.1887591630220413,0.0769470781087875,0.0887247696518898,,,,,,,
098_WSD_id_70_WebService_tr_3575_1st_3675.csv,0.0241738203912973,0.0030287920963019,0.3422504663467407,0.3890976011753082,0.0289023574441671,0.4340448975563049,0.0037659222725778,0.03861103951931,0.2085224092006683,0.5998069047927856,0.0197251494973897,0.3421532809734344,0.8513177037239075,0.8724972605705261,0.0056281667202711,0.3016475439071655,0.0178471859544515,0.021706860512495,0.0702356174588203,0.8148554563522339,0.0102378539741039,0.0021424673032015,0.0104867070913314,0.3776018619537353,0.6014142632484436,0.6507025957107544,0.0249329023063182,0.0082148537039756,0.7333436012268066,0.3113181591033935,0.0176015254110097,0.0151508022099733,,,,,,,
099_WSD_id_71_WebService_tr_4559_1st_14411.csv,0.0049909120425581,0.0067755486816167,0.1312517970800399,0.1145094558596611,0.0068993885070085,0.0201358962804079,0.0072014266625046,0.2099830955266952,0.0077790622599422,0.0782049000263214,0.0102604487910866,0.1249762997031211,0.7297466397285461,0.7673834562301636,0.0094495462253689,0.0539893247187137,0.0090452739968895,0.0050255712121725,0.0137983122840523,0.1641245633363723,0.2115237563848495,0.0069808647967875,0.0198161974549293,0.2466600686311721,0.0500661917030811,0.2391843795776367,0.088175281882286,0.0057728346437215,0.0985361486673355,0.0791573598980903,0.0101555474102497,0.0121147371828556,41.0,0.0022483000658039,20.5,2.0,0.0,1.0,18236.0
101_WSD_id_73_WebService_tr_1513_1st_1613.csv,0.0097282072529196,0.7423843145370483,0.9541002511978148,0.0201628152281045,0.0547360479831695,0.8900636434555054,0.0817639157176017,0.0080938274040818,0.0109748216345906,0.8030562400817871,0.6596344113349915,0.4429228901863098,0.95646071434021,0.9619029760360718,0.0091313486918807,0.4259727597236633,0.6734306216239929,0.277972400188446,0.0120812747627496,0.138594314455986,0.4083442091941833,0.2736067473888397,0.0403223820030689,0.0085905948653817,0.8233306407928467,0.0066703441552817,0.0407436713576316,0.2195866703987121,0.0710218474268913,0.9153303503990172,0.6596989035606384,0.9728348851203918,,,,,,,
104_WSD_id_76_WebService_tr_3047_1st_3147.csv,0.0836739465594291,0.0852331146597862,0.2464856654405594,0.3887455761432647,0.0780459567904472,0.5172026753425598,0.0423467643558979,0.4425399899482727,0.0692788511514663,0.7177862524986267,0.0621968284249305,0.2815350294113159,0.7882934808731079,0.78768390417099,0.0660149678587913,0.230384886264801,0.0566852949559688,0.0867164209485054,0.4521562755107879,0.384753406047821,0.0722804516553878,0.0322608426213264,0.040996566414833,0.4694692194461822,0.7244523763656616,0.5251078605651855,0.1527174264192581,0.0514764934778213,0.358262836933136,0.3052167594432831,0.0611163973808288,0.0663480013608932,,,,,,,
106_WSD_id_78_WebService_tr_3363_1st_3463.csv,0.0296233166009187,0.0308167673647403,0.4814547002315521,0.1425420045852661,0.5213189721107483,0.400457501411438,0.9167178869247437,0.0234840270131826,0.0305641610175371,0.2037463337182998,0.6069179177284241,0.3392719328403473,0.9355973601341248,0.9456203579902648,0.0180725585669279,0.1137322857975959,0.504692554473877,0.0296233166009187,0.0298301149159669,0.288634330034256,0.5040460228919983,0.0235181953758001,0.0196559838950634,0.0219864454120397,0.0230970904231071,0.0235388036817312,0.0218170210719108,0.3594444394111633,0.1426826268434524,0.3833399713039398,0.5990191698074341,0.4608478546142578,221.0,0.0121188857205527,73.66666666666667,3.0,0.0,1.0,18236.0
107_WSD_id_79_WebService_tr_1095_1st_1195.csv,0.0535787753760814,0.7232402563095093,0.441786915063858,0.1628458648920059,0.1331185102462768,0.2949930131435394,0.0696413815021514,0.0783940702676773,0.2932368814945221,0.7228936553001404,0.0660255327820777,0.312876433134079,0.928327739238739,0.9292250871658324,0.1962002366781234,0.2940535247325897,0.0562115274369716,0.4947040975093841,0.2086011916399002,0.176596462726593,0.3999694287776947,0.285765141248703,0.0692804381251335,0.2294202893972396,0.6784781813621521,0.0611931681632995,0.1151584908366203,0.0522620752453804,0.2532396018505096,0.2760103642940521,0.0653023049235344,0.0392768047749996,,,,,,,
108_WSD_id_80_WebService_tr_2368_1st_2468.csv,0.0925478339195251,0.0596595034003257,0.2539612352848053,0.3010141253471374,0.0655241757631301,0.3886952996253967,0.034565657377243,0.5086172223091125,0.3760941624641418,0.7280659675598145,0.1027401834726333,0.2321877181529998,0.8056352734565735,0.7906394600868225,0.070413663983345,0.229658842086792,0.107031412422657,0.1246491149067878,0.2991311252117157,0.3269767761230469,0.079909399151802,0.0391386821866035,0.0363904312252998,0.5520758032798767,0.7375345230102539,0.5064913630485535,0.1276660412549972,0.0549317263066768,0.3189550936222076,0.5244032740592957,0.1043277010321617,0.1109393909573555,,,,,,,
113_WSD_id_85_WebService_tr_500_1st_335.csv,0.0519118681550025,0.0164143666625022,0.2231267243623733,0.2950166463851928,0.0776534676551818,0.1031560897827148,0.0595003254711627,0.4127953052520752,0.3225260972976684,0.097413569688797,0.0787649005651474,0.2449443936347961,0.8816705942153931,0.8760297894477844,0.0626202300190925,0.2121267169713974,0.069641426205635,0.0524543598294258,0.3156484067440033,0.3964183926582336,0.0534944906830787,0.0294543486088514,0.0249446257948875,0.649094820022583,0.0355892181396484,0.7160223722457886,0.0214793514460325,0.0307283792644739,0.2949926853179931,0.9429903030395508,0.0781713053584098,0.0640398040413856,113.0,0.00619449621752,14.125,8.0,0.0,1.0,18242.0
114_WSD_id_86_WebService_tr_500_1st_403.csv,0.0518664419651031,0.0099731683731079,0.2598985731601715,0.3251611292362213,0.0568929836153984,0.2768236100673675,0.0176796503365039,0.6467031836509705,0.5521597266197205,0.708930492401123,0.0483594462275505,0.2515610158443451,0.8338498473167419,0.8299403190612793,0.0340669117867946,0.4654792249202728,0.0521901249885559,0.0532769076526165,0.4783580899238586,0.3515014946460724,0.0367194190621376,0.0254238415509462,0.0164497625082731,0.6038084030151367,0.7100613117218018,0.4072815775871277,0.0194025430828332,0.0305290967226028,0.3504697978496551,0.2326539903879165,0.0482418686151504,0.0652831569314003,,,,,,,
115_WSD_id_87_WebService_tr_2252_1st_2352.csv,0.0228976644575595,0.0531603321433067,0.170139193534851,0.2520269155502319,0.0354555957019329,0.0215895399451255,0.0177859589457511,0.0508230067789554,0.0238516293466091,0.9166155457496644,0.0540347211062908,0.1831990182399749,0.4775934815406799,0.4747043251991272,0.0113283907994627,0.0320476256310939,0.0494590774178504,0.7974579334259033,0.0361834801733493,0.2537729740142822,0.3119008243083954,0.0101131629198789,0.0180152896791696,0.0260708928108215,0.9034199714660645,0.1775379776954651,0.0306384339928627,0.0261354874819517,0.2517195641994476,0.080713465809822,0.0529206879436969,0.0465372316539287,,,,,,,
116_WSD_id_88_WebService_tr_3934_1st_13861.csv,0.0070646470412611,0.6129435896873474,0.6514152884483337,0.8245783448219299,0.2880519926548004,0.4395843744277954,0.0009084193734452,0.0023601227439939,0.001959336688742,0.7105253338813782,0.2037294805049896,0.7761250138282776,0.7676482200622559,0.7414399981498718,0.0060842274688184,0.2555705606937408,0.0043186265975236,0.0279178414493799,0.0244284681975841,0.6023083925247192,0.0369286835193634,0.0014843314420431,0.0009164298535324,0.0399287827312946,0.997633457183838,0.0092016253620386,0.0111296344548463,0.0010129662696272,0.7032593488693237,0.5437626242637634,0.1750312149524688,0.0013646959559991,,,,,,,
117_WSD_id_89_WebService_tr_3251_1st_3351.csv,0.0005324005614966,0.0594422332942485,0.3381228446960449,0.6673272252082825,0.0017728821840137,0.1047773361206054,0.0841458067297935,0.000343595049344,0.0005625103367492,0.0026697486173361,0.3339565396308899,0.3361325562000274,0.1204511523246765,0.0383637472987175,0.0005995248211547,0.2273558974266052,0.0054981643334031,0.0005324005614966,0.0002869700838346,0.3351190090179443,0.4059890508651733,0.0005701538757421,0.0006325430003926,0.0004542205715551,0.0003876111295539,0.000555551960133,0.0005959558766335,0.0041673015803098,0.6670472025871277,0.0021634874865412,0.1219689771533012,0.0027606913354247,3.0,0.0001831949193942,3.0,1.0,0.0,1.0,16376.0
118_WSD_id_90_WebService_tr_4559_1st_6317.csv,0.0087229991331696,0.001131645636633,0.3445040881633758,0.3370422422885895,0.104342296719551,0.4476978778839111,0.0006117228185757,0.0987116917967796,0.376709908246994,0.7723572850227356,0.0014493267517536,0.3368642330169678,0.8496115803718567,0.832631528377533,0.0431699231266975,0.1975494474172592,0.0013649241300299,0.0160264000296592,0.0135930543765425,0.6555556654930115,0.0004868548130616,0.0095621170476078,0.0005997709231451,0.4831955432891845,0.7778334617614746,0.5123770236968994,0.1223540157079696,0.0008647598442621,0.6698324680328369,0.2294177711009979,0.0015530291711911,0.0029038190841674,,,,,,,
120_WSD_id_92_WebService_tr_2329_1st_2429.csv,0.0665146335959434,0.0291070863604545,0.266780287027359,0.3780882656574249,0.2739113867282867,0.4418924748897552,0.0534044131636619,0.4676787853240967,0.303777813911438,0.7334830164909363,0.140071228146553,0.2789032459259033,0.8263892531394958,0.8136447072029114,0.0442422516644001,0.3951351940631866,0.1402447968721389,0.0781331062316894,0.4572707414627075,0.3454631567001343,0.0443827621638774,0.0312026608735322,0.0494394153356552,0.4497379958629608,0.7338405847549438,0.4606549143791199,0.0809161439538002,0.0402308665215969,0.3789471983909607,0.6117168664932251,0.1407104581594467,0.1120768189430236,,,,,,,
121_WSD_id_93_WebService_tr_4559_1st_11749.csv,0.0066963140852749,0.0028515909798443,0.1660308986902237,0.1697566360235214,0.0110694169998168,0.1119294166564941,0.00297731324099,0.0307674426585435,0.0080017913132905,0.9158861041069032,0.0107580320909619,0.1759509146213531,0.6204845905303955,0.559860348701477,0.0039176861755549,0.1382494121789932,0.0101267145946621,0.743602991104126,0.019837237894535,0.182745948433876,0.5693029165267944,0.0199711173772811,0.0035138232633471,0.099719725549221,0.6204667091369629,0.3433908820152282,0.0344067923724651,0.0066047389991581,0.1413294821977615,0.2167638838291168,0.0110093913972377,0.010658704675734,,,,,,,
123_WSD_id_95_WebService_tr_4559_1st_4901.csv,0.0416369400918483,0.0116152707487344,0.2325305342674255,0.2352176010608673,0.1774167567491531,0.5740413069725037,0.060218472033739,0.0740228965878486,0.0738741606473922,0.603508710861206,0.0627457126975059,0.2615679204463959,0.6343111991882324,0.496967077255249,0.022928450256586,0.5158854126930237,0.0641437545418739,0.1339816302061081,0.02035310305655,0.4625938832759857,0.0514004863798618,0.0575818940997123,0.0610336363315582,0.0835657268762588,0.6005716323852539,0.3745505213737488,0.0495424196124076,0.0416360683739185,0.3976273834705353,0.20984648168087,0.0618946701288223,0.0625092610716819,,,,,,,
124_WSD_id_96_WebService_tr_4559_1st_14350.csv,0.0008619539439678,0.2106458991765976,0.6156755089759827,0.4941136538982391,0.0008050466421991,0.0583626627922058,0.0013926962856203,0.0003673236642498,0.0003862793673761,0.2467872500419616,0.4876128435134887,0.5229914784431458,0.18413707613945,0.2008063495159149,0.0007998746586963,0.0008318020263686,0.6042990684509277,0.9637251496315002,0.2061147838830948,0.6025923490524292,0.5497592091560364,0.0008791275322437,0.0235317219048738,0.0003867877821903,0.0084914555773139,0.0003256080090068,0.1050308048725128,0.7074461579322815,0.6086288690567017,0.0021959354635328,0.4584625661373138,0.0017888204893097,,,,,,,
125_WSD_id_97_WebService_tr_2217_1st_2317.csv,0.0227796919643878,0.0128212878480553,0.1720508784055709,0.2128090858459472,0.0240440014749765,0.0528344735503196,0.0169601906090974,0.0615030042827129,0.0131873982027173,0.0664937794208526,0.0356669276952743,0.170768454670906,0.5739763975143433,0.570195734500885,0.0167740192264318,0.0821392610669136,0.0329302139580249,0.0227524153888225,0.1156098991632461,0.2468821108341217,0.2484035044908523,0.0131429769098758,0.011662071570754,0.0411800853908062,0.0108917960897088,0.4222781062126159,0.0471747778356075,0.0212167631834745,0.2090808749198913,0.2328484654426574,0.0357516296207904,0.034076489508152,162.0,0.0088767123287671,16.2,10.0,0.0,1.0,18250.0
126_WSD_id_98_WebService_tr_657_1st_757.csv,0.0285169817507267,0.213069885969162,0.579999566078186,0.6026852130889893,0.0337428599596023,0.2650653719902038,0.0423545092344284,0.0120270308107137,0.0117787914350628,0.0274651944637298,0.2727145850658417,0.7824010252952576,0.449576199054718,0.4542944133281708,0.0111613180488348,0.3982428014278412,0.2058019787073135,0.8107898235321045,0.0129802394658327,0.7067120671272278,0.9267209768295288,0.0310905370861291,0.0858446806669235,0.0117696234956383,0.3321655392646789,0.017134852707386,0.0287475772202014,0.2007504850625991,0.7516183853149414,0.4537373781204223,0.2221325188875198,0.038151130080223,,,,,,,
127_WSD_id_99_WebService_tr_1164_1st_1264.csv,0.0680687204003334,0.4293953478336334,0.2658500373363495,0.3510927557945251,0.2157677263021469,0.6067586541175842,0.0567964687943458,0.3869573175907135,0.046677928417921,0.7234838604927063,0.1216440424323082,0.2840128540992737,0.8473125696182251,0.8408712148666382,0.0434603542089462,0.3268412351608276,0.1146807223558425,0.1293611079454422,0.1413201987743377,0.4362460076808929,0.0699130892753601,0.0268423315137624,0.0538565181195735,0.4194332957267761,0.7150176763534546,0.3876475393772125,0.1005494222044944,0.0571842081844806,0.4017415940761566,0.2904435396194458,0.1215307116508483,0.1211267262697219,,,,,,,
131_WSD_id_103_WebService_tr_4573_1st_7021.csv,0.0020948485471308,0.3470574617385864,0.1377098858356475,0.0830120742321014,0.0138236107304692,0.00899029802531,0.4543847143650055,0.0018176637822762,0.0009123285999521,0.5628332495689392,0.4392859041690826,0.0878863707184791,0.0732794553041458,0.0542248822748661,0.001082565402612,0.0411924421787261,0.6711668372154236,0.4005924761295318,0.0009740949026308,0.0883333906531333,0.0231874324381351,0.0006799433031119,0.5117047429084778,0.003188467118889,0.0627221390604972,0.0115091670304536,0.0084949620068073,0.8475726842880249,0.0815578773617744,0.0434453152120113,0.4290455877780914,0.5035178661346436,,,,,,,
132_WSD_id_104_WebService_tr_4037_1st_4137.csv,0.0595584027469158,0.6656937599182129,0.4848023355007171,0.2467912882566452,0.3744272291660309,0.3975470960140228,0.0394947975873947,0.0190324243158102,0.0090178307145833,0.8481343388557434,0.3002054095268249,0.4356348812580108,0.9404083490371704,0.9348467588424684,0.0044456552714109,0.3765915036201477,0.5283185243606567,0.5886479020118713,0.015051026828587,0.3134790360927582,0.1475108861923217,0.0035131585318595,0.0341581627726554,0.0174882672727108,0.9008133411407472,0.026789491996169,0.0307749398052692,0.145017609000206,0.4250097870826721,0.7327708601951599,0.2705152630805969,0.0411864593625068,,,,,,,
134_WSD_id_106_WebService_tr_4559_1st_7990.csv,0.043757639825344,0.519547700881958,0.394692987203598,0.1190127655863761,0.2657205164432525,0.500540554523468,0.014883448369801,0.0355563536286354,0.0204895921051502,0.71205073595047,0.1988640576601028,0.265275627374649,0.906217396259308,0.8958714604377747,0.0072476910427212,0.5441268086433411,0.3472039401531219,0.5374515652656555,0.0571946129202842,0.2882117629051208,0.6848095059394836,0.0067280284129083,0.0152877699583768,0.0251354556530714,0.3553634881973266,0.0279795862734317,0.0254128910601139,0.3181513249874115,0.2254999727010727,0.7283419966697693,0.1929799914360046,0.0150733608752489,,,,,,,
135_WSD_id_107_WebService_tr_3779_1st_3879.csv,0.007336554583162,0.299900472164154,0.6208268404006958,0.531643807888031,0.0064331977628171,0.087190493941307,0.2893365025520324,0.0030538737773895,0.0027955051045864,0.8729314804077148,0.7507576942443848,0.7667803764343262,0.4383939206600189,0.4451839029788971,0.003230741713196,0.2059761583805084,0.5781908631324768,0.6974296569824219,0.0036951988004148,0.6067472100257874,0.6952709555625916,0.0036357236094772,0.4506939947605133,0.002601864747703,0.7836673259735107,0.0033645399380475,0.0102054439485073,0.5446114540100098,0.5975464582443237,0.3375560641288757,0.6763460040092468,0.2229762077331543,,,,,,,
136_WSD_id_108_WebService_tr_3414_1st_3514.csv,0.0680249482393264,0.7662205100059509,0.8461868166923523,0.2996793389320373,0.4319078922271728,0.7375320792198181,0.2991640865802765,0.0494011864066123,0.0303483046591281,0.7796844840049744,0.4996999204158783,0.5539997220039368,0.9287012219429016,0.9317247867584229,0.0335291996598243,0.6647734045982361,0.5097431540489197,0.5188260078430176,0.061355635523796,0.6263431906700134,0.6433606743812561,0.0178313720971345,0.3181523978710174,0.0508446916937828,0.8645437359809875,0.0692556649446487,0.0554868690669536,0.5969208478927612,0.3449740409851074,0.5240094661712646,0.4746432900428772,0.2409495264291763,,,,,,,
137_WSD_id_109_WebService_tr_4559_1st_14404.csv,0.0060126301832497,0.003680900670588,0.1077133640646934,0.1020603626966476,0.0068884184584021,0.0285394862294197,0.006066832691431,0.1211531236767768,0.0059247859753668,0.052293486893177,0.011350804939866,0.0957578048110008,0.8054105639457703,0.7825537919998169,0.0064913188107311,0.0580147840082645,0.0100650740787386,0.0060126301832497,0.0074131144210696,0.1399842500686645,0.0814877077937126,0.024907287210226,0.0119681451469659,0.2058476656675338,0.1633525341749191,0.3020870685577392,0.0730913206934928,0.0072232354432344,0.1040029153227806,0.1915529370307922,0.0113823618739843,0.0131663242354989,59.0,0.0032353586312787,29.5,2.0,0.0,1.0,18236.0
139_WSD_id_111_WebService_tr_1701_1st_1801.csv,0.0588929131627082,0.7221940755844116,0.8123582601547241,0.350115954875946,0.3474898338317871,0.6639132499694824,0.5844365954399109,0.0395846515893936,0.0199124068021774,0.4612087607383728,0.5129442811012268,0.6686107516288757,0.7662315964698792,0.7670064568519592,0.016529444605112,0.4589126408100128,0.6277071833610535,0.0478641241788864,0.0300133805721998,0.6594070792198181,0.5290523767471313,0.0135220829397439,0.0119427843019366,0.0363285429775714,0.0437198244035244,0.0414517372846603,0.0428219735622406,0.449172705411911,0.5569589734077454,0.6655827164649963,0.475012868642807,0.1444670855998993,87.0,0.0047331483597192,10.875,8.0,0.0,1.0,18381.0
140_MSL_id_1_Sensor_tr_530_1st_630.csv,0.0935817211866378,0.8277055621147156,0.1010727956891059,0.1018020138144493,0.0949609577655792,0.2359119057655334,0.1010727956891059,0.999695897102356,0.9999029040336608,0.1010727956891059,0.1010727956891059,0.1010727956891059,0.5730095505714417,0.5730095505714417,0.9969019889831544,0.1010727956891059,0.1334327906370163,0.0935817211866378,0.1870057880878448,0.1010727956891059,0.1189765259623527,0.9969019889831544,0.9974578022956848,0.9969019889831544,0.9969019889831544,0.0,0.9969019889831544,0.9969019889831544,0.1085638627409935,0.1085638627409935,0.1606558859348297,0.4971124529838562,121.0,0.0497942386831275,121.0,1.0,0.0,1.0,2430.0
141_MSL_id_2_Sensor_tr_500_1st_550.csv,0.3438520729541778,0.3637212216854095,0.5454990267753601,0.3163914084434509,0.3574676513671875,0.5163713693618774,0.4479885399341583,0.3843601047992706,0.6965974569320679,0.3023906350135803,0.2604855895042419,0.387835294008255,0.6189495921134949,0.614080011844635,0.5757012963294983,0.5177237391471863,0.2860575020313263,0.3064583241939544,0.4779765605926513,0.3904950618743896,0.2697955071926117,0.2140506207942962,0.2481552958488464,0.3457872569561004,0.6325844526290894,0.5328378081321716,0.3599008321762085,0.6954877972602844,0.3244385421276092,0.5396533608436584,0.2915620505809784,0.2109387069940567,312.0,0.1378091872791519,156.0,2.0,0.0,1.0,2264.0
142_MSL_id_3_Sensor_tr_1525_1st_4575.csv,0.057644460350275,0.7524986863136292,0.492021232843399,0.0859588012099266,0.5408797860145569,0.9120884537696838,0.8528309464454651,0.0203563626855611,0.029452396556735,0.5711973905563354,0.4945486187934875,,0.8383080959320068,0.8356956243515015,0.0218208227306604,0.9375179409980774,0.4848818182945251,0.9632073044776917,0.0279921572655439,0.1288889050483703,0.9119420647621156,0.222028911113739,0.8568161129951477,0.0202378835529088,0.4663119614124298,0.0253228619694709,0.0961141288280487,0.2293721139430999,0.3034999072551727,0.4502224326133728,0.4863052666187286,0.3038415312767029,,,,,,,
143_MSL_id_4_Sensor_tr_980_1st_3550.csv,0.1229298338294029,0.3935469686985016,0.7546725869178772,0.112045906484127,0.6410426497459412,0.7927955389022827,0.6220400333404541,0.0508618019521236,0.1264906674623489,0.1079707816243171,0.6771055459976196,0.5603978633880615,0.8601127862930298,0.8583946824073792,0.0961279869079589,0.3170245587825775,0.616527259349823,0.0944606438279151,0.333930641412735,0.5806166529655457,0.7686179876327515,0.0691670551896095,0.0879144668579101,0.0772567316889762,0.0723195523023605,0.0672957524657249,0.1482047885656356,0.9947909712791444,0.1584155708551406,0.5093775987625122,0.5965163111686707,0.9999891519546508,151.0,0.0385007649158592,151.0,1.0,0.0,1.0,3922.0
146_MSL_id_7_Sensor_tr_554_1st_1172.csv,0.068171314895153,0.0412842668592929,0.1342496573925018,0.1135508567094802,0.1340780258178711,0.1094125285744667,0.5677602887153625,0.0342267639935016,0.0312020741403102,0.1075469553470611,0.1127279177308082,,0.9246557354927064,0.9203346967697144,0.0563133209943771,0.1394597291946411,0.0708983391523361,0.424478679895401,0.0320584550499916,0.1063196659088134,0.0367737486958503,0.0439600050449371,0.5975131988525391,0.0344947725534439,0.1335386931896209,0.1226522400975227,0.0328963808715343,0.9562050104141236,0.096034899353981,0.2232201844453811,0.0889461860060691,0.1202825456857681,,,,,,,
147_MSL_id_8_Sensor_tr_590_1st_690.csv,0.1912786960601806,0.2401289790868759,0.2210414409637451,0.2120415717363357,0.178767904639244,0.695902407169342,0.3641456961631775,0.2067680060863495,0.1033901572227478,0.2858413159847259,0.2228493243455886,0.38355353474617,0.6164777278900146,0.6185353398323059,0.3682206273078918,0.2654636800289154,0.154973104596138,0.1912786960601806,0.2287933528423309,0.1524154543876648,0.186224952340126,0.2424012869596481,0.2174540311098098,0.2601115107536316,0.1884267926216125,0.2408355623483657,0.2392255663871765,0.1401282995939254,0.3219529390335083,0.3161420226097107,0.1813314706087112,0.1623084992170334,252.0,0.1037037037037037,126.0,2.0,0.0,1.0,2430.0
148_MSL_id_9_Sensor_tr_883_1st_1238.csv,0.1830909550189972,0.064816914498806,0.261895477771759,0.1649860143661499,0.0869079753756523,0.35421022772789,0.4643614292144775,0.1672508120536804,0.125132530927658,0.1934714764356613,0.3827189207077026,0.2801327407360077,0.8427281379699707,0.8337140083312988,0.1538887172937393,0.2015454322099685,0.5056738257408142,0.0836528316140174,0.2079596817493438,0.2636027932167053,0.3746224343776703,0.1098512709140777,0.1192047074437141,0.131431296467781,0.1576793193817138,0.2033225446939468,0.1014494001865387,0.8008225560188293,0.1610388159751892,0.28081876039505,0.0625772103667259,0.0637788400053978,228.0,0.0644978783592645,114.0,2.0,0.0,1.0,3535.0
149_Stock_id_1_Finance_tr_500_1st_7.csv,0.8600403070449829,0.8282014727592468,0.9991589188575744,0.9955938458442688,0.8936288356781006,0.8740476965904236,0.996975302696228,0.8526472449302673,0.8576667308807373,0.861130952835083,0.9360480904579164,0.9987416863441468,0.9148956537246704,0.9151874780654908,0.8100961446762085,0.8705460429191589,0.9300492405891418,0.8613699674606323,0.8646880984306335,0.999544084072113,0.8679073452949524,0.7836771011352539,0.7762671709060669,0.849299430847168,0.8312280178070068,0.8509684801101685,0.8334937691688538,0.9015074372291564,0.9933335185050964,0.8860735893249512,0.9059595465660096,0.8536568284034729,981.0,0.04905,1.0537056928034372,931.0,1.0,1.0,20000.0
150_Stock_id_2_Finance_tr_500_1st_7.csv,0.8104569315910339,0.8390577435493469,0.9085004925727844,0.9964361786842346,0.8234634399414062,0.8108008503913879,0.8229634165763855,0.8047630786895752,0.8393429517745972,0.8748228549957275,0.9032973647117616,0.9920654296875,0.8534114360809326,0.8526115417480469,0.814433217048645,0.8138245940208435,0.8643243312835693,0.8632097840309143,0.8259992003440857,0.9978324770927428,0.8368113040924072,0.8009684681892395,0.8367313146591187,0.8479024767875671,0.8606822490692139,0.8060619831085205,0.8139965534210205,0.8759527802467346,0.9980144500732422,0.8169384002685547,0.8271837830543518,0.8032059669494629,,,,,,,
151_Stock_id_3_Finance_tr_500_1st_62.csv,0.8653751611709595,0.7604671120643616,0.950747013092041,0.9916982650756836,0.8876588344573975,0.8947032690048218,0.9965335130691528,0.9197973012924194,0.8776063919067383,0.8735194206237793,0.9431960582733154,0.9754305481910706,0.918451189994812,0.9181666374206544,0.870562732219696,0.886477530002594,0.9143540859222412,0.869681715965271,0.8628947138786316,0.9986637830734252,0.8513972759246826,0.7767594456672668,0.7711803317070007,0.8299458622932434,0.8692501187324524,0.8990471363067627,0.8490803837776184,0.8988556861877441,0.9961504936218262,0.8930753469467163,0.9123704433441162,0.8749180436134338,487.0,0.0487,1.0518358531317495,463.0,1.0,1.0,10000.0
152_Stock_id_4_Finance_tr_500_1st_2.csv,0.9224141836166382,0.936187744140625,0.9989063143730164,0.995799958705902,0.9235938787460328,0.927074372768402,0.9332703351974488,0.93107408285141,0.9326982498168944,0.9379834532737732,0.9661121368408204,,0.9412837028503418,0.9413309693336488,0.9322926998138428,0.9342729449272156,0.9552341103553772,0.93704092502594,0.9287574291229248,0.9998760223388672,0.9259222745895386,0.921116292476654,0.9313576221466064,0.9299455285072328,0.931230127811432,0.926748514175415,0.9290258288383484,0.9394853115081788,0.9968307018280028,0.9258219003677368,0.9337269067764282,0.9206218719482422,,,,,,,
153_Stock_id_5_Finance_tr_500_1st_1.csv,0.8678650856018066,0.8498388528823853,0.9480677247047424,0.9909778237342834,0.883614718914032,0.8768870830535889,0.8797798752784729,0.8565115928649902,0.8779916763305664,0.8979293704032898,0.9455790519714355,0.97535640001297,0.9202944040298462,0.9204710721969604,0.8651215434074402,0.8799157738685608,0.9038177132606506,0.8867248296737671,0.8819407820701599,0.9987945556640624,0.8746420741081238,0.8614051938056946,0.8758643269538879,0.8608638644218445,0.8650457262992859,0.8806244134902954,0.8696720004081726,0.8883273601531982,0.9966843128204346,0.8915159106254578,0.911952555179596,0.866437554359436,,,,,,,
154_Stock_id_6_Finance_tr_500_1st_38.csv,0.6917944550514221,0.6224702596664429,0.9986993670463562,0.990039587020874,0.7426907420158386,0.7263257503509521,0.7229339480400085,0.7155012488365173,0.4823719263076782,0.689713716506958,0.8570716381072998,0.9976310729980468,0.7961903214454651,0.7962403297424316,0.4254508018493652,0.7023375630378723,0.8329998254776001,0.7992813587188721,0.5375345945358276,0.9992374777793884,0.7409766912460327,0.4325224459171295,0.727832555770874,0.7022427320480347,0.7613609433174133,0.6946524977684021,0.6909452676773071,0.8198545575141907,0.98490309715271,0.7883703708648682,0.7793471813201904,0.6932020783424377,,,,,,,
155_Stock_id_7_Finance_tr_500_1st_18.csv,0.9219974875450134,0.8909982442855835,0.969736874103546,0.9976760745048524,0.9397894144058228,0.9293404221534728,0.9980781674385072,0.9028012156486512,0.9388290047645568,0.9248313307762146,0.972728669643402,0.9990159869194032,0.955490231513977,0.9555019736289978,0.9364719986915588,0.9356980323791504,0.9645535945892334,0.9254695773124696,0.9287269711494446,0.9997376799583436,0.908357322216034,0.9193020462989808,0.908778190612793,0.903649091720581,0.9044673442840576,0.9219245314598083,0.8909637331962585,0.9434763193130492,0.9964955449104308,0.937068521976471,0.9524015784263612,0.9252973198890686,973.0,0.04865,1.053030303030303,924.0,1.0,1.0,20000.0
157_Stock_id_9_Finance_tr_500_1st_19.csv,0.6795466542243958,0.7182811498641968,0.9117504954338074,0.9948843717575072,0.6927812099456787,0.6838380098342896,0.7102798819541931,0.6848607659339905,0.7145346403121948,0.6274728178977966,0.8268626928329468,0.9887065887451172,0.7409918308258057,0.740540623664856,0.61176598072052,0.701036810874939,0.786325991153717,0.7931439280509949,0.6645352244377136,0.996903657913208,0.7552889585494995,0.5491952896118164,0.7775463461875916,0.7071164846420288,0.7511717081069946,0.6919113397598267,0.663303017616272,0.8175127506256104,0.9968428015708924,0.6920590996742249,0.6978551149368286,0.6826571226119995,,,,,,,
158_Stock_id_10_Finance_tr_500_1st_2.csv,0.6917631030082703,0.6339678168296814,0.9840765595436096,0.9865957498550416,0.7572664022445679,0.723624587059021,0.7413791418075562,0.636718213558197,0.5347750186920166,0.7802029848098755,0.8637384176254272,0.9963611364364624,0.8055903315544128,0.8055793642997742,0.4346462488174438,0.7471428513526917,0.8353642225265503,0.8054494857788086,0.5564937591552734,0.9985702633857728,0.7101168036460876,0.4448039829730987,0.7521500587463379,0.4842115938663482,0.7919307947158813,0.6264297366142273,0.6460828185081482,0.8266528844833374,0.9838256239891052,0.7892276644706726,0.7815290093421936,0.670788049697876,,,,,,,
159_Stock_id_11_Finance_tr_500_1st_5.csv,0.9676457047462464,0.974311113357544,0.999898374080658,0.9985130429267884,0.9706416726112366,0.9691659212112428,0.9724411368370056,0.9715461134910583,0.9695253968238832,0.971384048461914,0.986271321773529,0.9998301863670348,0.9757874011993408,0.9756550192832948,0.9685049653053284,0.9690822958946228,0.9824147820472716,0.9717577695846558,0.9682812094688416,0.99996680021286,0.966044545173645,0.9710978269577026,0.9693507552146912,0.9736969470977784,0.9738721251487732,0.9669910073280334,0.964509904384613,0.971643328666687,0.9987950325012208,0.969726026058197,0.9718456864356996,0.9670157432556152,,,,,,,
161_Stock_id_13_Finance_tr_500_1st_3.csv,0.2650094628334045,0.2670364081859588,0.9742761850357056,0.9251973628997804,0.2853134870529175,0.2876963913440704,0.3117267489433288,0.3471735417842865,0.2574062347412109,0.2650628089904785,0.5126813650131226,,0.366482675075531,0.3665403127670288,0.227118894457817,0.3341667950153351,0.3728871941566467,0.6120032072067261,0.2973795533180237,0.9908401370048524,0.5886300802230835,0.2122006863355636,0.4611238539218902,0.1926561892032623,0.2652339041233063,0.3168074488639831,0.3034728169441223,0.6825284361839294,0.962979257106781,0.3296843469142914,0.3400292694568634,0.2720379829406738,,,,,,,
162_Stock_id_14_Finance_tr_500_1st_4.csv,0.9469419121742249,0.9569056630134584,0.9980613589286804,0.9991143941879272,0.9484448432922364,0.949609637260437,0.9986669421195984,0.9506822824478148,0.9490548968315125,0.9469873905181884,0.9771884679794312,0.9904906749725342,0.9610123038291932,0.9611434936523438,0.9530324935913086,0.946620523929596,0.9683900475502014,0.9470057487487792,0.9459334015846252,0.9995579719543456,0.9430487155914308,0.9484714865684508,0.9446102380752563,0.9587915539741516,0.9581065773963928,0.944497525691986,0.9463083148002625,0.958085596561432,0.9889270663261414,0.9508987665176392,0.9556437134742736,0.9468529224395752,1380.0,0.138,1.1509591326105089,1199.0,1.0,1.0,10000.0
166_Stock_id_18_Finance_tr_500_1st_18.csv,0.8904078006744385,0.9101529717445374,0.999142050743103,0.9957122206687928,0.8889508247375488,0.8909225463867188,0.991341233253479,0.9049492478370668,0.910788357257843,0.890736997127533,0.9435753226280212,0.9993999004364014,0.9165706038475036,0.9164631366729736,0.9014154076576232,0.8886012434959412,0.9382448196411132,0.8909221887588501,0.9081723093986512,0.9998436570167542,0.9018038511276244,0.8926204442977905,0.8883820176124573,0.9102749824523926,0.909837543964386,0.8936247825622559,0.8928888440132141,0.9183076620101928,0.9971415400505066,0.8961254358291626,0.9001396894454956,0.8842278122901917,2797.0,0.13985,1.1649312786339026,2401.0,1.0,1.0,20000.0
167_Stock_id_19_Finance_tr_500_1st_7.csv,0.3367229700088501,0.3323891162872314,0.6258350610733032,0.9465417265892028,0.3771442472934723,0.3778342008590698,0.3705494701862335,0.3634268939495086,0.3935669064521789,0.3356480896472931,0.6297537088394165,0.8547422885894775,0.4460751414299011,0.4432263374328613,0.2740364074707031,0.3450601994991302,0.4507385194301605,0.6444860100746155,0.3636966645717621,0.9913699626922609,0.538025438785553,0.2096621096134185,0.4877012968063354,0.2349860817193985,0.3368065059185028,0.392518550157547,0.3564363718032837,0.6841933727264404,0.9737718105316162,0.3457440137863159,0.4439136385917663,0.3285094201564789,,,,,,,
169_Daphnet_id_1_HumanActivity_tr_9693_1st_20732.csv,0.0727699249982833,0.1014988347887992,0.281777411699295,0.12281284481287,0.0856010988354682,0.3461735248565674,0.385524183511734,0.0447450652718544,0.0361319184303283,0.0749316811561584,0.1353744864463806,0.2332065850496292,0.5339318513870239,0.5417819023132324,0.0361720062792301,0.1349787265062332,0.1574957817792892,0.0666118860244751,0.0431466028094291,0.1966866999864578,0.2053895741701126,0.0516224056482315,0.0709626227617263,0.039275974035263,0.0508906692266464,0.0474669970571994,0.0689572915434837,0.4441784918308258,0.1528441458940506,0.2845812439918518,0.1354562044143676,0.130748376250267,2306.0,0.0594728426265022,384.3333333333333,6.0,0.0,1.0,38774.0
170_MITDB_id_1_Medical_tr_17675_1st_17775.csv,0.0708145126700401,0.0642926171422004,0.0725561752915382,0.0710470303893089,0.0796942710876464,0.0745276808738708,0.0818405374884605,0.0774552077054977,0.8951681852340698,0.0708144828677177,0.0741570964455604,0.0707810670137405,0.0790207609534263,0.0765895545482635,0.3303274512290954,0.0718315467238426,0.0668982192873954,0.0708145126700401,0.7312806248664856,0.0766980871558189,0.6304491758346558,0.0808054357767105,0.1087889373302459,0.0798673331737518,0.2970850765705108,0.0636980533599853,0.0862495750188827,0.1068182289600372,0.0727223083376884,0.072536900639534,0.0667695105075836,0.0661718398332595,22845.0,0.04569,466.2244897959184,49.0,0.0,1.0,500000.0
171_MITDB_id_2_Medical_tr_50000_1st_88864.csv,0.076311357319355,0.1024471819400787,0.3775973320007324,0.0428305603563785,0.1316053867340088,0.098815806210041,0.1866079121828079,0.4896890521049499,0.9532846212387084,0.0426759980618953,0.2617687284946441,0.063768021762371,0.2770011723041534,0.335112065076828,0.2846144735813141,0.08158940076828,0.1606742739677429,0.0426761023700237,0.8524349331855774,0.0541989654302597,0.8696666359901428,0.4064203202724457,0.4909338653087616,0.1490217000246048,0.1105474904179573,0.059676207602024,0.0479280315339565,0.7440025806427002,0.0526824966073036,0.1317828595638275,0.1458641141653061,0.3031682074069977,19657.0,0.0302415384615384,468.0238095238095,42.0,0.0,1.0,650000.0
172_MITDB_id_3_Medical_tr_27274_1st_27374.csv,0.0376651585102081,0.0414475724101066,0.0852230638265609,0.0383983328938484,0.0303088389337062,0.0305622592568397,0.0306703001260757,0.3106744885444641,0.3072681725025177,0.0382872633635997,0.0478489138185977,0.0309921838343143,0.0323459766805172,0.0292262230068445,0.7554168701171875,0.0395912826061248,0.0330103076994419,0.0382872708141803,0.385533332824707,0.0473762266337871,0.6710858345031738,0.0380977913737297,0.0939227193593978,0.7297813892364502,0.4931521415710449,0.0564637742936611,0.2356062978506088,0.0200888849794864,0.0364938378334045,0.0316201746463775,0.0339515879750251,0.0313389748334884,18109.0,0.02786,670.7037037037037,27.0,0.0,1.0,650000.0
173_MITDB_id_4_Medical_tr_13620_1st_13720.csv,0.1812526583671569,0.1403320729732513,0.1984784305095672,0.165626123547554,0.191879391670227,0.1577473580837249,0.2015843093395233,0.280827134847641,0.587356686592102,0.1657697111368179,0.1791268587112426,0.1610055416822433,0.1568511426448822,0.1723379492759704,0.2764793634414673,0.1636193841695785,0.19556924700737,0.1656845510005951,0.4287102222442627,0.1622364968061447,0.5040753483772278,0.3877750635147095,0.4306027591228485,0.3498126268386841,0.2534418404102325,0.2774706780910492,0.1907058507204055,0.2415990382432937,0.1648363471031189,0.1611369550228119,0.2024438679218292,0.2075540274381637,66682.0,0.1025876923076923,335.0854271356784,199.0,0.0,1.0,650000.0
174_MITDB_id_5_Medical_tr_50000_1st_539948.csv,0.019865171983838,0.0014750709524378,0.0210397243499755,0.0016366974450647,0.0398626066744327,0.0380026921629905,0.0542603246867656,0.0044236774556338,0.0113234343007206,0.2708625793457031,0.0319856852293014,,0.0626931637525558,0.1091838032007217,0.0316673927009105,0.0578523688018322,0.0206798370927572,0.3066418766975403,0.0243610646575689,0.0027144765481352,0.1543199568986892,0.0013315980322659,0.0185586903244256,0.0079004699364304,0.0435759499669075,0.0013587455032393,0.0013127548154443,0.279866874217987,0.0028195069171488,0.0317972898483276,0.0194193869829177,0.1086625680327415,,,,,,,
175_MITDB_id_6_Medical_tr_27274_1st_27374.csv,0.0382769480347633,0.0440064296126365,0.0431497953832149,0.0382367111742496,0.0433911383152008,0.0432289727032184,0.0456312708556652,0.050050962716341,0.2878258824348449,0.0382535457611084,0.042217019945383,0.0409675799310207,0.0415350496768951,0.0599748641252517,0.4286600947380066,0.0392211712896823,0.0501282550394535,0.0382528416812419,0.5679380893707275,0.0422373637557029,0.4974082708358764,0.0423836670815944,0.0434794835746288,0.7282943725585938,0.4739667177200317,0.0566893890500068,0.0440500117838382,0.2637719511985779,0.0383969023823738,0.0404697395861148,0.0476591549813747,0.0697132423520088,18109.0,0.02786,670.7037037037037,27.0,0.0,1.0,650000.0
176_MITDB_id_7_Medical_tr_6232_1st_6332.csv,0.0997970476746559,0.168457344174385,0.2522884011268616,0.0944495350122451,0.1989368349313736,0.2557779848575592,0.1990454196929931,0.5813779830932617,0.9669752717018129,0.0957816913723945,0.1646379977464676,0.226390928030014,0.39139124751091,0.3766211569309234,0.2484994679689407,0.1115060299634933,0.2177520841360092,0.0957817211747169,0.9354024529457092,0.1167204901576042,0.958282470703125,0.1944922655820846,0.4989648163318634,0.4611667692661285,0.0984345450997352,0.2536828517913818,0.4157349467277527,0.8727350831031799,0.0979117304086685,0.1891676783561706,0.1750653237104416,0.6081312894821167,38272.0,0.05888,265.77777777777777,144.0,0.0,1.0,650000.0
178_SMD_id_1_Facility_tr_6000_1st_10609.csv,0.0344977565109729,0.0642363056540489,0.184846431016922,0.046706449240446,0.043221328407526,0.2213490456342697,0.0486735515296459,0.3255016803741455,0.1821528226137161,0.0363622233271598,0.1544470489025116,0.1032790467143058,0.1450527757406234,0.1344388425350189,0.0718899220228195,0.1381396055221557,0.0412000343203544,0.0355255976319313,0.1345995962619781,0.1234786361455917,0.087354227900505,0.0723544955253601,0.0445106513798236,0.1113705858588218,0.119769349694252,0.0825701430439949,0.0725381821393966,0.0332751870155334,0.0796800777316093,0.1746374070644378,0.0419170334935188,0.1511194705963134,427.0,0.0177916666666666,106.75,4.0,0.0,1.0,24000.0
181_SMD_id_4_Facility_tr_5000_1st_15144.csv,0.0613605417311191,0.0650557950139045,0.541236400604248,0.1099139302968978,0.6015464663505554,0.5362220406532288,0.6549527645111084,0.1154130697250366,0.0914618596434593,0.0796188339591026,0.6378147006034851,0.2417720705270767,0.6735854148864746,0.6585307121276855,0.0976782962679863,0.1744176596403122,0.6518504619598389,0.0613605417311191,0.0963006690144538,0.5063614249229431,0.6952846646308899,0.0752813071012497,0.0750705003738403,0.0990577191114425,0.0676313936710357,0.0739492326974868,0.0983446538448333,0.7896758913993835,0.1303620040416717,0.4468402564525604,0.0286698844283819,0.5696187019348145,908.0,0.0454,302.6666666666667,3.0,0.0,1.0,20000.0
182_SMD_id_5_Facility_tr_7174_1st_21230.csv,0.0156164802610874,0.1136323809623718,0.4167400300502777,0.0382173620164394,0.0134978955611586,0.5151748657226562,0.0148285645991563,0.141959473490715,0.0997917354106903,0.8986343145370483,0.325533002614975,,0.7924299836158752,0.77523273229599,0.1009282022714614,0.9177935123443604,0.0122761689126491,0.413805216550827,0.1384651362895965,0.3152018189430237,0.2277204543352127,0.1028403341770172,0.016000360250473,0.0806585550308227,0.8792946934700012,0.0410794280469417,0.047591283917427,0.010212430730462,0.2736907601356506,0.4825846254825592,0.2418561428785324,0.6990605592727661,,,,,,,
183_SMD_id_6_Facility_tr_5925_1st_17580.csv,0.0112814251333475,0.223830372095108,0.7087622284889221,0.5130171179771423,0.1706759333610534,0.7705064415931702,0.1889887750148773,0.9939171075820924,0.9131420850753784,0.1671405732631683,0.7268452644348145,0.4621297717094421,0.9946491122245787,0.9938492178916932,0.8900557160377502,0.7732707262039185,0.201647087931633,0.0112814251333475,0.9962126612663268,0.6490703821182251,0.5219203233718872,0.3804363012313843,0.3744238018989563,0.8512546420097351,0.0378140024840831,0.1780571490526199,0.0934163331985473,0.0750215351581573,0.6569409966468811,0.9010860919952391,0.2178787142038345,0.7316779494285583,161.0,0.0067923891490528,161.0,1.0,0.0,1.0,23703.0
184_SMD_id_7_Facility_tr_7119_1st_15849.csv,0.0959641262888908,0.1306201070547104,0.151357889175415,0.1632049232721328,0.1033500805497169,0.2331573665142059,0.2457093298435211,0.0765371769666671,0.0745444819331169,0.1323608607053756,0.1665578633546829,0.1690653860569,0.5281569957733154,0.5324928164482117,0.302333652973175,0.1976068466901779,0.3190891444683075,0.0959641262888908,0.0884053334593772,0.3286781907081604,0.457646906375885,0.0981659963726997,0.2149795740842819,0.0780586451292038,0.1438448578119278,0.0904721245169639,0.0939617902040481,0.3925156891345978,0.1537968665361404,0.1831058412790298,0.0731077939271926,0.645405650138855,2694.0,0.0945960181186137,336.75,8.0,0.0,1.0,28479.0
186_SMD_id_9_Facility_tr_5925_1st_17580.csv,0.1057135313749313,0.0075495555065572,0.68253093957901,0.3474153578281402,0.3851903975009918,0.4746813774108886,0.6066908836364746,0.0155382715165615,0.0069995005615055,0.4153321385383606,0.6414686441421509,,0.9189900159835817,0.9247454404830932,0.0098818615078926,0.7772707343101501,0.714698851108551,0.9229652285575868,0.0072496295906603,0.4283636808395386,0.3760733306407928,0.0138009451329708,0.6164391040802002,0.0160331297665834,0.3740670084953308,0.0122759137302637,0.0087032709270715,0.7373183965682983,0.3900385200977325,0.5097601413726807,0.6207389235496521,0.9214677214622498,,,,,,,
190_SMD_id_13_Facility_tr_7119_1st_15849.csv,0.1263137757778167,0.363861620426178,0.2858324646949768,0.2733094096183777,0.2171544134616851,0.4131911695003509,0.2708627581596374,0.1102828904986381,0.0873600840568542,0.1712027043104171,0.2248900532722473,0.2638507783412933,0.6612817645072937,0.6625093817710876,0.0975416600704193,0.3021064400672912,0.3720550537109375,0.1244857087731361,0.0926654115319252,0.3770121335983276,0.394328236579895,0.0901766344904899,0.0824147313833236,0.1094284057617187,0.1369136571884155,0.1179788783192634,0.1219071596860885,0.5771529078483582,0.2826733589172363,0.2794778645038605,0.1041898727416992,0.6131585240364075,2694.0,0.0945960181186137,336.75,8.0,0.0,1.0,28479.0
192_SMD_id_15_Facility_tr_5925_1st_17580.csv,0.0071053616702556,0.0124739138409495,0.9268609285354614,0.5180709958076477,0.4840722978115082,0.636139452457428,0.6920727491378784,0.0098115652799606,0.0040623606182634,0.0364762246608734,0.9404116868972778,0.7891998887062073,0.9337712526321412,0.8711556196212769,0.1284439861774444,0.2600269913673401,0.7984666228294373,0.0071053616702556,0.0041671739891171,0.800179123878479,0.9040014147758484,0.0145023269578814,0.039889171719551,0.0083917472511529,0.0113929081708192,0.0072785182856023,0.0096749812364578,0.8539959192276001,0.5998046398162842,0.7585211396217346,0.6936677694320679,0.9857593774795532,161.0,0.0067923891490528,161.0,1.0,0.0,1.0,23703.0
193_SMD_id_16_Facility_tr_5925_1st_17580.csv,0.0112814251333475,0.1687055379152298,0.6688616871833801,0.4634839594364166,0.0720140263438224,0.7535947561264038,0.0189278926700353,0.997125804424286,0.8786293268203735,0.9887359142303468,0.6194990277290344,,0.9962212443351746,0.995452642440796,0.8844848871231079,0.9811288714408876,0.0651481449604034,0.787436842918396,0.9868347644805908,0.5818634629249573,0.2194657027721405,0.4168048501014709,0.0166150294244289,0.8391768932342529,0.9878048300743104,0.1181754022836685,0.1142526045441627,0.0196575261652469,0.7027252912521362,0.7821134328842163,0.1194735914468765,0.9880350232124328,,,,,,,
195_SMD_id_18_Facility_tr_5925_1st_17580.csv,0.0077527537941932,0.0776640996336937,0.7463107109069824,0.52048659324646,0.1846322119235992,0.7467471957206726,0.2507066130638122,0.0175728294998407,0.0064258938655257,0.2376257330179214,0.7134509086608887,0.5096611380577087,0.9882737994194032,0.9810860753059388,0.0157949179410934,0.5578651428222656,0.2965461313724518,0.0077527537941932,0.010272248648107,0.6725997924804688,0.7690539956092834,0.0212127137929201,0.0166826825588941,0.0161581709980964,0.0054816403426229,0.1953295916318893,0.0191621575504541,0.2726145088672638,0.6565171480178833,0.8970925211906433,0.0044906614348292,0.9842609763145448,161.0,0.0067923891490528,161.0,1.0,0.0,1.0,23703.0
196_SMD_id_19_Facility_tr_7174_1st_21230.csv,0.0597252771258354,0.0201328750699758,0.4973379969596863,0.0317138582468032,0.0125421248376369,0.6744963526725769,0.0253759380429983,0.1451485157012939,0.0178187172859907,0.2314732372760772,0.5279837250709534,0.2126886844635009,0.8574824333190918,0.842224657535553,0.0866972580552101,0.5691685080528259,0.0110279954969882,0.0141067467629909,0.0783550590276718,0.3196647763252258,0.2422200739383697,0.0622715204954147,0.0578933767974376,0.080933578312397,0.0348140373826026,0.0364133976399898,0.0413598045706748,0.0098271258175373,0.2455178797245025,0.6598351001739502,0.0147683015093207,0.4102618098258972,192.0,0.0066908279899637,96.0,2.0,0.0,1.0,28696.0
200_SMD_id_23_Facility_tr_7174_1st_21230.csv,0.0080315256491303,0.2170010805130005,0.4055926501750946,0.0425331480801105,0.0463188961148262,0.3556760847568512,0.020894119516015,0.0044498858042061,0.0046803611330688,0.352756530046463,0.2824093997478485,,0.4978819489479065,0.4983696043491363,0.0053726369515061,0.4133466184139251,0.1761875450611114,0.6730161309242249,0.004865329246968,0.1807859241962433,0.1146206185221672,0.0095830392092466,0.1118731871247291,0.0051568741910159,0.3735545575618744,0.004879814106971,0.0051231938414275,0.2323566973209381,0.0621451921761035,0.2815696895122528,0.1480833441019058,0.5655361413955688,,,,,,,
201_SMD_id_24_Facility_tr_7174_1st_21230.csv,0.0156164802610874,0.0174027886241674,0.503303050994873,0.0287850443273782,0.0145507957786321,0.5311403274536133,0.0193743240088224,0.1474262773990631,0.1042000874876976,0.2075071185827255,0.3736141920089721,0.1671625226736068,0.808087944984436,0.7840935587882996,0.0971369296312332,0.4782875180244446,0.01055568177253,0.0156164802610874,0.0895435884594917,0.3199256956577301,0.2278913855552673,0.0688948854804039,0.0765909776091575,0.0959793925285339,0.0387541018426418,0.0443283654749393,0.0468854382634162,0.0096782380715012,0.2772637605667114,0.5001943111419678,0.0115181347355246,0.0266258250921964,198.0,0.0068999163646501,66.0,3.0,0.0,1.0,28696.0
202_SMD_id_25_Facility_tr_6250_1st_21230.csv,0.0068961437791585,0.0045708427205681,0.6334515810012817,0.0144278230145573,0.0103766396641731,0.7360368967056274,0.0050928615964949,0.1543410867452621,0.1760987341403961,0.0821312814950943,0.2881993651390075,0.159039095044136,0.8988849520683289,0.8841302990913391,0.1278770864009857,0.3280875980854034,0.0049057612195611,0.0068961437791585,0.6301729083061218,0.2825005948543548,0.1212128475308418,0.017069574445486,0.025248160585761,0.0951916575431823,0.1611665338277816,0.0434195287525653,0.0163365229964256,0.0041775968857109,0.159396693110466,0.6730682849884033,0.0083031924441456,0.2000663429498672,66.0,0.00264,66.0,1.0,0.0,1.0,25000.0
203_SMD_id_26_Facility_tr_7174_1st_21230.csv,0.0156164802610874,0.3824090361595154,0.6117457747459412,0.0840366706252098,0.1801852583885193,0.7380267977714539,0.2127367705106735,0.03745549172163,0.6867276430130005,0.0156164811924099,0.4461574554443359,0.3096717596054077,0.8230427503585815,0.8295313119888306,0.020618038251996,0.3405700623989105,0.23241026699543,0.0156164802610874,0.0162853449583053,0.2162064760923385,0.2824677526950836,0.0203387718647718,0.0167133286595344,0.0320399813354015,0.0102022159844636,0.0147498231381177,0.0495768971741199,0.556998074054718,0.1040326878428459,0.5759146213531494,0.21006740629673,0.928411602973938,198.0,0.0068999163646501,66.0,3.0,0.0,1.0,28696.0
204_SMD_id_27_Facility_tr_5000_1st_15144.csv,0.0806710943579673,0.0453280061483383,0.4872434139251709,0.2180646657943725,0.5955395698547363,0.5861847996711731,0.636686384677887,0.0359414927661418,0.0342893749475479,0.0748670399188995,0.5930520296096802,0.2662685513496399,0.738298237323761,0.7259776592254639,0.0371862202882766,0.1586876213550567,0.6324949264526367,0.0724992677569389,0.0382814332842826,0.3031128942966461,0.6513240337371826,0.2200999557971954,0.1410082876682281,0.0356949344277381,0.051969289779663,0.0336313880980014,0.0555424988269805,0.8313120603561401,0.2232535034418106,0.3482062518596649,0.2724555432796478,0.7720399498939514,908.0,0.0454,302.6666666666667,3.0,0.0,1.0,20000.0
205_SMD_id_28_Facility_tr_5925_1st_17580.csv,0.0112814251333475,0.2450425177812576,0.7074939012527466,0.5133490562438965,0.1942687481641769,0.7218536138534546,0.2248901426792144,0.9944065809249878,0.9980071187019348,0.2007323205471038,0.6653551459312439,0.4602167010307312,0.9918534755706788,0.9900458455085754,0.8735729455947876,0.7413269877433777,0.2783275246620178,0.0112814251333475,0.7686715126037598,0.7098766565322876,0.5858122706413269,0.2956958413124084,0.299418568611145,0.8279955387115479,0.0386372357606887,0.2172680646181106,0.0922564417123794,0.1205743551254272,0.7093481421470642,0.7535713315010071,0.2131456583738327,0.6758347749710083,161.0,0.0067923891490528,161.0,1.0,0.0,1.0,23703.0
207_SMD_id_30_Facility_tr_7174_1st_21230.csv,0.2247503399848938,0.2661647498607635,0.5609853863716125,0.0492316707968711,0.1700135767459869,0.8450318574905396,0.1971052885055542,0.2295905947685241,0.1908491253852844,0.0156164811924099,0.436226487159729,0.3373626470565796,0.8772190809249878,0.8634352684020996,0.1539168655872345,0.4626711905002594,0.2027839869260788,0.0156164802610874,0.2598462104797363,0.2524312138557434,0.8612819910049438,0.0615576393902301,0.0440073199570179,0.2235484272241592,0.0183539427816867,0.1596915870904922,0.0810912176966667,0.0887571275234222,0.0951808914542198,0.5516878962516785,0.1896462142467498,0.9657536149024964,198.0,0.0068999163646501,66.0,3.0,0.0,1.0,28696.0
210_SMD_id_33_Facility_tr_5925_1st_17580.csv,0.0112814251333475,0.2449694126844406,0.8421496748924255,0.5947332978248596,0.2291813343763351,0.8191661238670349,0.0728719830513,0.9927632212638856,0.4910521507263183,0.96891850233078,0.7880946397781372,,0.9936826825141908,0.9927998185157776,0.8542087078094482,0.968709111213684,0.278791606426239,0.9622989296913148,0.8232361078262329,0.7211215496063232,0.6537459492683411,0.2949832677841186,0.0618580132722854,0.7954890131950378,0.9678425788879396,0.2368237823247909,0.0880803912878036,0.1126983538269996,0.6876517534255981,0.848540723323822,0.2453182786703109,0.7197175621986389,,,,,,,
211_SMD_id_34_Facility_tr_5925_1st_17580.csv,0.0070694885216653,0.0576068423688411,0.6361310482025146,0.4367211461067199,0.2505058050155639,0.4764766693115234,0.7411732077598572,0.003526724409312,0.0039213416166603,0.007015542127192,0.6546328663825989,0.5109147429466248,0.918976902961731,0.9213600158691406,0.0069805202074348,0.478388637304306,0.7779783010482788,0.0070694885216653,0.0041706850752234,0.5390924215316772,0.788135290145874,0.0095616336911916,0.0091082798317074,0.0036874015349894,0.0037767530884593,0.003606095444411,0.0491969026625156,0.844353973865509,0.4895296096801758,0.6036065220832825,0.0098335715010762,0.9083147048950196,161.0,0.0067923891490528,161.0,1.0,0.0,1.0,23703.0
212_SMD_id_35_Facility_tr_5925_1st_17580.csv,0.0081127407029271,0.0640069618821144,0.5673914551734924,0.4435400068759918,0.3766787648200989,0.570392906665802,0.4714215993881225,0.0158738996833562,0.0044651231728494,0.4199943840503692,0.5500359535217285,0.5531598329544067,0.96804541349411,0.966232419013977,0.014894563704729,0.3829595148563385,0.6227995753288269,0.0081127407029271,0.0355802625417709,0.5678545236587524,0.4358420073986053,0.0096020083874464,0.0117314727976918,0.0155826872214674,0.0048703723587095,0.0161450263112783,0.0200291108340024,0.9476272463798524,0.5617360472679138,0.5755661725997925,0.0290688425302505,0.9883872866630554,161.0,0.0067923891490528,161.0,1.0,0.0,1.0,23703.0
214_SMD_id_37_Facility_tr_5925_1st_17580.csv,0.0112814251333475,0.3504330217838287,0.5502889156341553,0.2000587880611419,0.0548602119088172,0.5979382395744324,0.063111312687397,0.1233747452497482,0.1306764036417007,0.0111765004694461,0.3998912274837494,0.2176642566919326,0.9946816563606262,0.9942381381988524,0.0332194529473781,0.2952101826667785,0.0799415037035942,0.0112814251333475,0.0543622635304927,0.1832067221403122,0.3615798354148865,0.4556080102920532,0.238205224275589,0.0431936867535114,0.0074753575026988,0.0160211492329835,0.0449011996388435,0.0216556992381811,0.2305209934711456,0.4535831212997436,0.0612130612134933,0.9855356812477112,161.0,0.0067923891490528,161.0,1.0,0.0,1.0,23703.0
215_SMD_id_38_Facility_tr_5925_1st_17580.csv,0.0072131063789129,0.0439980663359165,0.6204947233200073,0.4439764320850372,0.5193513035774231,0.2988680601119995,0.6674301624298096,0.0076950932852923,0.0048842313699424,0.2326073795557022,0.6455033421516418,0.370547741651535,0.8864462971687317,0.8513921499252319,0.0073313866741955,0.2150404751300811,0.7260804772377014,0.0072131063789129,0.0051782298833131,0.5708574056625366,0.442552387714386,0.0090431934222579,0.0085389129817485,0.0082847252488136,0.0089664328843355,0.0086060753092169,0.0090667959302663,0.7870033979415894,0.4586940407752991,0.5746899247169495,0.6647635698318481,0.9047062397003174,161.0,0.0067923891490528,161.0,1.0,0.0,1.0,23703.0
216_LTDB_id_1_Medical_tr_500_1st_266.csv,0.2562928199768066,0.2733417153358459,0.2574002742767334,0.2508709728717804,0.2406768798828125,0.2142367511987686,0.2287068516016006,0.7578158378601074,0.9537757039070128,0.2578273117542267,0.2298465520143509,0.2575791180133819,0.1755974292755127,0.1753895133733749,0.8552803993225098,0.2074514478445053,0.2313065975904464,0.2580707669258117,0.9573222994804382,0.2785355150699615,0.7663219571113586,0.3481558859348297,0.3491619825363159,0.8470120429992676,0.3957544863224029,0.2868975102901459,0.2703396379947662,0.2150686234235763,0.2429490685462951,0.2024433761835098,0.2466839998960495,0.2454543858766555,14857.0,0.14857,108.44525547445257,137.0,0.0,1.0,100000.0
217_LTDB_id_2_Medical_tr_500_1st_266.csv,0.257205456495285,0.2038803100585937,0.2661086618900299,0.260839432477951,0.2667675316333771,0.4135205447673797,0.2696926295757293,0.8117824196815491,0.900784969329834,0.7047892808914185,0.266746312379837,,0.3990387618541717,0.3930709958076477,0.5200058221817017,0.421081006526947,0.267289400100708,0.3738545179367065,0.8297468423843384,0.2870672345161438,0.4602584838867187,0.251868337392807,0.2726818025112152,0.8451948761940002,0.6423750519752502,0.2431520819664001,0.2399738579988479,0.273204892873764,0.2556819319725036,0.2844814360141754,0.2645958662033081,0.2590456306934356,,,,,,,
218_LTDB_id_3_Medical_tr_500_1st_266.csv,0.2572885453701019,0.5933231115341187,0.2414663583040237,0.2537554502487182,0.2382007837295532,0.1920350342988968,0.2361709177494049,0.5894225239753723,0.9303977489471436,0.256892442703247,0.2379336357116699,0.2409801036119461,0.1586858332157135,0.1587552577257156,0.8666946291923523,0.2085933238267898,0.2384365051984787,0.2569379210472107,0.9317579865455629,0.2599146068096161,0.471713125705719,0.6040945649147034,0.5781547427177429,0.7245972752571106,0.4293773472309112,0.3195895850658417,0.2752695977687835,0.2256561517715454,0.2418554872274398,0.197990745306015,0.2482953667640686,0.2453407347202301,14857.0,0.14857,108.44525547445257,137.0,0.0,1.0,100000.0
221_LTDB_id_6_Medical_tr_500_1st_26.csv,0.4562688171863556,0.7153295874595642,0.481410413980484,0.451051115989685,0.4840327799320221,0.4677737355232239,0.4885056316852569,0.5662323236465454,0.7642543911933899,0.4529374837875366,0.4734052419662475,0.4540408849716186,0.4420510530471802,0.4429769814014435,0.5199697613716125,0.469085156917572,0.4742023944854736,0.452987790107727,0.8001017570495605,0.4559197425842285,0.628929078578949,0.7499184012413025,0.6374743580818176,0.6035056114196777,0.4938386976718902,0.4241491556167602,0.4566420912742615,0.4972992241382599,0.4526768326759338,0.4561710655689239,0.4895272254943847,0.4944678843021393,31565.0,0.31565,190.15060240963857,166.0,0.0,1.0,100000.0
222_LTDB_id_7_Medical_tr_3618_1st_3718.csv,0.225721001625061,0.9939498901367188,0.3859559893608093,0.2272582650184631,0.3255555033683777,0.4501866996288299,0.4338869452476501,0.4859718978404999,0.9879907965660096,0.2276244610548019,0.3081150352954864,0.2713185548782348,0.8091903328895569,0.8064013123512268,0.5960911512374878,0.4281705319881439,0.3718822598457336,0.22360759973526,0.8643434047698975,0.3809922337532043,0.9757634401321412,0.9410502910614014,0.90114164352417,0.4966157078742981,0.4841737151145935,0.2227641642093658,0.2679959237575531,0.9853039979934692,0.2436312884092331,0.3493083417415619,0.3372880220413208,0.9855974316596984,14781.0,0.14781,127.42241379310344,116.0,0.0,1.0,100000.0
223_LTDB_id_8_Medical_tr_4456_1st_4556.csv,0.2542479038238525,0.6499375104904175,0.4309340417385101,0.241431638598442,0.2560009062290191,0.2322132438421249,0.3184431195259094,0.6657116413116455,0.9920197129249572,0.2498254925012588,0.3570419251918793,0.2414268106222152,0.2093416005373001,0.2066793143749237,0.5974888801574707,0.2301553636789322,0.2596684098243713,0.2448725253343582,0.9676361680030824,0.2718255519866943,0.975352108478546,0.8540626764297485,0.8687978982925415,0.8317452669143677,0.3758972287178039,0.2537262439727783,0.4948903322219848,0.3340001702308655,0.2434428185224533,0.2313221096992492,0.2744061946868896,0.2682710587978363,16159.0,0.16159,161.59,100.0,0.0,1.0,100000.0
227_MGAB_id_3_Synthetic_tr_25000_1st_44340.csv,0.0070938547141849,0.0080978740006685,0.0404257960617542,0.0060635982081294,0.0072009437717497,0.0075019085779786,0.0062768682837486,0.0062391399405896,0.0053067747503519,0.0074510611593723,0.2193883061408996,0.0060198940336704,0.0086787678301334,0.0067927385680377,0.4234693944454193,0.0074579953216016,0.00752231804654,0.0060683651827275,0.0046251825988292,0.0072465064004063,0.0072262268513441,0.0055234967730939,0.0062442799098789,0.4569728374481201,0.5889415144920349,0.0387749336659908,0.0073944185860455,0.0074658808298408,0.00558059848845,0.0065406616777181,0.0075732767581939,0.0077743795700371,200.0,0.002,20.0,10.0,0.0,1.0,100000.0
228_MGAB_id_4_Synthetic_tr_25000_1st_38948.csv,0.0077689951285719,0.0054112328216433,0.0203859861940145,0.006163029000163,0.0063688619993627,0.005193943157792,0.0077863335609436,0.0152408313006162,0.0072339875623583,0.0067691770382225,0.0404172874987125,0.0075870896689593,0.0062659163959324,0.0082198306918144,0.4802369177341461,0.0064155436120927,0.0073628015816211,0.0060683651827275,0.0075586042366921,0.0096277706325054,0.0069988965988159,0.0057756602764129,0.005449479445815,0.4327174127101898,0.6455685496330261,0.0091137560084462,0.0434133373200893,0.0085959825664758,0.0060292021371424,0.0067630452103912,0.0071614007465541,0.008008824661374,200.0,0.002,20.0,10.0,0.0,1.0,100000.0
230_MGAB_id_6_Synthetic_tr_25000_1st_42441.csv,0.0067317597568035,0.0618631020188331,0.0291149765253067,0.0061437590047717,0.0051623159088194,0.0051613519899547,0.0165053289383649,0.0295065157115459,0.0063656810671091,0.8664618134498596,0.2512753307819366,,0.0070475512184202,0.0051711513660848,0.5262843370437622,0.0150948818773031,0.0054017244838178,0.005617476068437,0.0053260964341461,0.009211110882461,0.0041655879467725,0.0043494007550179,0.0048527978360652,0.4437523782253265,0.650921642780304,0.0098601914942264,0.010014671832323,0.004836100153625,0.0059542846865952,0.0058614797890186,0.0053393868729472,0.0201815627515316,,,,,,,
232_MGAB_id_8_Synthetic_tr_25000_1st_32708.csv,0.0070521580055356,0.0142469480633735,0.018746331334114,0.0061562182381749,0.0055795209482312,0.0058988784439861,0.0060643153265118,0.017530009150505,0.0089398883283138,0.0061727976426482,0.1561920493841171,0.005899186246097,0.0051942421123385,0.0058222776278853,0.6427065134048462,0.0081975515931844,0.0054407436400651,0.0061537087894976,0.0098691107705235,0.0108233233913779,0.0119496909901499,0.0063423388637602,0.0060409591533243,0.4993024468421936,0.6240698099136353,0.0302882622927427,0.0315202213823795,0.0062424899078905,0.0071900011971592,0.0048229284584522,0.0055588837713003,0.0069442288950085,200.0,0.002,20.0,10.0,0.0,1.0,100000.0
233_MGAB_id_9_Synthetic_tr_25000_1st_41300.csv,0.0172618683427572,0.0302974618971347,0.0281628556549549,0.0107295792549848,0.009440560825169,0.0086799077689647,0.0094305519014596,0.070105567574501,0.1870133727788925,0.0111280065029859,0.2117712795734405,0.0096413688734173,0.0121770780533552,0.0088829789310693,0.8357382416725159,0.0109446393325924,0.0090439496561884,0.0107625927776098,0.0792244374752044,0.0155330765992403,0.024362850934267,0.0063153556548058,0.0078961914405226,0.639367938041687,0.7677339315414429,0.0340112783014774,0.0508879087865352,0.0314245857298374,0.0108743142336606,0.0087825423106551,0.0088796876370906,0.0322933942079544,200.0,0.002,20.0,10.0,0.0,1.0,100000.0
235_SED_id_2_Medical_tr_2499_1st_3840.csv,0.1023631319403648,0.2633081376552582,0.0677923262119293,0.0971843972802162,0.1174166798591613,0.0734070837497711,0.7931792140007019,0.947805881500244,0.9552193284034728,0.4478395879268646,0.0875654965639114,,0.0582218915224075,0.0582173392176628,0.8456832766532898,0.0677704736590385,0.0850484892725944,0.0487000532448291,0.8092958331108093,0.0769152492284774,0.1953612864017486,0.9147105813026428,0.709050714969635,0.9393815994262696,0.3895411491394043,0.1150316968560218,0.0732238218188285,0.0459860041737556,0.0867226868867874,0.0769728273153305,0.0865609943866729,0.0432712249457836,,,,,,,
238_SVDB_id_2_Medical_tr_25000_1st_71963.csv,0.0076618650928139,0.4839138984680176,0.1580612659454345,0.0079535543918609,0.0237267855554819,0.0248712040483951,0.0144694289192557,0.0745387151837349,0.9929239153862,0.0076695047318935,0.0956442728638649,0.0171760283410549,0.2211461663246154,0.4128131568431854,0.5664443373680115,0.0441842563450336,0.0371939539909362,0.0076618650928139,0.9607002139091492,0.0223518088459968,0.2056625783443451,0.1071817427873611,0.1439915299415588,0.9793271422386168,0.4191380739212036,0.0079325111582875,0.0709176585078239,0.6396183967590332,0.0087299430742859,0.0438653118908405,0.040482435375452,0.702288031578064,676.0,0.00676,676.0,1.0,0.0,1.0,100000.0
240_SVDB_id_4_Medical_tr_18462_1st_18562.csv,0.073070615530014,0.4175741970539093,0.186457023024559,0.0980779081583023,0.1113504320383071,0.1236875280737876,0.1391529291868209,0.2999330163002014,0.8477195501327515,0.076970636844635,0.1589784771203994,0.0912658870220184,0.2137710601091385,0.1747043877840042,0.5402188897132874,0.10035040974617,0.1297302097082138,0.0703195109963417,0.8376526832580566,0.1934363394975662,0.2598165571689605,0.2337341159582138,0.286615639925003,0.772423505783081,0.2712017297744751,0.2729402184486389,0.0800137445330619,0.4735773205757141,0.0978133901953697,0.10963024944067,0.1306581199169159,0.4119707942008972,6004.0,0.046042944785276,176.58823529411765,34.0,0.0,1.0,130400.0
242_SVDB_id_6_Medical_tr_10726_1st_10826.csv,0.0292995013296604,0.8875073194503784,0.2418980300426483,0.0264052804559469,0.0733189955353736,0.1233990564942359,0.280370831489563,0.1054822131991386,0.8277845978736877,0.1766626536846161,0.0813028663396835,,0.599634051322937,0.5696747899055481,0.1832441091537475,0.3881580233573913,0.0928938016295433,0.6605879068374634,0.8313565254211426,0.0915976613759994,0.6684383153915405,0.49273681640625,0.2985783219337463,0.331240564584732,0.1736663430929184,0.0248143877834081,0.0843190550804138,0.7208006978034973,0.0322954356670379,0.1073696985840797,0.0902592316269874,0.6817061901092529,,,,,,,
243_SVDB_id_7_Medical_tr_11393_1st_11493.csv,0.0491851009428501,0.3922156691551208,0.066255122423172,0.0488275662064552,0.0499000921845436,0.0512620098888874,0.0497018359601497,0.8654718995094299,0.9651597738265992,0.0493686906993389,0.050333846360445,0.0540602765977382,0.0693581774830818,0.101642869412899,0.604095995426178,0.0486680604517459,0.0504892766475677,0.0491683818399906,0.9508334398269652,0.0749690979719162,0.3056775629520416,0.1742337197065353,0.1090701669454574,0.8698382377624512,0.272452563047409,0.0637095123529434,0.2059005200862884,0.3067656755447387,0.0496537983417511,0.0570799373090267,0.0478670857846736,0.1991714835166931,5547.0,0.0307483370288248,173.34375,32.0,0.0,1.0,180400.0
244_SVDB_id_8_Medical_tr_17803_1st_17903.csv,0.0509955622255802,0.8441384434700012,0.237105131149292,0.0471873953938484,0.0556882210075855,0.0573037378489971,0.077895849943161,0.939088761806488,0.9724918603897096,0.0481315180659294,0.1323488056659698,0.0519062802195549,0.1108925864100456,0.1958253234624862,0.739485502243042,0.0493034161627292,0.1065780147910118,0.0472234450280666,0.8969672322273254,0.0976463481783866,0.917235255241394,0.5389279127120972,0.8321253657341003,0.9217597246170044,0.1724984496831894,0.1582003086805343,0.8769900798797607,0.500980019569397,0.051010925322771,0.0648414567112922,0.0695496648550033,0.4339222908020019,3941.0,0.0302223926380368,157.64,25.0,0.0,1.0,130400.0
247_SVDB_id_11_Medical_tr_20100_1st_23611.csv,0.0219793636351823,0.264049768447876,0.2125788778066635,0.018190449103713,0.0541296377778053,0.1059150695800781,0.032845415174961,0.9214243292808532,0.9169870615005492,0.0180685073137283,0.0964035019278526,0.0343444645404815,0.2929590046405792,0.3034759759902954,0.1136104241013526,0.052223477512598,0.047416228801012,0.0179658029228448,0.5879016518592834,0.0537505447864532,0.7710976600646973,0.0830557718873024,0.0342584550380706,0.8980616927146912,0.0428532771766185,0.0207999646663665,0.8435177206993103,0.4757072925567627,0.0186745636165142,0.0702064633369445,0.0425352454185485,0.4217539727687835,945.0,0.0117537313432835,118.125,8.0,0.0,1.0,80400.0
248_SVDB_id_12_Medical_tr_18462_1st_18562.csv,0.0905129089951515,0.315069168806076,0.2271353751420974,0.076403722167015,0.1001858338713646,0.0956197902560234,0.1163403540849685,0.665688693523407,0.9484900832176208,0.074871726334095,0.1709141731262207,0.0858891308307647,0.4141053557395935,0.3385461270809173,0.4591491222381592,0.1111955791711807,0.1124215498566627,0.0703195109963417,0.9210200905799866,0.1876492351293563,0.8308230042457581,0.4217176437377929,0.2231903672218322,0.500213623046875,0.2930476069450378,0.1635600328445434,0.1577506214380264,0.604302704334259,0.094001717865467,0.1098445802927017,0.0932822749018669,0.5221443176269531,6004.0,0.046042944785276,176.58823529411765,34.0,0.0,1.0,130400.0
249_SVDB_id_13_Medical_tr_50000_1st_54982.csv,0.0655238032341003,0.2584035396575928,0.0955782756209373,0.0648325979709625,0.0819814801216125,0.0815434753894805,0.0931604355573654,0.118483155965805,0.7258774638175964,0.0648534148931503,0.0802131593227386,0.0991341695189476,0.1181661859154701,0.2987403869628906,0.2790475785732269,0.0669237375259399,0.0955887511372566,0.0646140947937965,0.4964588582515716,0.102681465446949,0.6043322086334229,0.122250035405159,0.121897205710411,0.5748233199119568,0.5129736661911011,0.0602552518248558,0.0720319896936416,0.5962135791778564,0.065946877002716,0.0810896009206771,0.0933328866958618,0.3803630769252777,8578.0,0.0372309027777777,150.49122807017545,57.0,0.0,1.0,230400.0
250_SVDB_id_14_Medical_tr_50000_1st_107354.csv,0.0300768166780471,0.435544341802597,0.1151286587119102,0.0327906124293804,0.0444869585335254,0.0510573051869869,0.047119066119194,0.5606245398521423,0.7123308181762695,0.0324933268129825,0.0747056454420089,0.0881186723709106,0.2150620967149734,0.4101951122283935,0.4020142257213592,0.0564149878919124,0.043347954750061,0.0300768166780471,0.5643222332000732,0.0568795800209045,0.1240922883152961,0.1874757558107376,0.1253592222929,0.6942443251609802,0.1377788335084915,0.0366749577224254,0.0567313320934772,0.5153765678405762,0.0326459184288978,0.0538294278085231,0.0424696654081344,0.5146709680557251,6469.0,0.0280772569444444,1078.1666666666667,6.0,0.0,1.0,230400.0
252_SVDB_id_16_Medical_tr_12167_1st_12267.csv,0.0438831187784671,0.370058000087738,0.0530245192348957,0.0438469983637332,0.0441758446395397,0.0537537112832069,0.0879617407917976,0.4875595271587372,0.917747974395752,0.584097146987915,0.044728472828865,,0.0762212499976158,0.075795479118824,0.5573625564575195,0.0537977963685989,0.0491939187049865,0.0724699422717094,0.8844415545463562,0.0967121645808219,0.7688503265380859,0.4340159595012665,0.1052648499608039,0.8271439671516418,0.3103319704532623,0.044648453593254,0.087228886783123,0.1177703812718391,0.0438220500946044,0.0491868965327739,0.0504157245159149,0.0524456687271595,,,,,,,
253_SVDB_id_17_Medical_tr_17803_1st_17903.csv,0.0746521577239036,0.2586947679519653,0.2780383825302124,0.0483727380633354,0.0513395071029663,0.0559608414769172,0.0642085969448089,0.8997589945793152,0.976370334625244,0.0488022230565547,0.1009469851851463,0.047569703310728,0.0721300765872001,0.1322248727083206,0.6378809213638306,0.0784164741635322,0.0542615167796611,0.0472234450280666,0.8816311955451965,0.1077990010380745,0.9327095150947572,0.5091374516487122,0.7731053233146667,0.9323753714561462,0.1174493879079818,0.0836828351020813,0.7838563919067383,0.6099217534065247,0.0475060492753982,0.0527781210839748,0.0538814552128315,0.2532064616680145,3941.0,0.0302223926380368,157.64,25.0,0.0,1.0,130400.0
255_SVDB_id_19_Medical_tr_50000_1st_54982.csv,0.0646140947937965,0.0957330092787742,0.1224290952086448,0.0665104761719703,0.0795916244387626,0.077042818069458,0.0963774174451828,0.2717104852199554,0.3675199449062347,0.0658716410398483,0.0987498834729194,0.1709097623825073,0.1318424940109253,0.1929282695055008,0.3148884177207947,0.0787631422281265,0.0789643451571464,0.0646140947937965,0.3072750270366668,0.088208258152008,0.1598695069551468,0.0799905061721801,0.0824010893702507,0.4639749228954315,0.3697310388088226,0.0879745185375213,0.0876019150018692,0.4214867651462555,0.0677027702331543,0.0824116468429565,0.0788906067609787,0.2333366274833679,8578.0,0.0372309027777777,150.49122807017545,57.0,0.0,1.0,230400.0
257_TAO_id_1_Environment_tr_500_1st_3.csv,0.9049620628356934,0.9303488731384276,0.9998008012771606,0.9994297027587892,0.9057594537734984,0.9123132228851318,0.9875202775001526,0.9292362332344056,0.912257969379425,0.9119012355804444,0.9983357787132264,0.9986276030540466,0.9394702911376952,0.9396125078201294,0.9219078421592712,0.9011034965515136,0.97721666097641,0.906718373298645,0.9156598448753356,0.9999605417251588,0.9138935208320618,0.9316111207008362,0.9046584367752076,0.9236887097358704,0.9236043095588684,0.9064290523529052,0.9257338047027588,0.931079089641571,0.9994372725486756,0.901936650276184,0.9309749007225036,0.9292629361152648,954.0,0.0954,1.1236749116607774,849.0,1.0,1.0,10000.0
258_TAO_id_2_Environment_tr_500_1st_4.csv,0.9455913305282592,0.957651913166046,0.9996328353881836,0.9994707107543944,0.94789719581604,0.9491814374923706,0.9897744059562684,0.953515648841858,0.9464417099952698,0.946020245552063,0.999303102493286,0.9933140277862548,0.9617268443107604,0.9621378183364868,0.9542301297187804,0.9614569544792176,0.9841180443763732,0.9459088444709778,0.9465020298957824,0.999974012374878,0.9489656090736388,0.9590681791305542,0.9426361322402954,0.9500056505203248,0.9491394758224488,0.9416295886039734,0.9540524482727052,0.9592847228050232,0.9891501665115356,0.9449329376220704,0.957383632659912,0.9587830305099488,1380.0,0.138,1.1509591326105089,1199.0,1.0,1.0,10000.0
259_TAO_id_3_Environment_tr_500_1st_7.csv,0.4788717031478882,0.4829403758049011,0.9904294013977052,0.9878671765327454,0.5075682401657104,0.5149289965629578,0.5038325190544128,0.5127198696136475,0.3534579575061798,0.700575590133667,0.9875110983848572,,0.6300632953643799,0.6316546201705933,0.2432456016540527,0.6043364405632019,0.8830459713935852,0.7220338582992554,0.2082007527351379,0.991625428199768,0.7577919363975525,0.2639265954494476,0.5518311262130737,0.556893527507782,0.5743886232376099,0.4311197102069855,0.5228251814842224,0.7765699028968811,0.9884610176086426,0.5691359639167786,0.6532989740371704,0.6135175228118896,,,,,,,
260_IOPS_id_1_WebService_tr_5000_1st_11804.csv,0.001028403872624,0.1764170080423355,0.2466859221458435,0.5531508922576904,0.001028403872624,0.0297680590301752,0.2594135999679565,0.0003913085674867,0.0004600786196533,0.0015356665244325,0.2395986467599868,0.3578039407730102,0.4292829930782318,0.3986001908779144,0.0006720751407556,0.655646562576294,0.7866955995559692,0.001028403872624,0.0009331579203717,0.2846421599388122,0.9666504263877868,0.0004893008735962,0.0010166120482608,0.0005075384397059,0.0004498103808145,0.0011326040839776,0.0010579260997474,0.9714100956916808,0.2864488363265991,0.7035931348800659,0.1763321608304977,0.308003306388855,14.0,0.0007,14.0,1.0,0.0,1.0,20000.0
261_IOPS_id_2_WebService_tr_2178_1st_2278.csv,0.0565873198211193,0.666728675365448,0.1739303022623062,0.6961100697517395,0.2309814989566803,0.1910332888364792,0.3488345742225647,0.059119127690792,0.5358167886734009,0.4642767012119293,0.3642462491989136,0.4099510610103607,0.0280903279781341,0.0238242801278829,0.702355682849884,0.8107918500900269,0.1175405532121658,0.0565873198211193,0.1244226768612861,0.4674900770187378,0.0183595903217792,0.0324637256562709,0.0268028974533081,0.5096543431282043,0.7726069092750549,0.7697969079017639,0.3335001468658447,0.0229204688221216,0.693142294883728,0.3951742947101593,0.1173513904213905,0.172666847705841,6.0,0.0006830601092896,3.0,2.0,0.0,1.0,8784.0
263_IOPS_id_4_WebService_tr_3482_1st_3582.csv,0.0674860700964927,0.7449823021888733,0.1376325041055679,0.0908486619591713,0.3514595329761505,0.1021719649434089,0.2809978723526001,0.0230170246213674,0.0271930694580078,0.0369001701474189,0.1605898439884185,0.1547325998544693,0.844467282295227,0.8583370447158813,0.0086782751604914,0.0628890022635459,0.2079526335000991,0.0365677997469902,0.0297633688896894,0.4342106878757477,0.6381155848503113,0.1300173103809356,0.0132812522351741,0.0258255451917648,0.0293427184224128,0.0310171339660882,0.032230969518423,0.1596107184886932,0.1140490248799324,0.1103326082229614,0.1662824302911758,0.0391388051211833,790.0,0.0052976402030538,14.107142857142858,56.0,0.0,1.0,149123.0
264_IOPS_id_5_WebService_tr_11665_1st_11765.csv,0.0158517695963382,0.8410453796386719,0.0200392119586467,0.0237138271331787,0.015611725859344,0.0245962776243686,0.0314517691731452,0.0095229716971516,0.1602699011564254,0.0172365047037601,0.0199013408273458,0.0216868668794631,0.2853032648563385,0.2714582085609436,0.0133487433195114,0.0379109792411327,0.0287867244333028,0.0153337214142084,0.0663495957851409,0.0603596158325672,0.2709240317344665,0.0100376000627875,0.0097834197804331,0.0103397388011217,0.0109736444428563,0.0165591705590486,0.0129068288952112,0.0672423169016838,0.0228792075067758,0.0174482725560665,0.0173376612365245,0.0361921116709709,901.0,0.0150166666666666,300.3333333333333,3.0,0.0,1.0,60000.0
265_IOPS_id_6_WebService_tr_6453_1st_6553.csv,0.0062624234706163,0.0240522753447294,0.7147470712661743,0.6379198431968689,0.0016271451022475,0.1210042536258697,0.0674545019865036,0.0074947229586541,0.0501034595072269,0.0016145408153533,0.7147470712661743,,0.3037469983100891,0.3111723363399505,0.0696497038006782,0.252672791481018,0.8852517008781433,0.8343803882598877,0.0612443126738071,0.95408433675766,0.8444956541061401,0.1402837187051773,0.2408507913351059,0.0162406601011753,0.0016145408153533,0.0016145408153533,0.0061764996498823,0.9592793583869934,0.6602582931518555,0.4740314781665802,0.5500746369361877,0.2047789245843887,,,,,,,
266_IOPS_id_7_WebService_tr_4010_1st_4110.csv,0.019628819078207,0.0670497938990593,0.0827323198318481,0.0782702937722206,0.0163135696202516,0.0233830790966749,0.5448924899101257,0.0171379391103982,0.0210557784885168,0.0191949270665645,0.0656502172350883,0.0851492285728454,0.0932096317410469,0.0921988561749458,0.0186790246516466,0.0192349106073379,0.075069360435009,0.0192263387143611,0.0210479833185672,0.1001555100083351,0.1833031326532364,0.0163083635270595,0.0208960305899381,0.0135153476148843,0.0179194714874029,0.0158607196062803,0.0182803161442279,0.6445989608764648,0.0892529934644699,0.056329421699047,0.0362972654402256,0.0119256442412734,1456.0,0.0163311087432,27.471698113207548,53.0,0.0,1.0,89155.0
267_IOPS_id_8_WebService_tr_1534_1st_1882.csv,0.2542818188667297,0.1642172187566757,0.4855443835258484,0.2524841725826263,0.4728715419769287,0.435136079788208,0.5209362506866455,0.2711905837059021,0.2772672176361084,0.4593617916107178,0.5527220368385315,0.3252540528774261,0.2582098543643951,0.2512145638465881,0.314135730266571,0.3199959397315979,0.3705467581748962,0.1948909759521484,0.2168139070272445,0.6048372983932495,0.293341189622879,0.2307015657424926,0.2252141237258911,0.303314059972763,0.3130092024803161,0.6194078922271729,0.2874025404453277,0.394572764635086,0.4206267893314361,0.324525386095047,0.4293932020664215,0.195749819278717,53.0,0.008634734441186,10.6,5.0,0.0,1.0,6138.0
269_IOPS_id_10_WebService_tr_1216_1st_1728.csv,0.0152193652465939,0.0696657076478004,0.4290271401405334,0.0823876708745956,0.0483989380300045,0.0643694475293159,0.4825060665607452,0.0064142006449401,0.0069647030904889,0.4262396395206451,0.3901175856590271,0.1814162135124206,0.7456580400466919,0.7538068890571594,0.0070464760065078,0.0558974258601665,0.5609345436096191,0.0152193643152713,0.0068872021511197,0.1473011076450348,0.223190575838089,0.0144227668642997,0.0176923014223575,0.0070740855298936,0.0068178800866007,0.0072555164806544,0.0155545612797141,0.7874751687049866,0.0808645039796829,0.1437863111495971,0.3788155019283294,0.5003718733787537,49.0,0.0100698725852856,24.5,2.0,0.0,1.0,4866.0
270_IOPS_id_11_WebService_tr_5638_1st_5738.csv,0.0392701625823974,0.0104496041312813,0.0595570430159568,0.0636277645826339,0.0318577252328395,0.0879152193665504,0.0583759061992168,0.0518848784267902,0.0401685908436775,0.5269486904144287,0.0811823233962059,,0.5593593120574951,0.4502377808094024,0.0073688370175659,0.5779798626899719,0.0760170444846153,0.0666981041431427,0.0410542041063308,0.1272349953651428,0.0210977401584386,0.0086996015161275,0.0586311072111129,0.0468906126916408,0.5121458768844604,0.2919745147228241,0.052318163216114,0.0656363517045974,0.0891539305448532,0.0524222627282142,0.0808367356657981,0.0737911537289619,,,,,,,
271_IOPS_id_12_WebService_tr_500_1st_341.csv,0.2648158371448517,0.3731559216976166,0.3291525244712829,0.4166414439678192,0.2278672605752945,0.2807726562023163,0.3346609473228454,0.3891506493091583,0.4072783589363098,0.2622415125370025,0.2483350485563278,0.4210979044437408,0.3125376105308532,0.3117624223232269,0.4386022388935089,0.3928335011005401,0.3754880130290985,0.2634992301464081,0.328011691570282,0.5073018074035645,0.345149278640747,0.3075974881649017,0.3004457056522369,0.4053844809532165,0.5075476765632629,0.5052028894424438,0.2641853392124176,0.2608134746551513,0.487740159034729,0.3154415786266327,0.443367451429367,0.2931779026985168,116.0,0.0132058287795992,11.6,10.0,0.0,1.0,8784.0
272_IOPS_id_13_WebService_tr_3442_1st_3542.csv,0.0986392796039581,0.7070252299308777,0.676409900188446,0.2695301175117492,0.3548967838287353,0.6050574779510498,0.4439006745815277,0.0293073914945125,0.0231826417148113,0.0417773760855197,0.3723527491092682,0.5894569158554077,0.8376534581184387,0.8435848355293274,0.0141462059691548,0.1900757998228073,0.5259199142456055,0.0395185016095638,0.0370288863778114,0.6154772639274597,0.6141022443771362,0.1853594183921814,0.0132439555600285,0.0327135697007179,0.0417026355862617,0.04053695499897,0.0404826067388057,0.2543834745883941,0.3460329473018646,0.8669586777687073,0.3489994704723358,0.0446716994047164,633.0,0.0042438788918984,11.303571428571429,56.0,0.0,1.0,149156.0
273_IOPS_id_14_WebService_tr_5569_1st_5669.csv,0.0425934083759784,0.2292656004428863,0.2850720882415771,0.1200689002871513,0.1048262268304824,0.1428599804639816,0.2226974070072174,0.0537960082292556,0.0690770074725151,0.0387406013906002,0.1284576952457428,0.1840305626392364,0.7440170049667358,0.6389874219894409,0.0169649235904216,0.1213129684329032,0.1198680773377418,0.0387446023523807,0.0881129428744316,0.2687548995018005,0.0801889523863792,0.0677205026149749,0.0242304559797048,0.0397747978568077,0.0140809072181582,0.2905349731445312,0.0612017847597599,0.0753483772277832,0.1915012747049331,0.3699158728122711,0.1256735026836395,0.0928629040718078,761.0,0.005103204087928,14.358490566037736,53.0,0.0,1.0,149122.0
274_IOPS_id_15_WebService_tr_4591_1st_4691.csv,0.1104866042733192,0.3886580765247345,0.3027491569519043,0.1573512852191925,0.1510509103536605,0.3593646883964538,0.3846926987171173,0.0975094512104988,0.0938819348812103,0.0996641591191291,0.470986932516098,0.2899190485477447,0.7444940209388733,0.7295956015586853,0.058484174311161,0.1296813786029815,0.4329204857349396,0.0998468697071075,0.0993657484650611,0.2831200659275055,0.4290182590484619,0.2206979840993881,0.0765285789966583,0.085526205599308,0.0584619827568531,0.1270827353000641,0.1022289171814918,0.2439275532960891,0.1770997494459152,0.3088714182376861,0.4651324152946472,0.3264085948467254,6777.0,0.0454429632808518,78.80232558139535,86.0,0.0,1.0,149132.0
275_IOPS_id_16_WebService_tr_1482_1st_1582.csv,0.1485730856657028,0.3316008746623993,0.2417488545179367,0.2585271000862121,0.2670221626758575,0.2337791472673416,0.4683362245559692,0.2159930914640426,0.1611071527004242,0.3233846426010132,0.2728036344051361,0.149699181318283,0.2333301454782486,0.2395924180746078,0.4875344038009643,0.3165608048439026,0.2694096863269806,0.1485730856657028,0.1346510648727417,0.2616329193115234,0.2616156637668609,0.1285383105278015,0.2349641025066375,0.4753913283348083,0.425342708826065,0.1453465968370437,0.3867987096309662,0.1943505853414535,0.2673815786838531,0.2212887108325958,0.3399453163146972,0.2449906021356582,71.0,0.0080828779599271,11.833333333333334,6.0,0.0,1.0,8784.0
279_NEK_id_3_WebService_tr_500_1st_974.csv,0.0996813029050827,0.9791978597640992,0.8604967594146729,0.2288628220558166,0.5485091805458069,0.3230341076850891,0.6491687297821045,0.3385831415653229,0.2678869366645813,0.3530950546264648,0.9076914191246032,0.2550160586833954,0.8935017585754395,0.8845311999320984,0.1653647273778915,0.2200297117233276,0.9386921525001526,0.0996813029050827,0.2695740759372711,0.4769438505172729,0.5628637075424194,0.2526872158050537,0.2602220773696899,0.5582995414733887,0.6030451655387878,0.1052640378475189,0.540525496006012,0.9958536624908448,0.248081773519516,0.3664471507072449,0.8751161694526672,0.9689361453056335,91.0,0.0848089468779123,91.0,1.0,0.0,1.0,1073.0
280_NEK_id_4_WebService_tr_500_1st_231.csv,0.1202463060617446,0.0644187554717063,0.2823659777641296,0.2745711803436279,0.1663588285446167,0.2285124063491821,0.1881283372640609,0.2063952386379242,0.0734127163887023,0.9532132744789124,0.3090770244598388,,0.6037571430206299,0.6021077036857605,0.0770353004336357,0.5373492240905762,0.5494630932807922,0.9176688194274902,0.0777098760008812,0.3357380628585815,0.6378204822540283,0.0668843910098075,0.4711129069328308,0.199543222784996,0.8054512739181519,0.3815871477127075,0.2703635692596435,0.9681314826011658,0.3063085079193115,0.1887873858213424,0.2736857533454895,0.2492424398660659,,,,,,,
281_NEK_id_5_WebService_tr_500_1st_974.csv,0.2195930629968643,0.6673223376274109,0.9152498841285706,0.2455303072929382,0.7062168717384338,0.6203502416610718,0.7333295345306396,0.0859308913350105,0.0627571418881416,0.450773686170578,0.9079914093017578,0.314650148153305,0.8884218335151672,0.90651673078537,0.0755378752946853,0.3754911720752716,0.973564624786377,0.0982538312673568,0.3016947507858276,0.4923613369464874,0.6995644569396973,0.0883333981037139,0.082992598414421,0.0982722640037536,0.0984788686037063,0.0612183846533298,0.2689017951488495,0.9969442486763,0.2546699643135071,0.5064862966537476,0.8833180069923401,0.946738600730896,88.0,0.0820130475302889,88.0,1.0,0.0,1.0,1073.0
282_NEK_id_6_WebService_tr_500_1st_64.csv,0.1903643459081649,0.1280028820037841,0.4815880954265594,0.344203919172287,0.2564255595207214,0.2415404170751571,0.4708985388278961,0.3903611004352569,0.2572090625762939,0.3644522428512573,0.4307757318019867,0.420116662979126,0.4866173565387726,0.4797408580780029,0.1566607505083084,0.3194219172000885,0.789663553237915,0.1820759177207946,0.2843586802482605,0.4512853622436523,0.4691137075424194,0.1962144821882248,0.1904756873846054,0.3349071145057678,0.3381613492965698,0.2830329537391662,0.2525098621845245,0.6927220821380615,0.4077612161636352,0.2811672985553741,0.4384369552135467,0.3926301598548889,63.0,0.0587138863000931,9.0,7.0,0.0,1.0,1073.0
283_NEK_id_7_WebService_tr_500_1st_777.csv,0.2551146149635315,0.4971376061439514,0.7798236012458801,0.267806738615036,0.5641493201255798,0.6747507452964783,0.6377952098846436,0.3358836472034454,0.2213328927755355,0.4068716764450073,0.7750701904296875,0.2612021565437317,0.8833538889884949,0.891309916973114,0.2060873657464981,0.6000524759292603,0.8220966458320618,0.1455378830432891,0.3373305797576904,0.4720886945724487,0.8673670291900635,0.196293368935585,0.2081774175167083,0.4005234241485595,0.3992427587509155,0.1575189381837844,0.4114808142185211,0.985332727432251,0.277210533618927,0.2911784946918487,0.7635895013809204,0.8646996021270752,120.0,0.1118359739049394,60.0,2.0,0.0,1.0,1073.0
284_NEK_id_8_WebService_tr_500_1st_976.csv,0.3864003717899322,0.3721407651901245,0.754472017288208,0.224748358130455,0.5242735147476196,0.682843029499054,0.7424591183662415,0.1704760938882827,0.074605256319046,0.4432135820388794,0.883599042892456,0.3508964478969574,0.8483850359916687,0.8452426195144653,0.0904462933540344,0.2754284143447876,0.95041686296463,0.0978173613548278,0.3382816016674042,0.4800817966461181,0.5645353198051453,0.0639630183577537,0.0687068924307823,0.1392378211021423,0.132210686802864,0.0613618865609169,0.2727230191230774,0.9818607568740844,0.247955709695816,0.3486526012420654,0.8579797148704529,0.9677252769470216,89.0,0.0829450139794967,89.0,1.0,0.0,1.0,1073.0
285_NEK_id_9_WebService_tr_500_1st_780.csv,0.2591186463832855,0.502794086933136,0.8402742743492126,0.2662205994129181,0.4901749789714813,0.5056110620498657,0.6759330630302429,0.3000917732715606,0.1960472911596298,0.4168737828731537,0.8400852680206299,0.264146089553833,0.8205004930496216,0.8209226131439209,0.1939321905374527,0.2942273020744324,0.8811377882957458,0.1343542635440826,0.2423594146966934,0.4886501431465149,0.8431144952774048,0.1923776566982269,0.2030241340398788,0.3580255210399627,0.3800956606864929,0.1387371867895126,0.3508306443691253,0.9725040197372437,0.2772495746612549,0.2497276812791824,0.7657347917556763,0.8393394947052002,108.0,0.1006523765144454,54.0,2.0,0.0,1.0,1073.0
286_CATSv2_id_1_Sensor_tr_17792_1st_17892.csv,0.0586246624588966,0.1853695213794708,0.1044696345925331,0.058011095970869,0.0639585554599762,0.0635846778750419,0.090505912899971,0.2465903311967849,0.2625187635421753,0.0628452748060226,0.0580218471586704,0.1045990586280822,0.1400082856416702,0.1639228761196136,0.3730325102806091,0.057863887399435,0.0815078169107437,0.0566128008067607,0.2786860167980194,0.1584920138120651,0.2124264389276504,0.0421245768666267,0.0499900057911872,0.3042817711830139,0.2872293293476105,0.1066944599151611,0.2754611372947693,0.2536712288856506,0.0576964206993579,0.0678501054644584,0.0621315464377403,0.2733526527881622,14800.0,0.0493333333333333,778.9473684210526,19.0,0.0,1.0,300000.0
287_TODS_id_1_Synthetic_tr_500_1st_11.csv,0.8568507432937622,0.9132043719291688,0.9367541074752808,0.9836581945419312,0.875558614730835,0.8746927976608276,0.9754141569137572,0.8959602117538452,0.9041592478752136,0.855297863483429,0.9406339526176452,0.9572324156761168,0.8962235450744629,0.8919678330421448,0.9027408361434937,0.8705631494522095,0.8732807636260986,0.8556568622589111,0.894236147403717,0.9830813407897948,0.8830696940422058,0.829917311668396,0.8698773384094238,0.8982805013656616,0.8995016813278198,0.8923150897026062,0.8821327090263367,0.910317838191986,0.9813899397850036,0.8699946403503418,0.8971007466316223,0.9104122519493104,261.0,0.0522,1.05668016194332,247.0,1.0,1.0,5000.0
291_TODS_id_5_Synthetic_tr_500_1st_11.csv,0.8558993339538574,0.8581185936927795,0.8661612272262573,0.9824346899986268,0.8642846345901489,0.8471412062644958,0.850136935710907,0.8899174928665161,0.8965449333190918,0.8966085314750671,0.8464241623878479,,0.8267359733581543,0.8335429430007935,0.897728443145752,0.7857903242111206,0.8346631526947021,0.8116958141326904,0.8864051103591919,0.8360629677772522,0.8616006970405579,0.8279792070388794,0.8493911623954773,0.8745712637901306,0.8752965927124023,0.8949266076087952,0.8719522953033447,0.7214891910552979,0.9795058369636536,0.8542335629463196,0.8526049256324768,0.7824615836143494,,,,,,,
293_TODS_id_7_Synthetic_tr_500_1st_7.csv,0.3650570809841156,0.7425229549407959,0.4495602548122406,0.6077518463134766,0.3137292861938476,0.4989738762378692,0.3081356883049011,0.6664817929267883,0.7790166139602661,0.3223352432250976,0.3164339065551758,0.539800763130188,0.5715992450714111,0.5315142869949341,0.7702848315238953,0.3968938291072845,0.3221657574176788,0.3453522026538849,0.7163354754447937,0.4753895699977875,0.7625499963760376,0.2844569981098175,0.2967130541801452,0.6670899391174316,0.6542935371398926,0.6077717542648315,0.6567925214767456,0.70528644323349,0.6696032285690308,0.522265613079071,0.3238840997219085,0.7034106850624084,251.0,0.0502,10.458333333333334,24.0,0.0,1.0,5000.0
295_TODS_id_9_Synthetic_tr_1250_1st_2046.csv,0.2532852292060852,0.765289306640625,0.2472462207078933,0.3117236196994781,0.1794319301843643,0.4028726518154144,0.225056767463684,0.7948271036148071,0.875812828540802,0.2388684898614883,0.1471987515687942,0.1772102415561676,0.3689505457878113,0.3691109418869018,0.899517834186554,0.3699082434177398,0.1505584716796875,0.2216426134109497,0.7122581601142883,0.2587240934371948,0.9223195910453796,0.883313000202179,0.8458803296089172,0.7991266846656799,0.3835574686527252,0.7458705902099609,0.8805878162384033,0.220198169350624,0.4633591175079345,0.3027906417846679,0.1480125784873962,0.1333164572715759,390.0,0.078,35.45454545454545,11.0,0.0,1.0,5000.0
297_TODS_id_11_Synthetic_tr_500_1st_7.csv,0.3439717292785644,0.6770977973937988,0.5486369729042053,0.447596400976181,0.2705802619457245,0.5930206775665283,0.4030788242816925,0.7134678363800049,0.7875061631202698,0.4370176494121551,0.2643305957317352,0.5596470832824707,0.797234058380127,0.8083022832870483,0.7972891330718994,0.6515995264053345,0.2588284313678741,0.3408890068531036,0.7715549468994141,0.3795564174652099,0.7862249612808228,0.7974291443824768,0.7899177074432373,0.6715230345726013,0.407378613948822,0.7200673222541809,0.7255976796150208,0.3789743781089782,0.7761191129684448,0.7584822177886963,0.2573733329772949,0.2466144561767578,251.0,0.0502,10.458333333333334,24.0,0.0,1.0,5000.0
298_TODS_id_12_Synthetic_tr_500_1st_0.csv,0.5456696152687073,0.8032934069633484,0.6899406313896179,0.6842710971832275,0.6365009546279907,0.7103502750396729,0.7164782285690308,0.7629647850990295,0.8337447047233582,0.6304082870483398,0.6186407804489136,0.7769165635108948,0.8298472762107849,0.8250136971473694,0.8341667056083679,0.697465181350708,0.6126368045806885,0.593375563621521,0.830103874206543,0.8570092916488647,0.7948893308639526,0.790471613407135,0.7409402132034302,0.7700815200805664,0.6339552998542786,0.7623981237411499,0.7407658696174622,0.7104537487030029,0.7325208187103271,0.7782365679740906,0.6154050230979919,0.5497819185256958,324.0,0.0648,5.4,60.0,1.0,1.0,5000.0
300_TODS_id_14_Synthetic_tr_1250_1st_2555.csv,0.1708072423934936,0.9459095597267152,0.8659378886222839,0.1830331832170486,0.1358139663934707,0.5448172092437744,0.109478585422039,0.9894400238990784,0.9741442799568176,0.8054340481758118,0.2630807757377624,,0.1080807149410247,0.1058031097054481,0.93940931558609,0.4224534630775451,0.1292868852615356,0.1304817944765091,0.9751152396202089,0.2535024881362915,0.9998356103897096,0.8309961557388306,0.1138923689723014,0.9557978510856628,0.2262968719005584,0.870601236820221,0.9829226732254028,0.4969239234924316,0.20133838057518,0.3370701670646667,0.13658107817173,0.5618038177490234,,,,,,,
302_Power_id_1_Facility_tr_7685_1st_7785.csv,0.093633122742176,0.0920006856322288,0.0826242715120315,0.0928640738129615,0.0918911546468734,0.0791375935077667,0.0855611264705658,0.4092739820480346,0.198416382074356,0.0947639644145965,0.0711621642112732,0.0883093401789665,0.079596422612667,0.0818768218159675,0.1550498306751251,0.0876226723194122,0.0707731023430824,0.0949373543262481,0.1713102310895919,0.1005146950483322,0.0741583257913589,0.130514308810234,0.1289059072732925,0.2215041667222976,0.1423903852701187,0.2882747650146484,0.1732868552207946,0.0792394652962684,0.0886491239070892,0.0865116491913795,0.0711357966065406,0.0657576695084571,3000.0,0.0856164383561643,750.0,4.0,0.0,1.0,35040.0
304_UCR_id_2_Medical_tr_2499_1st_7000.csv,0.007192472461611,0.0031747771427035,0.0102709541097283,0.0431827008724212,0.0262468308210372,0.0093088215216994,0.0333249643445014,0.0105983922258019,0.0367563962936401,0.0264396984130144,0.0088255796581506,0.0101698897778987,0.0326475426554679,0.0344482362270355,0.275497168302536,0.0119474418461322,0.0209010355174541,0.007192472461611,0.0313026420772075,0.0181211046874523,0.0712793841958046,0.0312959589064121,0.0241270381957292,0.0225713923573493,0.0897869169712066,0.0189076624810695,0.0063109179027378,0.0460082851350307,0.0315686091780662,0.0111870467662811,0.0571829639375209,0.0274617169052362,50.0,0.00500100020004,50.0,1.0,0.0,1.0,9998.0
305_UCR_id_3_Medical_tr_3000_1st_5948.csv,0.0192319229245185,0.031092133373022,0.0232007727026939,0.074469044804573,0.0192226227372884,0.0214887261390686,0.0192281026393175,0.8891915082931519,0.9999669790267944,0.9346948862075806,0.0245059616863727,,0.0213938411325216,0.0208522472530603,0.9208503365516664,0.0315475165843963,0.0311126913875341,0.1525304913520813,0.9998545050621032,0.0833319723606109,0.558259904384613,0.3191350400447845,0.0112694231793284,0.622758150100708,0.8614829182624817,0.978010594844818,0.0129350014030933,0.180879145860672,0.032512005418539,0.0235264506191015,0.0169279929250478,0.0369605012238025,,,,,,,
307_UCR_id_5_Facility_tr_29895_1st_39240.csv,0.0019100145436823,0.0010204998543486,0.0029968016315251,0.001481523970142,0.0030419095419347,0.0027545222546905,0.0028103657532483,0.0006070504896342,0.0008020196692086,0.0015396114904433,0.0044516469351947,0.0021785835269838,0.0033626288641244,0.0035090551245957,0.001060310867615,0.0026000482030212,0.0043854638934135,0.0014856266789138,0.0008448955486528,0.0113380020484328,0.0017812857404351,0.0007117183413356,0.0008387293783016,0.0008141307625919,0.0011462901020422,0.0018830259796231,0.0011809041025117,0.0034270258620381,0.0018662933725863,0.002782863099128,0.0044538686051964,0.0050540771335363,96.0,0.0008028098344204,96.0,1.0,0.0,1.0,119580.0
308_UCR_id_6_Facility_tr_20000_1st_56600.csv,0.0067435707896947,0.0165207982063293,0.0069052586331963,0.0059255054220557,0.0045779226347804,0.0052158278413116,0.0032241409644484,0.0243622381240129,0.0207403674721717,0.0492999218404293,0.0051497193053364,0.0058011449873447,0.0047367946244776,0.0045284712687134,0.9291406869888306,0.0056989910081028,0.0049623753875494,0.0034922375343739,0.0448435246944427,0.0066648344509303,0.0918078050017356,0.055542342364788,0.0027515168767422,0.2248494625091552,0.1163575649261474,0.0245001874864101,0.004725448321551,0.0027829252649098,0.0058661312796175,0.005272805225104,0.0050095366314053,0.0040008812211453,,,,,,,
310_UCR_id_8_HumanActivity_tr_2631_1st_8285.csv,0.0047231214120984,0.0036621359176933,0.0046105291694402,0.0084339445456862,0.0049842889420688,0.0062044584192335,0.0049392860382795,0.0114025166258215,0.0176208838820457,0.0047704391181468,0.0046442467719316,0.0051648207008838,0.0031508144456893,0.0030537866987288,0.0758880078792572,0.0073248487897217,0.0047518420033156,0.0047704391181468,0.0086296806111931,0.0045525073073804,0.0271081086248159,0.0060467105358839,0.0071616666391491,0.0195710584521293,0.0938365757465362,0.0055220085196197,0.0075015220791101,0.0040651373565196,0.004473318811506,0.005689593963325,0.0045295199379324,0.0029958037193864,30.0,0.0028506271379703,30.0,1.0,0.0,1.0,10524.0
311_UCR_id_9_HumanActivity_tr_16000_1st_38400.csv,0.0140882581472396,0.0314130224287509,0.0166322700679302,0.0143445404246449,0.0180733744055032,0.0182270314544439,0.0248764883726835,0.1376392692327499,0.1300277709960937,0.1763913780450821,0.0167039688676595,0.0142990797758102,0.0146687263622879,0.0146179944276809,0.2075424045324325,0.0160532519221305,0.0165802165865898,0.0141625562682747,0.1621599793434143,0.0243159104138612,0.0164435841143131,0.0138331148773431,0.0133277010172605,0.1522677093744278,0.2611854076385498,0.0811853259801864,0.0180033631622791,0.0117804016917943,0.0158080868422985,0.0142070660367608,0.0166161227971315,0.01526780705899,800.0,0.0125,800.0,1.0,0.0,1.0,64000.0
312_UCR_id_10_Facility_tr_19948_1st_52000.csv,0.0099911959841847,0.118462435901165,0.009749055840075,0.0099496990442276,0.0117769902572035,0.0124705294147133,0.1052934676408767,0.0286836791783571,0.060814332216978,0.0201796945184469,0.0255006346851587,,0.0100492509081959,0.0099184373393654,0.3726616203784942,0.0084326174110174,0.0267570745199918,0.6660400629043579,0.0616423785686492,0.0139723801985383,0.660203754901886,0.5354545712471008,0.0863915383815765,0.033713474869728,0.0197381284087896,0.0094993086531758,0.0066884816624224,0.5678951740264893,0.0098295575007796,0.0115066580474376,0.0254551321268081,0.3266056478023529,,,,,,,
313_UCR_id_11_Sensor_tr_2827_1st_4711.csv,0.0156446397304534,0.5824117064476013,0.0551867932081222,0.0166501961648464,0.0128265442326664,0.0169990807771682,0.0142409177497029,0.989291489124298,0.9874956607818604,0.0160380508750677,0.1713746935129165,0.0162409860640764,0.0394141562283039,0.0244799219071865,0.8902515172958374,0.0528449565172195,0.0175715498626232,0.0160380508750677,0.9870261549949646,0.0167905874550342,0.9918226003646852,0.5320188999176025,0.6387126445770264,0.9882361888885498,0.9780558347702026,0.9052078723907472,0.5988925695419312,0.5667476654052734,0.054469771683216,0.0152574852108955,0.0152692431584,0.7015965580940247,98.0,0.0086664308454191,98.0,1.0,0.0,1.0,11308.0
315_UCR_id_13_HumanActivity_tr_16000_1st_33070.csv,0.0046492684632539,0.0036014663055539,0.0056393733248114,0.0033813063055276,0.0025583184324204,0.0034396788105368,0.2504584491252899,0.5446380972862244,0.5515491962432861,0.3360632658004761,0.0033480571582913,0.003384158713743,0.0046169008128345,0.0034678338561207,0.3485187888145447,0.0065627172589302,0.0032863561064004,0.0033813063055276,0.6433714628219604,0.0208290498703718,0.0044755656272172,0.0385830216109752,0.0338058546185493,0.3452821969985962,0.1226870492100715,0.1181245967745781,0.0073072360828518,0.0025235246866941,0.0037758005782961,0.0043445038609206,0.0032365573570132,0.002731199376285,110.0,0.00171875,110.0,1.0,0.0,1.0,64000.0
316_UCR_id_14_Sensor_tr_2833_1st_5988.csv,0.0153198279440402,0.4407723844051361,0.0173484776169061,0.0151014644652605,0.0213406849652528,0.0155349317938089,0.0164119023829698,0.9978339672088624,0.9919589757919312,0.0846878588199615,0.0302114803344011,0.1366603374481201,0.049159001559019,0.069477304816246,0.8997471928596497,0.0746363922953605,0.0124288881197571,0.0159130319952964,0.9698421359062196,0.0193870328366756,0.9966573119163512,0.3291259407997131,0.2487915456295013,0.9984093308448792,0.4801737368106842,0.98918616771698,0.9961737394332886,0.693379819393158,0.0245540887117385,0.0279526114463806,0.022609494626522,0.0757937952876091,97.0,0.0085583200988177,97.0,1.0,0.0,1.0,11334.0
317_UCR_id_15_HumanActivity_tr_16000_1st_38400.csv,0.014462511986494,0.0167746730148792,0.0222493913024663,0.0145006366074085,0.0214953292161226,0.0171821303665637,0.0436815172433853,0.0245356708765029,0.0280362758785486,0.4084179401397705,0.0163554102182388,0.014185587875545,0.0147513691335916,0.015027092769742,0.0501528456807136,0.0149017069488763,0.0165387745946645,0.013862338848412,0.0340920463204383,0.0193661637604236,0.0381114110350608,0.0135888196527957,0.0489265322685241,0.0365420058369636,0.3807526528835296,0.0184551998972892,0.0142005179077386,0.0109571609646081,0.0148566635325551,0.0149352047592401,0.0161412265151739,0.0141349444165825,,,,,,,
318_UCR_id_16_Medical_tr_2499_1st_7000.csv,0.007192472461611,0.0034447012003511,0.0086967581883072,0.0098428772762417,0.0106592047959566,0.0087247714400291,0.0260872859507799,0.0039038371760398,0.0085719041526317,0.0215612761676311,0.0076317428611218,0.0078205447643995,0.0178462788462638,0.0207575801759958,0.0139405550435185,0.0086429202929139,0.0134606231003999,0.0374721251428127,0.0075342054478824,0.0088989809155464,0.0352881215512752,0.0108322808519005,0.0398750342428684,0.0074399765580892,0.0144154364243149,0.0053943428210914,0.0048103146255016,0.0297701340168714,0.0083740623667836,0.0087906140834093,0.0160892978310585,0.0152209335938096,,,,,,,
319_UCR_id_17_Environment_tr_6166_1st_19280.csv,0.0130872838199138,0.0075578321702778,0.0718532651662826,0.0080660330131649,0.0087957112118601,0.0401905663311481,0.0245374497026205,0.1465874761343002,0.0089323567226529,0.0129262004047632,0.0065630078315734,0.0697915479540824,0.7101957201957703,0.6584211587905884,0.0057250349782407,0.0892653241753578,0.006359938532114,0.0080665182322263,0.0066918558441102,0.0233914479613304,0.0647683069109916,0.0075584705919027,0.010494022630155,0.1137225553393364,0.0490893758833408,0.0110381906852126,0.017627889290452,0.0212048422545194,0.0108492141589522,0.0442001074552536,0.0064070466905832,0.0064216051250696,160.0,0.0064863988324482,160.0,1.0,0.0,1.0,24667.0
320_UCR_id_18_Medical_tr_2500_1st_7000.csv,0.0051905154250562,0.0068170777522027,0.0061538782902061,0.0066475234925746,0.0052554309368133,0.0048890649341046,0.0043609770946204,0.0398637913167476,0.2277571558952331,0.3818205595016479,0.0127150127664208,0.0059607531875371,0.0178146623075008,0.0134563548490405,0.544797420501709,0.0121964206919074,0.0101609667763113,0.0443271696567535,0.1556784063577652,0.0058949314989149,0.0444250889122486,0.0042244726791977,0.0072527206502854,0.0979895442724227,0.2244983315467834,0.0039807427674531,0.0045316135510802,0.0177174862474203,0.0058786310255527,0.0162688791751861,0.0076844808645546,0.0078248362988233,,,,,,,
321_UCR_id_19_Medical_tr_1875_1st_4485.csv,0.0280770454555749,0.0391901955008506,0.0257292184978723,0.1660148948431015,0.0301318056881427,0.0243464354425668,0.0167187042534351,0.0357017889618873,0.0236068032681942,0.0207399241626262,0.0254217628389596,0.0300048943608999,0.0224318243563175,0.0225072372704744,0.3307919800281524,0.0536537878215312,0.0257444959133863,0.025244740769267,0.200430229306221,0.4427481889724731,0.0501938499510288,0.017679089680314,0.0123683912679553,0.0583466254174709,0.0915424302220344,0.9943877458572388,0.0364003032445907,0.0141550004482269,0.3365382850170135,0.0258027501404285,0.0257264636456966,0.0193059351295232,,,,,,,
322_UCR_id_20_Facility_tr_7482_1st_24005.csv,0.0070569664239883,0.0073826522566378,0.005949932616204,0.0305589083582162,0.0214820634573698,0.0087297772988677,0.0031797748524695,0.0198312792927026,0.5355655550956726,0.9927550554275512,0.0055100508034229,0.007634472567588,0.0098389061167836,0.0041107055731117,0.9679033756256104,0.0072530931793153,0.0053110029548406,0.0065581086091697,0.0182645078748464,0.0493266433477401,0.0191999245434999,0.015672069042921,0.003239672165364,0.3230575025081634,1.0,0.1089895144104957,0.0066096754744648,0.0030209694523364,0.0509359836578369,0.006003473419696,0.0054713319987058,0.0042984522879123,,,,,,,
323_UCR_id_21_HumanActivity_tr_48812_1st_128430.csv,0.035648439079523,0.0002165437763324,0.0002612341486383,0.0005500825354829,0.0007023010984994,5.7511373597662896e-05,2.0333171050879173e-05,0.0720159187912941,0.0695285052061081,0.0021387729793787,0.000302352302242,,0.000151241547428,9.702651732368396e-05,0.0219820812344551,0.0002411156892776,0.0001853556168498,0.0005061671836301,0.0617980137467384,0.0014107085298746,3.372717765159905e-05,0.0002249435056,1.5078424439707304e-05,0.0210218876600265,0.0024672646541148,0.0478412248194217,0.0116327786818146,0.000615476979874,0.0001132889883592,0.0001188146488857,0.0001874776789918,0.0025292781647294,,,,,,,
324_UCR_id_22_Medical_tr_1875_1st_5865.csv,0.0334272310137748,0.0523223169147968,0.0286244396120309,0.035703394562006,0.0314222201704978,0.0251782312989234,0.0250687170773744,0.0381172075867652,0.2082659304141998,0.8653836250305176,0.0246036518365144,0.0298026725649833,0.0244389325380325,0.0244813654571771,0.8895039558410645,0.0293266177177429,0.0242855492979288,0.0232653319835662,0.602546215057373,0.031063312664628,0.0221084039658308,0.5591378808021545,0.0330059453845024,0.6944296360015869,0.942659854888916,0.0262460075318813,0.0321026928722858,0.0142805650830268,0.0295836608856916,0.0292231068015098,0.0243424046784639,0.018986027687788,,,,,,,
325_UCR_id_23_Medical_tr_3000_1st_6168.csv,0.0191485900431871,0.0168821439146995,0.0210675727576017,0.0164030771702528,0.0242008212953805,0.0252036955207586,0.0184314046055078,0.9983983039855956,0.9995703101158142,0.7829532623291016,0.0215089432895183,0.0219621881842613,0.0315145850181579,0.0325023382902145,0.8317067623138428,0.0137871922925114,0.0256689973175525,0.01791887357831,0.995267689228058,0.1040327548980712,0.7209580540657043,0.7638474702835083,0.0218745283782482,0.9000318050384521,0.6755791902542114,0.8890129923820496,0.8754844665527344,0.0147921917960047,0.0202541146427392,0.0233526192605495,0.0269682239741086,0.0135671189054846,,,,,,,
327_UCR_id_25_Medical_tr_15000_1st_51370.csv,0.0088381040841341,0.0114735038951039,0.0108360024169087,0.0093653481453657,0.0094616133719682,0.0099530452862381,0.0131617942824959,0.0455737709999084,0.2643677890300751,0.4245940744876861,0.0094915460795164,0.0093231666833162,0.0162497255951166,0.0336241722106933,0.4326692223548889,0.0090819559991359,0.0106397308409214,0.1002371609210968,0.2361758202314376,0.0149172218516469,0.0059021082706749,0.0155043294653296,0.0152239361777901,0.0905588492751121,0.2564104199409485,0.021375373005867,0.0857353657484054,0.1693003475666046,0.0095471637323498,0.0098508354276418,0.0099007189273834,0.0400443971157074,,,,,,,
330_UCR_id_28_Facility_tr_7482_1st_23405.csv,0.007247993722558,0.0054118335247039,0.0049659414216876,0.0090614864602684,0.0067744650878012,0.0057114749215543,0.0026946393772959,0.0741304159164428,0.0500170737504959,0.0339327156543731,0.0035897754132747,0.0049710208550095,0.002571863355115,0.0022818050347268,0.1077954918146133,0.0065008127130568,0.0034340980928391,0.0048496965318918,0.024595733731985,0.0095974020659923,0.1282364279031753,0.0269791334867477,0.0024598790332674,0.0510719344019889,0.1484120041131973,0.085665613412857,0.0115607222542166,0.0023264065384864,0.0119704268872737,0.0034446183126419,0.0036165337078273,0.0021791835315525,,,,,,,
333_UCR_id_31_Facility_tr_7500_1st_13400.csv,0.0186909493058919,0.0153890922665596,0.0180650372058153,0.0187759455293416,0.0197876021265983,0.0175078883767128,0.012922435067594,0.1473210602998733,0.6530793309211731,0.0518028549849987,0.0151483863592147,0.0184310041368007,0.0148900430649518,0.0150455283001065,0.3280799090862274,0.018398368731141,0.0147413350641727,0.0123004978522658,0.6395068764686584,0.0169646590948104,0.0594218298792839,0.0650075748562812,0.0107527077198028,0.2494677305221557,0.0675515830516815,0.0249573774635791,0.038851473480463,0.0112491734325885,0.0185469202697277,0.0177643410861492,0.0149512588977813,0.0122251790016889,,,,,,,
335_UCR_id_33_Medical_tr_1875_1st_4526.csv,0.0214846320450305,0.0153016718104481,0.0139338811859488,0.0580292679369449,0.015994032844901,0.0146303912624716,0.0165069960057735,0.9899657368659972,0.9843742847442628,0.8790082335472107,0.0133123518899083,0.0185448918491601,0.01384855248034,0.01399727165699,0.8327378630638123,0.0218675900250673,0.0129657685756683,0.0210177656263113,0.9326468110084534,0.059305764734745,0.9905566573143004,0.1274313926696777,0.0208211131393909,0.976896107196808,0.9510383605957032,0.8242751359939575,0.0138989007100462,0.0077666491270065,0.0678066462278366,0.0181783623993396,0.0129038821905851,0.0091555444523692,,,,,,,
337_UCR_id_35_HumanActivity_tr_50000_1st_110260.csv,0.0012920179869979,0.0010718782432377,0.0018385861767455,0.0012866235338151,0.0026262372266501,0.0010419066529721,0.001243379083462,0.0067239734344184,0.0084990793839097,0.0108722662553191,0.0008944962755776,0.0009259091457352,0.0008601661538705,0.0008082842105068,0.0056514902971684,0.0011141645954921,0.000817425083369,0.0009514077682979,0.0055841538123786,0.0014766540843993,0.0007781528984196,0.0043132370337843,0.0012351315235719,0.0048095630481839,0.0069812452420592,0.0105515718460083,0.0041586472652852,0.0005873611662536,0.0011148547055199,0.0008451156900264,0.0008084864239208,0.0006709976587444,,,,,,,
338_UCR_id_36_Facility_tr_9000_1st_12400.csv,0.0155221195891499,0.0137450452893972,0.014963355846703,0.0179801750928163,0.0213559418916702,0.0140819363296031,0.01321766898036,0.0880278721451759,0.1427564620971679,0.0547833628952503,0.0226026345044374,0.0153667787089943,0.0125533826649189,0.0126875294372439,0.3603270053863525,0.0149173904210329,0.0224903728812932,0.0103946700692176,0.038788978010416,0.0168964136391878,0.0175305642187595,0.0213344153016805,0.0120646553114056,0.16681569814682,0.0519218444824218,0.0168720409274101,0.0171848013997077,0.0096439504995942,0.0154706435278058,0.0148078789934515,0.0229679085314273,0.0242506358772516,,,,,,,
339_UCR_id_37_Sensor_tr_2750_1st_5400.csv,0.0370162352919578,0.3513925969600677,0.4248387515544891,0.0438795909285545,0.0313822478055954,0.153482511639595,0.1129834577441215,0.9928021430969238,0.5857986211776733,0.0239827465265989,0.1033473461866378,0.1328882426023483,0.2181256711483001,0.2068720608949661,0.3808907568454742,0.0619409158825874,0.1033282876014709,0.0244407746940851,0.5051421523094177,0.0403816998004913,0.7101722359657288,0.1100248619914054,0.09425950050354,0.9098500609397888,0.3512206971645355,0.2465589344501495,0.8857747316360474,0.3669111430644989,0.0793753936886787,0.0746758133172988,0.1032837927341461,0.3444276750087738,200.0,0.0181818181818181,200.0,1.0,0.0,1.0,11000.0
340_UCR_id_38_Facility_tr_32500_1st_114283.csv,0.0164999961853027,0.0014908829471096,0.003712651785463,0.0021086127962917,0.0018673042068257,0.0018239021301269,0.0015178312314674,0.8295972347259521,0.882043719291687,0.8831816911697388,0.0026804597582668,0.0020875695627182,0.002340605482459,0.0019137153867632,0.8251711130142212,0.0046142418868839,0.0026891361922025,0.1006450653076171,0.0041099581867456,0.0031469147652387,0.0223000925034284,0.0053928629495203,0.0017258847365155,0.7539093494415283,0.8924649357795715,0.0012654268648475,0.0168815534561872,0.0025518531911075,0.0024623549543321,0.003128191223368,0.0026867324486374,0.0020840370561927,,,,,,,
341_UCR_id_39_HumanActivity_tr_48812_1st_128430.csv,0.0005177157581783,0.0001426559756509,0.0001530658773845,0.0005248792585916,0.0004827345255762,5.950970808044076e-05,2.3774950022925623e-05,0.0002703868667595,0.0004396805888973,0.0005883240955881,0.0001132412653532,7.447082316502929e-05,8.850669109961018e-05,6.926997593836859e-05,0.000454564607935,0.0003328063176013,0.0001408427488058,0.0005500825354829,0.0004682944854721,0.0012960358290001,2.8242604457773268e-05,9.095262794289738e-05,0.0002176336129195,0.0008747305837459,0.0021261626388877,0.0023702878970652,0.0003018268907908,0.0003459093277342,0.000161767064128,3.634577296907082e-05,0.0001115913546527,0.0010621499968692,1.0,5.121638924455826e-06,1.0,1.0,1.0,0.0,195250.0
344_UCR_id_42_Sensor_tr_2851_1st_5365.csv,0.0089201414957642,0.0493355169892311,0.0090224295854568,0.0133121479302644,0.0092629557475447,0.0154019007459282,0.0067377379164099,0.0655758753418922,0.0169777777045965,0.0100086200982332,0.013278467580676,0.0063594067469239,0.010462705977261,0.0085006048902869,0.0247535537928342,0.0086502321064472,0.008135687559843,0.008623382076621,0.0083156302571296,0.0109223164618015,0.0038975360803306,0.0022639755625277,0.00591158028692,0.0602728761732578,0.1068918853998184,0.0799234136939048,0.0147084640339016,0.0073594166897237,0.0071785715408623,0.0093828691169619,0.0086069600656628,0.0083986157551407,15.0,0.0013150973172014,15.0,1.0,0.0,1.0,11406.0
345_UCR_id_43_Facility_tr_25000_1st_44630.csv,0.0036878734827041,0.0042234468273818,0.0041219335980713,0.0036640360485762,0.0038951863534748,0.003618543036282,0.0022047965321689,0.455853670835495,0.5884299874305725,0.2610856592655182,0.0026277608703821,0.0034130013082176,0.0031879029702395,0.0034963474608957,0.3181976974010467,0.0034285150468349,0.0026284903287887,0.0036327622365206,0.0451348908245563,0.0026332940906286,0.0280152633786201,0.0072758067399263,0.0022378745488822,0.2198288887739181,0.2210733890533447,0.0026333504356443,0.0055816248059272,0.0025726070161908,0.0031120635103434,0.0035898846108466,0.0026280577294528,0.0022808525245636,,,,,,,
346_UCR_id_44_Medical_tr_7456_1st_17390.csv,0.005293468479067,0.7957000732421875,0.004903869703412,0.0091571398079395,0.0057341568171978,0.0046113929711282,0.0071683558635413,0.1360850483179092,0.5611916780471802,0.0052149938419461,0.0064392369240522,0.0067923725582659,0.0555539429187774,0.0060906372964382,0.4399283230304718,0.0062035815790295,0.0065896580927073,0.005293468479067,0.5573497414588928,0.0157160479575395,0.1455354392528534,0.0948659479618072,0.10268085449934,0.3339807689189911,0.4959550201892853,0.0065947682596743,0.0083173457533121,0.1136412993073463,0.006790027488023,0.0050017274916172,0.007316252682358,0.0732806324958801,130.0,0.0043586132904177,130.0,1.0,0.0,1.0,29826.0
347_UCR_id_45_Sensor_tr_2851_1st_5365.csv,0.0092259524390101,0.0374328382313251,0.033581219613552,0.0120119703933596,0.0083577334880828,0.0069060688838362,0.0040140813216567,0.651733934879303,0.9526060223579408,0.941429078578949,0.1336346268653869,,0.0071810558438301,0.0059443255886435,0.9749743342399596,0.0064130974933505,0.0082098077982664,0.0133171789348125,0.956076979637146,0.0100468834862113,0.0120412241667509,0.1487806290388107,0.0055184196680784,0.8170529007911682,0.7364855408668518,0.530208945274353,0.5327309370040894,0.0043856031261384,0.011741317808628,0.0092024244368076,0.0082408525049686,0.0121374679729342,,,,,,,
348_UCR_id_46_Facility_tr_9000_1st_12400.csv,0.0155600300058722,0.0142583884298801,0.015583848580718,0.0154038649052381,0.0203200224786996,0.0143466675654053,0.0167253799736499,0.0168316904455423,0.1364188343286514,0.0588704980909824,0.0244176629930734,0.0152578819543123,0.0126668587327003,0.0127673679962754,0.273648202419281,0.0151435900479555,0.0242107044905424,0.0108925160020589,0.1663997024297714,0.0169944018125534,0.0278615094721317,0.030831029638648,0.0152318561449646,0.1532318145036697,0.0792367234826088,0.016519883647561,0.0729763135313987,0.0108072236180305,0.0154578816145658,0.0147590143606066,0.024919182062149,0.0307838581502437,,,,,,,
349_UCR_id_47_Facility_tr_29954_1st_74900.csv,0.001482663443312,0.0018403886351734,0.0026158178225159,0.0014764694496989,0.0025908832903951,0.0028245816938579,0.0017347750253975,0.0008532340289093,0.0012343858834356,0.0014405274996533,0.0031630685552954,0.0021535216365009,0.0032127953600138,0.0031715724617242,0.0006755163194611,0.0028447858057916,0.0032250359654426,0.001482663443312,0.0013457777677103,0.0094824600964784,0.0018012701766565,0.0006845878669992,0.0006695217452943,0.0010274129454046,0.0013100976357236,0.0014887285651639,0.001008175429888,0.0029144703876227,0.001865227939561,0.0028947407845407,0.0031699039973318,0.0031916929874569,96.0,0.0008012084894716,96.0,1.0,0.0,1.0,119819.0
350_UCR_id_48_Facility_tr_7482_1st_23405.csv,0.0071425982750952,0.0062712635844945,0.0050336751155555,0.0088035203516483,0.0065046045929193,0.0051762014627456,0.0032831542193889,0.0585584193468093,0.0185616128146648,0.022236905992031,0.0033812508918344,0.0050225579179823,0.0026641765143722,0.0023539368994534,0.0721616148948669,0.0062299380078911,0.0032738172449171,0.0048580034635961,0.0217209905385971,0.0103233465924859,0.0119686434045434,0.0129998670890927,0.0027942715678364,0.0392053760588169,0.0517109967768192,0.0754678398370742,0.0137848341837525,0.0031866107601672,0.0111214546486735,0.0062364316545426,0.0034177263732999,0.0019550714641809,,,,,,,
352_UCR_id_50_HumanActivity_tr_48750_1st_110800.csv,0.0005507877795025,0.0001401276385877,0.6759463548660278,0.9858199954032898,0.0083186579868197,0.583278238773346,8.879835513653234e-05,0.0002668749948497,0.0001309559156652,0.5083909034729004,0.0001355245040031,0.000271869910648,0.051976453512907,0.0002594502875581,0.0020671894308179,0.5541102886199951,9.520473395241424e-05,0.0069005298428237,0.0001129749798565,0.7908389568328857,0.0003323200216982,0.0001304690667893,6.905566260684282e-05,0.0006556530133821,0.4691841900348663,0.782071590423584,0.0037110461853444,0.0001015664820442,0.9858199954032898,0.4994396269321441,0.0001242001744685,5.4851596360094845e-05,,,,,,,
354_UCR_id_52_Facility_tr_7482_1st_18485.csv,0.0157696418464183,0.0083818975836038,0.0124698365107178,0.0161625370383262,0.0145825706422328,0.0105163538828492,0.0113092260435223,0.6785688400268555,0.5908812284469604,0.1455057859420776,0.0182310659438371,0.0137848602607846,0.0091480137780308,0.009540295228362,0.7802274823188782,0.0140475686639547,0.0183822494000196,0.0132602239027619,0.1230076104402542,0.0130760772153735,0.014316089451313,0.866180956363678,0.0109800631180405,0.3950782716274261,0.1357957124710083,0.1300941109657287,0.1996830850839615,0.0085360556840896,0.0156930908560752,0.0120351677760481,0.0181177332997322,0.022669730708003,,,,,,,
355_UCR_id_53_HumanActivity_tr_48750_1st_143411.csv,0.0010631490731611,0.0008982172585092,0.4179249703884125,0.0255856700241565,0.0045429239980876,0.3441163003444671,0.0011632057139649,0.0015793918864801,0.001665293239057,0.0010355369886383,0.0006868126802146,0.0025065904483199,0.0911236554384231,0.0017535970546305,0.0022460224572569,0.1425536721944809,0.0006868930067867,0.0010584800038486,0.0017925600986927,0.6563824415206909,0.0034346326719969,0.0009349732426926,0.0009273936157114,0.0018220645142719,0.0626213029026985,0.1940021216869354,0.0012095362180843,0.0011484797578305,0.4975475668907165,0.0034427591599524,0.0006952756666578,0.000613918993622,100.0,0.0005128205128205,100.0,1.0,0.0,1.0,195000.0
356_UCR_id_54_Medical_tr_7500_1st_16000.csv,0.0077950498089194,0.0057502719573676,0.0119653036817908,0.0080331452190876,0.006562951952219,0.0052593387663364,0.0035142297856509,0.9998959302902222,0.9990148544311525,0.1081775724887847,0.0070941424928605,0.0074829668737947,0.0047156526707112,0.0044426177628338,0.9935203790664672,0.0069585354067385,0.0065926034003496,0.0046293823979794,0.99942547082901,0.0087860925123095,0.0752724781632423,0.2893261909484863,0.002892043441534,0.9948387145996094,0.6847033500671387,0.2215660661458969,0.1653401255607605,0.0031235564965754,0.0072891828604042,0.0069735697470605,0.0067935246042907,0.0041398196481168,,,,,,,
358_UCR_id_56_Facility_tr_10500_1st_29080.csv,0.0021737210918217,0.0182427149266004,0.0023011218290776,0.0021737210918217,0.0021737213246524,0.0030192623380571,0.0019104892853647,0.0170455258339643,0.0131437834352254,0.0021737210918217,0.0021442188881337,0.0021737213246524,0.0021737210918217,0.0021737210918217,0.0095259128138422,0.0021737210918217,0.0021489195059984,0.0021737210918217,0.0038186993915587,0.0081815095618367,0.0075025670230388,0.0032851512078195,0.0057098781690001,0.0188148077577352,0.0737485215067863,0.0217693094164133,0.0170141961425542,0.0016574295004829,0.0021737213246524,0.0022572283633053,0.0021673236042261,0.0026853180024772,60.0,0.0014285714285714,60.0,1.0,0.0,1.0,42000.0
359_UCR_id_57_Medical_tr_1913_1st_3474.csv,0.0386331491172313,0.0236418489366769,0.0283317286521196,0.0373864918947219,0.0286913067102432,0.027558110654354,0.3630248010158539,0.8069033026695251,0.69632887840271,0.3974761962890625,0.1119011789560318,0.0417490974068641,0.02069553732872,0.0207605846226215,0.6816701292991638,0.0253022704273462,0.1128812581300735,0.6977569460868835,0.7744085788726807,0.0441434569656848,0.3542764782905578,0.4445304274559021,0.5001108646392822,0.6750308275222778,0.2359162420034408,0.1575187742710113,0.0577158853411674,0.7951972484588623,0.0444667413830757,0.0258608851581811,0.1097260043025016,0.6064777970314026,,,,,,,
360_UCR_id_58_Facility_tr_14030_1st_52600.csv,0.0281757228076457,0.33356973528862,0.1750964671373367,0.0077503793872892,0.0130269164219498,0.0430803634226322,0.3716880679130554,0.4730092883110046,0.9949101209640504,0.8345378637313843,0.0842853561043739,0.0199872851371765,0.3978441953659057,0.4605135321617126,0.9723412990570068,0.0487197823822498,0.0997651442885398,0.7081179618835449,0.9966312050819396,0.0222989208996295,0.9804943203926086,0.338123470544815,0.1614352017641067,0.4078498780727386,0.4578510522842407,0.0064125042408704,0.0066083413548767,0.9853773713111876,0.010384052991867,0.0260995775461196,0.0846931040287017,0.876980185508728,,,,,,,
361_UCR_id_59_Medical_tr_3000_1st_7175.csv,0.0332319214940071,0.0790513530373573,0.0322919636964798,0.0273574143648147,0.0324263162910938,0.1060630902647972,0.0294207260012626,0.9982572793960572,0.9954288005828856,0.0320120528340339,0.0358320958912372,0.0330688171088695,0.0282765682786703,0.0282857958227396,0.9405373334884644,0.0404246039688587,0.0318335220217704,0.0332319214940071,0.994564414024353,0.0862366035580635,0.9763434529304504,0.8370677828788757,0.8246942162513733,0.9363630414009094,0.5766289234161377,0.8860002756118774,0.2764966487884521,0.4309900104999542,0.0349353812634944,0.0306844022125005,0.0403811670839786,0.1027377918362617,213.0,0.01775,213.0,1.0,0.0,1.0,12000.0
362_UCR_id_60_HumanActivity_tr_16000_1st_31200.csv,0.0118458727374672,0.0100493086501955,0.0122215766459703,0.0118319075554609,0.0133582549169659,0.0122870448976755,0.0205459743738174,0.0217537358403205,0.0256607681512832,0.3411974906921386,0.0123801734298467,0.0113664409145712,0.0117901489138603,0.0118923550471663,0.0206692963838577,0.0135119091719388,0.0124309780076146,0.0130114667117595,0.0503728836774826,0.0163064505904912,0.0128663992509245,0.0120881404727697,0.0192787032574415,0.019219234585762,0.3864657282829284,0.0138806821778416,0.0130942622199654,0.0096313608810305,0.0117310881614685,0.0120251942425966,0.0123984012752771,0.011984976939857,,,,,,,
363_UCR_id_61_Medical_tr_7500_1st_16000.csv,0.0080502107739448,0.004292129073292,0.014180488884449,0.0078677292913198,0.0055089686065912,0.0050973291508853,0.0036388910375535,0.9999756217002868,0.998036801815033,0.0617138966917991,0.0070959995500743,0.0078802267089486,0.0048966845497488,0.0045476336963474,0.988483428955078,0.0064192404970526,0.0067088175565004,0.0048132990486919,0.9967843890190125,0.0085465498268604,0.7342249155044556,0.1606496423482895,0.0030856353696435,0.9996087551116944,0.3373394012451172,0.0832206904888153,0.0063273306004703,0.0031321418937295,0.0072404430247843,0.0063788732513785,0.006865476258099,0.0039408425800502,,,,,,,
365_UCR_id_63_Facility_tr_50000_1st_210720.csv,0.003835022682324,0.0116036878898739,0.0093914363533258,0.0025407881475985,0.0111198993399739,0.0027883248403668,0.005636550951749,0.0020082970149815,0.0019394358387216,0.4495122134685516,0.0030232004355639,0.0025117914192378,0.0030269464477896,0.0025974824093282,0.0021670961286872,0.0200450178235769,0.0026730236131697,0.0034286023583263,0.0020528007298707,0.0070000714622437,0.0022886253427714,0.0212210062891244,0.0062066633254289,0.0021120968740433,0.3868630528450012,0.0157261975109577,0.0036977655254304,0.0029231200460344,0.0026077267248183,0.0025679396931082,0.0028985626995563,0.0025057368911802,,,,,,,
366_UCR_id_64_Medical_tr_2507_1st_8500.csv,0.0022846374195069,0.4820816218852997,0.0370172038674354,0.0564644038677215,0.0013132310705259,0.0308756306767463,0.0003151364508084,0.3953633606433868,0.355647474527359,0.3043451905250549,0.5000864863395691,0.0024327978026121,0.0033286379184573,0.0008943756693042,0.3178700804710388,0.371844470500946,0.0023179401177912,0.1046984270215034,0.349023699760437,0.0371640399098396,0.7794695496559143,0.4251468181610107,0.0003016020637005,0.517166793346405,0.6901828646659851,0.3458256125450134,0.2810737788677215,0.0278919339179992,0.0144731244072318,0.0873220562934875,0.0021399119868874,0.0968409106135368,,,,,,,
367_UCR_id_65_Medical_tr_9567_1st_16000.csv,0.00350450607948,0.0134243676438927,0.0031366634648293,0.0033879526890814,0.0032801653724163,0.003068963997066,0.0016846487997099,0.0020053391344845,0.0105515252798795,0.037825658917427,0.0034321339335292,0.0034519063774496,0.0024775119964033,0.0027637674938887,0.0065764267928898,0.0033544942270964,0.0034042422194033,0.0027055884711444,0.0122699839994311,0.0031838878057897,0.0028372642118483,0.0062385238707065,0.002115310402587,0.3060137033462524,0.0038982720579952,0.050281211733818,0.0029371480923146,0.0031079954933375,0.0032961971592158,0.0033417122904211,0.0034147463738918,0.0023025148548185,,,,,,,
370_UCR_id_68_Medical_tr_9625_1st_12240.csv,0.0026455516926944,0.0508705414831638,0.0074444240890443,0.0027297721244394,0.0033380123786628,0.0023294962011277,0.0019916119053959,0.8730294704437256,0.8657501935958862,0.9174327254295348,0.0025187307037413,0.0026398082263767,0.002817824948579,0.0023655153345316,0.3310395181179046,0.0026157184038311,0.0024515874683856,0.00366966961883,0.6468439102172852,0.003152705496177,0.0023246095515787,0.0074094338342547,0.0022030330728739,0.9761961698532104,0.9749875068664552,0.0039505236782133,0.0022091600112617,0.0025546215474605,0.01746416836977,0.0024088609497994,0.0024841795675456,0.0030344517435878,,,,,,,
371_UCR_id_69_Medical_tr_1853_1st_6200.csv,0.0625493302941322,0.1155175268650055,0.0578641854226589,0.0674739778041839,0.0425667092204093,0.0430985689163208,0.0454806759953498,0.9664100408554076,0.9743834733963012,0.0436872914433479,0.0387458764016628,0.0403556451201438,0.047988124191761,0.0479508340358734,0.9453601241111756,0.145256757736206,0.0378795750439167,0.0428015515208244,0.984426498413086,0.0843908339738845,0.9324607253074646,0.5485237240791321,0.3909783065319061,0.8619577884674072,0.8307905793190002,0.8835774660110474,0.0765661150217056,0.0611607544124126,0.1043675392866134,0.0907500833272934,0.037565030157566,0.0311453472822904,170.0,0.0229265003371544,170.0,1.0,0.0,1.0,7415.0
372_UCR_id_70_Medical_tr_7500_1st_17000.csv,0.0081780599430203,0.0067301918752491,0.0096405250951647,0.0081933131441473,0.0069516547955572,0.0061027212068438,0.0039346208795905,0.999981164932251,0.999050498008728,0.2172394096851349,0.0074185510165989,0.00734941707924,0.0052052224054932,0.0054168594069778,0.9998564720153807,0.0072805974632501,0.0070012006908655,0.0100326845422387,0.9990333318710328,0.0090192761272192,0.8462305068969727,0.161971315741539,0.003408370539546,0.9484005570411682,0.3801689147949219,0.1196883171796798,0.0074397432617843,0.0058490843512117,0.0099565610289573,0.0069896602071821,0.0069652972742915,0.0060436902567744,,,,,,,
373_UCR_id_71_Sensor_tr_2827_1st_5988.csv,0.0159592069685459,0.0198810417205095,0.0243492778390645,0.0365443751215934,0.0203622542321681,0.0193098410964012,0.0204382594674825,0.0472407862544059,0.0353442430496215,0.0164383705705404,0.018042754381895,0.019990412518382,0.0258819125592708,0.0258320104330778,0.1928074955940246,0.0425823852419853,0.015878852456808,0.0159496199339628,0.0247210953384637,0.0248066503554582,0.0101031558588147,0.0162687059491872,0.0212048590183258,0.0676272213459014,0.0957190692424774,0.1731313616037368,0.0237277057021856,0.0285154953598976,0.0250501167029142,0.0219122599810361,0.0212904401123523,0.0156400445848703,97.0,0.0085779978776087,97.0,1.0,0.0,1.0,11308.0
375_UCR_id_73_Medical_tr_47500_1st_123000.csv,0.0175659414380788,0.2802769541740417,0.0718149244785308,0.0027797992806881,0.0138887595385313,0.0117160892114043,0.2286386787891388,0.011497844941914,0.0078809726983308,0.1025570183992385,0.0150869963690638,0.0127237308770418,0.058740958571434,0.0372867211699485,0.1080553978681564,0.0111591862514615,0.0139288585633039,0.1598580628633499,0.0041475244797766,0.013970729894936,0.0890634655952453,0.0164835341274738,0.5437531471252441,0.0389765463769435,0.1889261901378631,0.0023889830335974,0.0054573598317801,0.0998647734522819,0.0071244086138904,0.0192467253655195,0.0112186158075928,0.0650796145200729,,,,,,,
376_UCR_id_74_Medical_tr_7500_1st_17210.csv,0.0025960130151361,0.0011152995284646,0.2437737435102462,0.123779758810997,0.0864339545369148,0.0472325980663299,0.8176653981208801,0.0114185875281691,0.0109605947509408,0.9999745488166808,0.2393203675746917,0.198621392250061,0.9980562925338744,0.9993400573730468,0.1911103725433349,0.1660142093896865,0.4411761164665222,0.96782249212265,0.0362719222903251,0.2607069015502929,0.9081297516822816,0.0162778254598379,0.7502713799476624,0.1406358331441879,1.0,0.0475045703351497,0.0028445441275835,0.999948501586914,0.139818400144577,0.2696728408336639,0.1667734831571579,0.9186255931854248,,,,,,,
377_UCR_id_75_Medical_tr_1875_1st_6599.csv,0.031432032585144,0.0195570774376392,0.0247348435223102,0.0311210285872221,0.0312899090349674,0.02774178981781,0.0196141675114631,0.0290266592055559,0.0195746030658483,0.0191356036812067,0.0261659137904644,0.0256536956876516,0.0233351700007915,0.0231779832392931,0.0227409079670906,0.0260238721966743,0.0270612314343452,0.0351271145045757,0.024932574480772,0.0292957182973623,0.0366040356457233,0.0250409133732318,0.0162846352905035,0.0306892450898885,0.04108227789402,0.0505071431398391,0.0332876779139041,0.015948686748743,0.0219029914587736,0.0247115138918161,0.0272766966372728,0.0265487432479858,,,,,,,
378_UCR_id_76_Medical_tr_9594_1st_11111.csv,0.0044996184296905,0.0216010082513093,0.0075838565826416,0.0090970080345869,0.0037084643263369,0.0034430760424584,0.0050756111741065,0.0085605336353182,0.3100423216819763,0.9230231046676636,0.0035943447146564,0.0042976127006113,0.0048581105656921,0.0039908424951136,0.4256297647953033,0.0040507572703063,0.0034094271250069,0.0075601832941174,0.1319541037082672,0.1709527224302292,0.0025350281503051,0.0104115083813667,0.0046683922410011,0.1300527304410934,0.172536090016365,0.2828004062175751,0.0062649832107126,0.0035113068297505,0.0106067014858126,0.0037445737980306,0.003555939765647,0.0065401247702538,,,,,,,
379_UCR_id_77_Facility_tr_32191_1st_124159.csv,0.0081188278272748,0.0098185678943991,0.0242006927728652,0.0086438003927469,0.0091897826641798,0.0105404537171125,0.0063279164023697,0.9982956051826476,0.9999648928642272,0.1570167243480682,0.0065807979553937,0.0081611042842268,0.0099998796358704,0.0093139465898275,0.490304172039032,0.0104575548321008,0.0065814773552119,0.0213065575808286,0.0525225102901458,0.0282741840928792,0.0219618882983922,0.0061504617333412,0.0051105762831866,0.9961892366409302,0.1510486900806427,0.1291985511779785,0.0366389714181423,0.0049552065320312,0.0077496734447777,0.0094290198758244,0.0065881824120879,0.0056701642461121,,,,,,,
383_UCR_id_81_Medical_tr_1875_1st_3198.csv,0.0372523590922355,0.0218412522226572,0.0306183751672506,0.8112928867340088,0.0761302709579467,0.0526978448033332,0.026132458820939,0.9997353553771972,0.9999785423278807,0.9969626069068908,0.0291202925145626,0.0378273762762546,0.0283122900873422,0.0277517102658748,0.999342441558838,0.2576074600219726,0.0290918406099081,0.0251575354486703,0.9998631477355956,0.5757861137390137,0.1085412725806236,0.0483200177550315,0.0257645603269338,0.8541874885559082,0.9598336219787598,0.998955249786377,0.0429472848773002,0.0173094980418682,0.8082826733589172,0.1395062059164047,0.0290496964007616,0.0241987854242324,,,,,,,
385_UCR_id_83_Environment_tr_2046_1st_6006.csv,0.0083338348194956,0.0108133079484105,0.0091054756194353,0.036110483109951,0.0104083893820643,0.0127039439976215,0.007343279197812,0.9367005825042723,0.5904751420021057,0.0092315254732966,0.0086570065468549,0.041834257543087,0.0117751769721508,0.008556711487472,0.5325862765312195,0.0373673290014267,0.0087285358458757,0.0083338348194956,0.362931340932846,0.0582441762089729,0.0351896323263645,0.170816883444786,0.1250343471765518,0.6987214088439941,0.0993022993206977,0.8569513559341431,0.4131907522678375,0.0059073944576084,0.034669779241085,0.0189289320260286,0.008384152315557,0.0063983350992202,48.0,0.0058651026392961,48.0,1.0,0.0,1.0,8184.0
386_UCR_id_84_Environment_tr_2046_1st_5703.csv,0.0054786186665296,0.2701199054718017,0.0076940851286053,0.006248437333852,0.0048878327943384,0.0076748663559556,0.0054801092483103,0.9702595472335817,0.1095837578177452,0.3140392601490021,0.013352240435779,,0.0050796484574675,0.004681154154241,0.0503417961299419,0.0092143565416336,0.0142553197219967,0.0070830285549163,0.0509134568274021,0.0068249655887484,0.0057163937017321,0.3273282945156097,0.0085689118131995,0.7787338495254517,0.2777257263660431,0.0041396492160856,0.4227470457553863,0.0086172157898545,0.0049395100213587,0.0574621260166168,0.012802748940885,0.0111360130831599,,,,,,,
387_UCR_id_85_Environment_tr_2046_1st_5549.csv,0.0086150895804166,0.0075641651637852,0.0485887192189693,0.3862026929855346,0.0162142571061849,0.0106116747483611,0.0172129236161708,0.0372445210814476,0.0750988870859146,0.1412289291620254,0.0258012413978576,0.1605234891176223,0.0263458713889122,0.0199263170361518,0.1740593165159225,0.027664428576827,0.0225855931639671,0.0083338348194956,0.0966747105121612,0.4197134375572204,0.0211385488510131,0.0393011420965194,0.0319148860871791,0.0501926802098751,0.6631112694740295,0.8491772413253784,0.0192239955067634,0.0349110588431358,0.333858460187912,0.0814726278185844,0.0269893500953912,0.0329157933592796,48.0,0.0058651026392961,48.0,1.0,0.0,1.0,8184.0
388_UCR_id_86_Facility_tr_17500_1st_23355.csv,0.0043703126721084,0.0063027208670973,0.0080254971981048,0.0198558177798986,0.0066063208505511,0.0113415839150547,0.0036707930266857,0.0025124712847173,0.0012170493137091,0.9550187587738036,0.0099935391917824,0.006137462798506,0.0078415079042315,0.0070213950239121,0.8221029043197632,0.0254333540797233,0.0098629277199506,0.1869001388549804,0.9991722106933594,0.0141173731535673,0.5845291614532471,0.0158171355724334,0.0048649748787283,0.7417832612991333,0.9664945006370544,0.0049867425113916,0.0013265454908832,0.0544810034334659,0.0268995612859725,0.0083095729351043,0.0098265167325735,0.0096128983423113,,,,,,,
389_UCR_id_87_Facility_tr_7482_1st_18485.csv,0.0159038435667753,0.0077182324603199,0.012218345887959,0.0161790810525417,0.0137933567166328,0.0107428254559636,0.0105247888714075,0.544196605682373,0.5420639514923096,0.3520664274692535,0.0185861028730869,0.0138159887865185,0.010114450007677,0.0099387718364596,0.7983905673027039,0.0125264385715126,0.0187135934829711,0.0130194034427404,0.3046055734157562,0.0131590692326426,0.0280856993049383,0.6993561387062073,0.0111542399972677,0.4469643235206604,0.2871638536453247,0.0188983213156461,0.1696441173553466,0.0086048766970634,0.0158928781747818,0.0115138227120041,0.0183872357010841,0.0225689709186553,,,,,,,
391_UCR_id_89_Medical_tr_1875_1st_5759.csv,0.0422179549932479,0.045573990792036,0.0393446311354637,0.042121198028326,0.0407637767493724,0.0480534546077251,0.0504324473440647,0.9987511038780212,0.9909345507621764,0.0423569194972515,0.0391719974577426,0.037985622882843,0.0343509353697299,0.0343692898750305,0.9766320586204528,0.0909762978553772,0.0392724499106407,0.0421211943030357,0.9669109582901,0.0506112165749073,0.8753685355186462,0.6588420271873474,0.4673976898193359,0.6150671243667603,0.8295413851737976,0.3241109848022461,0.034714750945568,0.0411305651068687,0.0354292802512645,0.0998956933617591,0.0394723787903785,0.0388499721884727,160.0,0.0213333333333333,160.0,1.0,0.0,1.0,7500.0
395_UCR_id_93_Medical_tr_7516_1st_17390.csv,0.005279594566673,0.1075202897191047,0.0058809882029891,0.0040686218999326,0.0051476140506565,0.0066355480812489,0.0054052751511335,0.0618379116058349,0.0065664397552609,0.0937326326966285,0.0052764047868549,0.0049619558267295,0.0040013813413679,0.0030677975155413,0.1039643734693527,0.0038182956632226,0.0046675810590386,0.0101445876061916,0.1840101033449173,0.0048917019739747,0.4817622601985931,0.2491245865821838,0.0522446483373642,0.1770695894956588,0.0456656776368618,0.0037525105290114,0.0069184359163045,0.0128734530881047,0.0038923025131225,0.004436139948666,0.0045902677811682,0.0030559364240616,,,,,,,
396_UCR_id_94_Medical_tr_1875_1st_5607.csv,0.0214278157800436,0.0171218086034059,0.0158219337463378,0.0628928542137146,0.0184350181370973,0.0139790195971727,0.0212352499365806,0.9952780604362488,0.9906249046325684,0.0152288032695651,0.0229345709085464,0.0182441025972366,0.0184194948524236,0.0171102974563837,0.8450755476951599,0.0252449307590723,0.0217006858438253,0.0210846848785877,0.9888857007026672,0.1476774513721466,0.1385011374950409,0.0161675475537776,0.0249736569821834,0.9780840277671814,0.7748346924781799,0.6553695201873779,0.0132877686992287,0.0292766690254211,0.1822649985551834,0.026321817189455,0.0214817058295011,0.0199133418500423,27.0,0.0035995200639914,27.0,1.0,0.0,1.0,7501.0
397_UCR_id_95_Medical_tr_1830_1st_4675.csv,0.0696136057376861,0.1612081974744796,0.2277252823114395,0.0766518265008926,0.0702747330069542,0.0615108422935009,0.0729556083679199,0.8696077466011047,0.9487105011940002,0.6666212677955627,0.0889603197574615,0.072892889380455,0.1585583090782165,0.1639589071273803,0.8720340132713318,0.1616834253072738,0.0878465473651886,0.1627669036388397,0.1214408800005912,0.137528583407402,0.7734714150428772,0.2645928561687469,0.1036064028739929,0.7861058115959167,0.521120011806488,0.8390584588050842,0.1063505858182907,0.3014456629753113,0.1352395862340927,0.1675792038440704,0.0887308344244957,0.0767310410737991,,,,,,,
398_UCR_id_96_Medical_tr_1913_1st_3474.csv,0.0665510147809982,0.0427926294505596,0.031021598726511,0.0337722152471542,0.030972309410572,0.0302392076700925,0.6058104038238525,0.9844068884849548,0.9945619702339172,0.4449415504932403,0.1507315933704376,0.0541332252323627,0.0227669645100832,0.0229428261518478,0.901233971118927,0.0248577538877725,0.1888357847929,0.5136948227882385,0.983485460281372,0.0502048544585704,0.6462090015411377,0.7259345054626465,0.851973295211792,0.8544305562973022,0.2906146645545959,0.3384611904621124,0.04207394272089,0.938265025615692,0.0316821597516536,0.0250798519700765,0.1465595215559005,0.6915944814682007,,,,,,,
400_UCR_id_98_Environment_tr_2046_1st_5391.csv,0.0043846904300153,0.0003063725598622,0.0019257748499512,1.0,0.0450905226171016,0.0032456307671964,0.004312758333981,0.0118850423023104,0.0174336247146129,0.0069208056665956,0.0009639327763579,0.0181837063282728,0.0007490789284929,0.0006779028335586,0.0221734624356031,0.0188263989984989,0.0008050245814956,0.0025909217074513,0.0218317154794931,0.9093568921089172,0.0007925059180706,0.0204933732748031,0.0116223311051726,0.0123879136517643,0.0304230600595474,0.07625612616539,0.0101248696446418,0.0006610376294702,0.8271735906600952,0.0047462172806262,0.0008647226495668,0.0006952850380912,1.0,0.0001221896383186,1.0,1.0,1.0,0.0,8184.0
402_UCR_id_100_Medical_tr_7500_1st_19510.csv,0.0034956759773194,0.0046007940545678,0.0056063556112349,0.0037054268177598,0.0035745683126151,0.005910140927881,0.0045112213119864,0.024414449930191,0.0029085108544677,0.0054694549180567,0.0039423923008143,0.0041293720714747,0.0195354092866182,0.0115712359547615,0.003171965945512,0.004169522318989,0.0033761395607143,0.0078757693991065,0.0056703342124819,0.0058235912583768,0.0048523480072617,0.0033578015863895,0.0035305342171341,0.0091380830854177,0.0306074880063533,0.0029162727296352,0.003947505261749,0.0037647124845534,0.003678839886561,0.0147623252123594,0.0034012831747531,0.0063373339362442,,,,,,,
403_UCR_id_101_Medical_tr_1875_1st_4187.csv,0.0223848763853311,0.0235185902565717,0.0252201743423938,0.6310099363327026,0.0289467889815568,0.0282616466283798,0.0842312201857566,0.0134322885423898,0.1535205394029617,0.0307261999696493,0.0871911868453025,0.0322940908372402,0.0298312287777662,0.0314247496426105,0.1792792081832885,0.0424885414540767,0.0886394530534744,0.1077385395765304,0.0418946146965026,0.8999218344688416,0.024806935340166,0.0873977318406105,0.2298789173364639,0.0316022373735904,0.514913022518158,0.6188567280769348,0.0154692800715565,0.0947003364562988,0.9091085195541382,0.0352488197386264,0.0839969292283058,0.231424793601036,,,,,,,
404_UCR_id_102_Facility_tr_13750_1st_52600.csv,0.0441492572426795,0.0608424432575702,0.2629107534885406,0.0277310814708471,0.0127267688512802,0.3198418617248535,0.5635237693786621,0.9916844964027404,0.994275450706482,0.9082085490226746,0.217672973871231,0.0980349332094192,0.5792232155799866,0.7169948220252991,0.9223811030387878,0.0464712791144847,0.2506114244461059,0.7081179618835449,0.8098385334014893,0.0184237267822027,0.9581023454666138,0.1613148301839828,0.8600829243659973,0.929086208343506,0.7802817821502686,0.0078496634960174,0.2165293842554092,0.9864509105682372,0.0144475363194942,0.0859651267528534,0.2182150185108184,0.8680239319801331,,,,,,,
405_UCR_id_103_Sensor_tr_2827_1st_5988.csv,0.026928586885333,0.0662585645914077,0.0175951421260833,0.0664452314376831,0.0309998523443937,0.0204996820539236,0.2267839908599853,0.0773378312587738,0.3694350123405456,0.0348339863121509,0.0251876972615718,0.0218849815428257,0.0617161840200424,0.0467007458209991,0.3885612189769745,0.0509605407714843,0.0127870310097932,0.0159496199339628,0.2366205006837844,0.0245475191622972,0.1319335699081421,0.392605572938919,0.0194396879523992,0.1688805371522903,0.1367120593786239,0.101587563753128,0.0401769690215587,0.6304442882537842,0.0238314419984817,0.0407565049827098,0.0245845820754766,0.0838404893875122,97.0,0.0085779978776087,97.0,1.0,0.0,1.0,11308.0
406_UCR_id_104_Facility_tr_20000_1st_67950.csv,0.006066111382097,0.0046584946103394,0.1334908902645111,0.0060860607773065,0.0125042339786887,0.0125400479882955,0.0059719909913837,0.0985632613301277,0.999403953552246,0.0057686627842485,0.0057922331616282,0.0063785407692193,0.02743467874825,0.1220877468585968,0.9999829530715942,0.015495566651225,0.0057955398224294,0.006066111382097,0.4694126844406128,0.0078490935266017,0.0885746851563453,0.052841167896986,0.0489036105573177,0.1635675728321075,0.0476658456027507,0.0050723976455628,0.0799983069300651,0.0134561555460095,0.0069387140683829,0.0087633440271019,0.0057331477291882,0.0081444606184959,250.0,0.003125,250.0,1.0,0.0,1.0,80000.0
407_UCR_id_105_Medical_tr_7500_1st_16900.csv,0.0151400221511721,0.0181318707764148,0.0816480070352554,0.0138417975977063,0.0408964492380619,0.0099324947223067,0.1198039054870605,0.9964680075645448,0.9994887113571168,0.995965301990509,0.011608081869781,0.0126069001853466,0.051672987639904,0.0130336200818419,0.9860923886299132,0.0398726314306259,0.0117658860981464,0.0402710139751434,0.999422013759613,0.0192022174596786,0.8727796077728271,0.0396546982228755,0.1152565404772758,0.986780047416687,0.9674156308174132,0.0166086293756961,0.2402216494083404,0.0178326815366745,0.0133053800091147,0.013269786722958,0.0114415353164076,0.0161605775356292,,,,,,,
408_UCR_id_106_Medical_tr_9594_1st_11111.csv,0.0034408795181661,0.016762102022767,0.007659887894988,0.0102333864197134,0.0036376805510371,0.0034510430414229,0.0041138404048979,0.0494463369250297,0.4152418375015259,0.8955109715461731,0.0036089005880057,0.0039817257784307,0.0049924124032258,0.0039464705623686,0.4318389296531677,0.0039666155353188,0.0034229254815727,0.0064980192109942,0.138397991657257,0.1454901099205017,0.0025503120850771,0.0054656383581459,0.0038690487854182,0.1600144654512405,0.0671695917844772,0.4511876404285431,0.0041384776122868,0.003448654199019,0.0107375066727399,0.0036419092211872,0.0034003790933638,0.0056699854321777,,,,,,,
410_UCR_id_108_Medical_tr_1875_1st_4187.csv,0.0526786670088768,0.0081530027091503,0.0451951846480369,0.4795818626880646,0.0297209303826093,0.3891190588474273,0.0451368577778339,0.529693067073822,1.0,0.6937848925590515,0.062458299100399,0.034058179706335,0.0431177578866481,0.043381031602621,0.5636419057846069,0.4499812722206116,0.0644803866744041,0.1797386407852172,0.9982749819755554,0.4715062379837036,0.04201665148139,0.0798170417547226,0.0247705820947885,0.6831539273262024,0.7116069197654724,0.5575313568115234,0.0196117740124464,0.7284790277481079,0.7866764664649963,0.0570557825267314,0.0599330142140388,0.8123851418495178,,,,,,,
411_UCR_id_109_Environment_tr_2046_1st_4852.csv,0.0083338348194956,0.0096913455054163,0.0069422894157469,0.0584410578012466,0.0066816289909183,0.0175025351345539,0.0125909419730305,0.928979516029358,0.5977387428283691,0.0079526277258992,0.018545962870121,0.0315742716193199,0.0068681095726788,0.0065780617296695,0.3513499200344085,0.0919627770781517,0.0193081144243478,0.0083338348194956,0.4046054482460022,0.0681124180555343,0.0852959603071212,0.1916920244693756,0.0797642171382904,0.8462692499160767,0.3241384923458099,0.7963087558746338,0.6523246765136719,0.0173619706183671,0.0658963993191719,0.0077369166538119,0.0173176433891057,0.0526725500822067,48.0,0.0058651026392961,48.0,1.0,0.0,1.0,8184.0
412_UCR_id_110_Medical_tr_7500_1st_16900.csv,0.0117971114814281,0.0184884406626224,0.0731781795620918,0.0116988737136125,0.0435661375522613,0.0112607004120945,0.1438736617565155,0.9981433749198914,0.9994708895683287,0.993418514728546,0.0122329657897353,0.0117287933826446,0.0402715094387531,0.0125758200883865,0.9851850867271424,0.0389356911182403,0.0116221215575933,0.0285438895225524,0.9990447163581848,0.0178029369562864,0.91561359167099,0.0453075282275676,0.0870745703577995,0.985695481300354,0.9386411905288696,0.0269097648561,0.2297443002462387,0.0137225128710269,0.0127988848835229,0.0144091192632913,0.0116185322403907,0.0145924361422657,,,,,,,
413_UCR_id_111_Facility_tr_12500_1st_46600.csv,0.0095842136070132,0.0074766678735613,0.0189241971820592,0.0170696713030338,0.0137739069759845,0.0125422365963459,0.0104722660034894,0.0125681431964039,0.0184175465255975,0.1834803819656372,0.0101923085749149,0.0132185239344835,0.0147092686966061,0.0125163197517395,0.0866219624876976,0.0104545755311846,0.0104332668706774,0.0359608009457588,0.0147501872852444,0.2969841063022613,0.0068434583954513,0.0109466994181275,0.0117917768657207,0.0174272693693637,0.2899041771888733,0.4606328308582306,0.0100945448502898,0.019122002646327,0.03361077606678,0.0110485097393393,0.0097994189709424,0.0099173802882432,,,,,,,
416_UCR_id_114_Medical_tr_50000_1st_91200.csv,0.0036388267762959,0.2841168642044067,0.0103908805176615,0.0027238891925662,0.0041302200406789,0.0048894425854086,0.0963056236505508,0.0237558353692293,0.2245725095272064,0.0100104603916406,0.0066249063238501,0.0025786790065467,0.0069653014652431,0.0054884855635464,0.182613655924797,0.0027989130467176,0.0063308109529316,0.0917863175272941,0.0491908714175224,0.0044770380482077,0.021121809259057,0.1758937686681747,0.1022192537784576,0.0138260331004858,0.0037023811601102,0.002636618213728,0.0230947267264127,0.1460482627153396,0.0026967106387019,0.0038722099270671,0.0044527277350425,0.0897159203886985,,,,,,,
418_UCR_id_116_Facility_tr_10000_1st_35774.csv,0.0052627283148467,0.0213775634765625,0.0107873752713203,0.0051968861371278,0.0170215796679258,0.0054787113331258,0.0061194049194455,0.0612027458846569,0.9912117719650269,0.7836130857467651,0.005937903188169,0.0047712363302707,0.0080165257677435,0.0038375908043235,0.9998989105224608,0.0111133595928549,0.0055534029379487,0.0344412475824356,0.9919535517692566,0.0073341098614037,0.3613261580467224,0.0502987653017044,0.005757343955338,0.4245234429836273,0.8531003594398499,0.0069966726005077,0.0243503842502832,0.0096583189442753,0.0050769289955496,0.0091627100482583,0.0058794575743377,0.0107942558825016,,,,,,,
419_UCR_id_117_Facility_tr_3000_1st_6168.csv,0.0398450382053852,0.024526935070753,0.0294289831072092,0.0179837439209222,0.0332966521382331,0.0501529350876808,0.0233613047748804,0.9999250769615172,0.9998087286949158,0.0170352924615144,0.0302996728569269,0.0240889880806207,0.0617950335144996,0.0559633858501911,0.8468703031539917,0.0151422526687383,0.0285301618278026,0.0191485900431871,0.9973838925361632,0.0201298985630273,0.6582790613174438,0.0059327078051865,0.0164431091398,0.8864567875862122,0.7708349227905273,0.4879966080188751,0.2936294674873352,0.0282879471778869,0.0610053166747093,0.0362844429910182,0.0185287706553936,0.0187161173671484,44.0,0.0036666666666666,44.0,1.0,0.0,1.0,12000.0
420_UCR_id_118_Facility_tr_13750_1st_52600.csv,0.0378873981535434,0.1525548249483108,0.3371970057487488,0.0449616126716136,0.0109647093340754,0.2844131886959076,0.1072100698947906,0.9909530878067015,0.9939730763435364,0.0072710295207798,0.2198765277862548,0.0956131294369697,0.5999539494514465,0.714055597782135,0.9514082670211792,0.0555514097213745,0.2522685527801513,0.0072470237500965,0.8424113988876343,0.0193270910531282,0.9949218034744264,0.3377820253372192,0.1446010172367096,0.9680017828941344,0.0394662134349346,0.0270135998725891,0.2435984909534454,0.9860296845436096,0.0142108537256717,0.3317990005016327,0.2206860333681106,0.8566628098487854,200.0,0.0036363636363636,200.0,1.0,0.0,1.0,55000.0
422_UCR_id_120_Facility_tr_50000_1st_150720.csv,0.0025178168434649,0.0028516843449324,0.0024678877089172,0.0025530511047691,0.0029104037676006,0.0022557834163308,0.0024353156331926,0.002221149392426,0.0023042366374284,0.2327467948198318,0.0027125845663249,0.0024370707105845,0.0024229669943451,0.0023844896350055,0.0025447229854762,0.0024377992376685,0.0034092825371772,0.0024202337954193,0.0022944852244108,0.003269555978477,0.002575033577159,0.0020741571206599,0.0022833403199911,0.0024630699772387,0.2352151721715927,0.3630026280879974,0.0024488393682986,0.0030585636850446,0.0023815426975488,0.0024379265960305,0.0032868382986634,0.0030187992379069,,,,,,,
424_UCR_id_122_Medical_tr_7464_1st_12190.csv,0.0086366916075348,0.6541710495948792,0.0062372470274567,0.0075739948078989,0.0065889945253729,0.0061417077668011,0.0102191613987088,0.1118234917521476,0.9235544800758362,0.0082488963380455,0.0073624174110591,0.0065006376244127,0.0044609885662794,0.0045113055966794,0.1243939995765686,0.0072979219257831,0.0063087777234613,0.0048502241261303,0.9324154257774352,0.00758210523054,0.0232114978134632,0.6057984232902527,0.007598815485835,0.4967139065265655,0.0634698644280433,0.004292223136872,0.0125832557678222,0.0041997972875833,0.0078676575794816,0.0057378448545932,0.0160078629851341,0.0043807439506053,,,,,,,
425_UCR_id_123_Medical_tr_16700_1st_16800.csv,0.0068415743298828,0.0080204093828797,0.1849850714206695,0.0083898808807134,0.0050752437673509,0.1529287248849868,0.0161893814802169,0.0068493080325424,0.0072860443033277,0.5440754890441895,0.021271338686347,0.0846927314996719,0.1638709753751754,0.1500940769910812,0.0184146873652935,0.0878547728061676,0.0216607861220836,0.0023575653322041,0.0082576591521501,0.0389919877052307,0.05519774928689,0.0042427610605955,0.0182611010968685,0.0137080512940883,0.2860977351665497,0.2551712691783905,0.0051728361286222,0.0044776429422199,0.0074367146007716,0.082940012216568,0.0210648868232965,0.045883622020483,,,,,,,
426_UCR_id_124_Sensor_tr_2827_1st_4711.csv,0.0155065665021538,0.5654492378234863,0.031705766916275,0.0199946966022253,0.0132736135274171,0.0775038301944732,0.0146906282752752,0.9885459542274476,0.9755430221557616,0.0163363683968782,0.1157684102654457,0.0164130050688982,0.0418980419635772,0.0407327599823474,0.899372935295105,0.0236517377197742,0.0187123883515596,0.0160380508750677,0.9804142713546752,0.0278358031064271,0.9815738797187804,0.6635285019874573,0.4984652996063232,0.9851009249687196,0.9965047836303712,0.8885368704795837,0.5719865560531616,0.5546173453330994,0.0310954079031944,0.0513999909162521,0.0332955084741115,0.2181220203638076,98.0,0.0086664308454191,98.0,1.0,0.0,1.0,11308.0
427_UCR_id_125_Medical_tr_10403_1st_10995.csv,0.0014631111407652,0.0018326411955058,0.0017138362163677,0.0015515241539105,0.0014631112571805,0.0015912248054519,0.0014806592371314,0.0306715052574872,0.971971035003662,0.8693962097167969,0.0015217111213132,0.001847936422564,0.0011484259739518,0.0012089151423424,0.9250904321670532,0.0030702594667673,0.0015814998187124,0.0019747398328036,0.6204054951667786,0.0051735341548919,0.0072863940149545,0.005909954663366,0.0014934098580852,0.0769890248775482,0.059832539409399,0.0013090589782223,0.0049817962571978,0.0019239570247009,0.0014954536454752,0.0018361657857894,0.001462121377699,0.0013601284008473,,,,,,,
428_UCR_id_126_Medical_tr_7487_1st_27862.csv,0.0032682134769856,0.00589549401775,0.0038106420543044,0.0130685726180672,0.003156496444717,0.0069724773056805,0.0044854246079921,0.0433592870831489,0.8238213062286377,0.2200948148965835,0.0036634965799748,0.0035786526277661,0.0189442820847034,0.0107302805408835,0.2378836274147033,0.0161445587873458,0.0036938041448593,0.1745479553937912,0.759671688079834,0.0045136450789868,0.0937575623393058,0.0023204323370009,0.022301223129034,0.1214466542005539,0.2810877859592438,0.0036904131993651,0.0038148036692291,0.0861576870083808,0.0080355033278465,0.0043603153899312,0.0032792892307043,0.0080955903977155,,,,,,,
429_UCR_id_127_Medical_tr_14825_1st_29000.csv,0.0059323394671082,0.4052404761314392,0.0108881266787648,0.0050206189043819,0.004466347862035,0.0040920232422649,0.002611719071865,0.0014144807355478,0.0044044028036296,0.7570399045944214,0.0048672049306333,,0.0024261351209133,0.0036017489619553,0.5625408887863159,0.0027325795963406,0.0040971650741994,0.0053885597735643,0.0391106382012367,0.0025713548529893,0.0032151392661035,0.040611907839775,0.0019326269393786,0.3907131552696228,0.0921194553375244,0.0020450805313885,0.0676605105400085,0.0032358367461711,0.0046806801110506,0.0045825829729437,0.0047203670255839,0.0034868416842073,,,,,,,
431_UCR_id_129_Facility_tr_32500_1st_114283.csv,0.0169167406857013,0.0018047716002911,0.003764558583498,0.0021086130291223,0.218022421002388,0.0014357708860188,0.0017005873378366,0.8423488140106201,0.9478622078895568,0.8754395842552185,0.0030503440648317,0.0020599067211151,0.0025431287940591,0.0020370951388031,0.7384388446807861,0.004762687254697,0.0030779778026044,0.4025802612304687,0.0067945774644613,0.020266368985176,0.0101989544928073,0.0332690551877021,0.0022389884106814,0.7011646628379822,0.8884435296058655,0.001385549083352,0.0463456325232982,0.0071896999143064,0.0016394874546676,0.0030844218563288,0.0030707577243447,0.0032681047450751,,,,,,,
432_UCR_id_130_Facility_tr_23000_1st_26970.csv,0.0055432631634175,0.0087837679311633,0.0057159345597028,0.0057037086226046,0.0066605200991034,0.0065409624949097,0.0055482438765466,0.0163868628442287,0.180820032954216,0.0056846081279218,0.0062697436660528,0.0063224444165825,0.008152331225574,0.0097500318661332,0.1447059959173202,0.0059936507605016,0.0063843522220849,0.0056884703226387,0.0216602720320224,0.0330615676939487,0.0382239855825901,0.0083406865596771,0.0061488198116421,0.0677288547158241,0.1578401625156402,0.0159194581210613,0.0198702793568372,0.0066866795532405,0.0061832964420318,0.0061458586715161,0.0062940325587987,0.0061739860102534,300.0,0.0032608695652173,300.0,1.0,0.0,1.0,92000.0
433_UCR_id_131_Facility_tr_50000_1st_106720.csv,0.0022929850965738,0.0021651268471032,0.0028515437152236,0.0032375762239098,0.0023367423564195,0.0023237427230924,0.0021336302161216,0.0040394300594925,0.0076453569345176,0.1149274557828903,0.0023365933448076,0.0023328464012593,0.0022662840783596,0.0022784315515309,0.0034585087560117,0.002307103248313,0.0023063269909471,0.002772438339889,0.006687959190458,0.002469282830134,0.0028756554238498,0.0025192629545927,0.0021142102777957,0.0088517302647233,0.3327794075012207,0.0048544690944254,0.0025061757769435,0.0024110411759465,0.0024661570787429,0.0023343688808381,0.0023086494766175,0.0022665394935756,,,,,,,
435_UCR_id_133_Medical_tr_14750_1st_47830.csv,0.0004215299559291,0.0057448777370154,0.0031930338591337,0.0008385609253309,0.0004486202378757,0.0004542807873804,0.0015150966355577,0.0148721160367131,0.0003261582751292,0.0021458484698086,0.0017387131229043,0.0013509718701243,0.0114653324708342,0.0023117822129279,0.000337431411026,0.0007253669318743,0.000446063640993,0.0028421059250831,0.0003303879930172,0.0021538392174988,0.003764891764149,0.0004629671166185,0.0012021275470033,0.0033555873669683,0.0713073387742042,0.0005467075970955,0.0003330468316562,0.0017270582029595,0.001553634298034,0.0007466242532245,0.0004251248028595,0.0020459818188101,,,,,,,
436_UCR_id_134_Medical_tr_1875_1st_4526.csv,0.0214846301823854,0.0100834341719746,0.0129409683868289,0.0559200085699558,0.0166265107691288,0.0136339021846652,0.0572035200893878,0.1173196882009506,0.8577318787574768,0.1208195835351944,0.0122821545228362,0.0182572156190872,0.0128968441858887,0.0131673216819763,0.7593809962272644,0.0166722517460584,0.0120443413034081,0.0214846320450305,0.8348325490951538,0.0626906082034111,0.055742185562849,0.0791351348161697,0.0431575514376163,0.9060800075531006,0.9572247862815856,0.7438185214996338,0.0185671281069517,0.0068895895965397,0.0604643672704696,0.0159807186573743,0.0119006652384996,0.0074821803718805,30.0,0.0039994667377682,30.0,1.0,0.0,1.0,7501.0
437_UCR_id_135_Medical_tr_2499_1st_8000.csv,0.0046919728629291,0.0019606743007898,0.0126738473773002,0.0056089959107339,0.019150448963046,0.0071593457832932,0.0141790090128779,0.999539315700531,0.2394281327724456,0.0070051113143563,0.0218843333423137,0.0036186366342008,0.001768066198565,0.0018062894232571,0.6791150569915771,0.0234952718019485,0.0025789875071495,0.0046919728629291,0.1945870518684387,0.0069709117524325,0.5214987397193909,0.3553056418895721,0.4901820421218872,0.9320849776268004,0.8275935649871826,0.0210543274879455,0.8925479054450989,0.0023927777074277,0.0070237149484455,0.0100095802918076,0.0067694219760596,0.0041827200911939,25.0,0.00250050010002,25.0,1.0,0.0,1.0,9998.0
438_UCR_id_136_Medical_tr_14750_1st_57960.csv,0.0002520384441595,0.0080311326310038,0.047997485846281,0.001191260991618,0.000427429069532,0.0002225818752776,0.0004767125064972,0.0002043421700363,0.000214322033571,0.0002898258971981,0.0026903427205979,0.0026121134869754,0.0042728804983198,0.0012805266305804,0.0002309314877493,0.00022788096976,0.0010985176777467,0.0025374733377248,0.0001969655422726,0.0029144175350666,0.0035794347058981,0.0003815851814579,0.0016373994294553,0.0159475114196538,0.0065664760768413,0.0013706762110814,0.0003959434689022,0.0027807932347059,0.0024636823218315,0.0014515921939164,0.0003347974270582,0.0007329875952564,,,,,,,
439_UCR_id_137_HumanActivity_tr_48750_1st_110800.csv,0.0008857154170982,0.0001683766604401,0.8687195777893066,0.6553568840026855,0.0079967146739363,0.5696589946746826,0.0001207649474963,0.0001889327686512,0.0001424333022441,0.0005723771173506,3.503183324937709e-05,0.0001681491994531,0.7782837748527527,6.479323201347142e-05,0.0005241428734734,0.5246512293815613,0.0001057147310348,0.0005507877212949,7.22684635547921e-05,0.7884730100631714,0.0003105161886196,0.0001335795241175,4.2018509702757e-05,0.0005149835487827,0.126102328300476,0.8883793950080872,0.0013285016175359,0.0003871781518682,0.9858199954032898,0.7627434134483337,4.4031366996932775e-05,8.86011912371032e-05,1.0,5.128205128205128e-06,1.0,1.0,1.0,0.0,195000.0
440_UCR_id_138_Medical_tr_16700_1st_16800.csv,0.002783406060189,0.0460115633904933,0.116821601986885,0.0057731033302843,0.0023140180855989,0.1184363290667533,0.0074111432768404,0.0030648792162537,0.0030035986565053,0.5919631719589233,0.0069749914109706,0.0747275426983833,0.1573081612586975,0.1418680548667907,0.0064697782509028,0.058935347944498,0.0071391398087143,0.0019647234585136,0.0028612921014428,0.0564588047564029,0.0221220646053552,0.0024988099467009,0.0070016114041209,0.0053272475488483,0.4890159666538238,0.0067334487102925,0.0026187121402472,0.0034546675160527,0.0052468180656433,0.0606891699135303,0.0070282970555126,0.0139373606070876,,,,,,,
442_UCR_id_140_Medical_tr_1875_1st_4187.csv,0.0224549248814582,0.0118947094306349,0.0483892746269702,0.1455117315053939,0.0266534816473722,0.0285751689225435,0.1236545518040657,0.4099611341953277,0.4079059958457947,0.4917753338813782,0.0503346100449562,0.0265245847404003,0.0381672717630863,0.0397068634629249,0.4959835112094879,0.0953787341713905,0.0485933646559715,0.0494049750268459,0.0263197869062423,0.0734297931194305,0.1369786262512207,0.4581698477268219,0.1130857244133949,0.1989520043134689,0.7340007424354553,0.5287696719169617,0.0214968509972095,0.0198978912085294,0.2573215365409851,0.1294263899326324,0.0482176840305328,0.1097380816936492,,,,,,,
443_UCR_id_141_Medical_tr_7456_1st_17390.csv,0.005293468479067,0.7617192268371582,0.0063926740549504,0.0070636984892189,0.0067880349233746,0.0070570628158748,0.5261515974998474,0.2075617313385009,0.5627574920654297,0.4752639234066009,0.0070392098277807,0.0075537683442234,0.1904099732637405,0.0121388155966997,0.4375994205474853,0.0149545287713408,0.0072842696681618,0.0766872391104698,0.5376896858215332,0.0172567330300807,0.359167993068695,0.1258126497268676,0.3905912041664123,0.3945610523223877,0.5425111651420593,0.010358290746808,0.0078000524081289,0.384521484375,0.0062013855203986,0.0047936122864484,0.0068214056082069,0.437735766172409,,,,,,,
444_UCR_id_142_Medical_tr_10336_1st_17001.csv,0.0010371486423537,0.359342485666275,0.0011763316579163,0.1022062748670578,0.0009957045549526,0.0009783692657947,0.0020763375796377,0.0186019986867904,0.938338339328766,0.8835453987121582,0.0038251236546784,0.0019543492235243,0.0069664372131228,0.0028618231881409,0.8440737128257751,0.0899464264512062,0.0066445376724004,0.0077492068521678,0.9851400852203368,0.0217401888221502,0.9950273036956788,0.0136025063693523,0.0027794693596661,0.1167440637946128,0.9460313320159912,0.0011758821783587,0.0374473929405212,0.2758267521858215,0.0136174634099006,0.0022990927100181,0.0037004263140261,0.0128699196502566,,,,,,,
445_UCR_id_143_Environment_tr_6166_1st_19280.csv,0.0063611241057515,0.0055339871905744,0.0647251307964325,0.0081249382346868,0.0080671040341258,0.0779420807957649,0.0287507716566324,0.1357040554285049,0.008911907672882,0.0150812491774559,0.0067476411350071,0.0585172958672046,0.7412952184677124,0.6902790665626526,0.0054425401613116,0.0141415558755397,0.0063260095193982,0.0080319205299019,0.0064559648744761,0.0192777961492538,0.1264408230781555,0.0072808866389095,0.0067386329174041,0.3546355664730072,0.1638839095830917,0.0071114911697804,0.0137629639357328,0.0213367752730846,0.0115455193445086,0.0627847239375114,0.006372186820954,0.0062761907465755,160.0,0.0064863988324482,160.0,1.0,0.0,1.0,24667.0
448_UCR_id_146_Facility_tr_7482_1st_23357.csv,0.0167974401265382,0.0772977098822593,0.0121486783027648,0.017095161601901,0.0145187079906463,0.0120965782552957,0.0087491413578391,0.1041790321469307,0.0454470701515674,0.0459095388650894,0.0117788361385464,0.0136997541412711,0.0078686727210879,0.007827803492546,0.041654746979475,0.0133829414844512,0.0114136757329106,0.011003297753632,0.236094519495964,0.014973328448832,0.0241404399275779,0.0076349996961653,0.0086507610976696,0.0533541738986969,0.0600285492837429,0.077712744474411,0.0292572323232889,0.0082970773801207,0.016353515908122,0.0115280542522668,0.0117860287427902,0.0085054486989974,,,,,,,
449_UCR_id_147_Sensor_tr_2847_1st_9330.csv,0.0097736194729805,0.5545027852058411,0.0096010593697428,0.1114377006888389,0.0073665981180965,0.0042626284994184,0.0062183835543692,0.9828872680664062,0.9965063333511353,0.0099041610956192,0.2136426270008087,0.0079776309430599,0.0071734553202986,0.0043456139974296,0.625618577003479,0.1246122941374778,0.0098918536677956,0.0081979539245367,0.9960176348686218,0.3336032032966614,0.5966774821281433,0.0081784464418888,0.2234113216400146,0.989856779575348,0.8148748278617859,0.4564540386199951,0.5913664102554321,0.3427964448928833,0.1117650493979454,0.0093233436346054,0.00955874286592,0.5058203935623169,10.0,0.0008781173164734,10.0,1.0,0.0,1.0,11388.0
450_UCR_id_148_Medical_tr_7500_1st_16900.csv,0.0116041777655482,0.0134075190871953,0.1030107364058494,0.0142320403829216,0.0555972643196582,0.0104219131171703,0.0276742298156023,0.9978736639022828,0.9993104934692384,0.9932060837745668,0.011984241195023,0.0134324580430984,0.0383100733160972,0.0122861107811331,0.9862751364707948,0.0401832163333892,0.0115772858262062,0.0468385592103004,0.9986612200737,0.018120365217328,0.7553502321243286,0.0139187909662723,0.038534328341484,0.9830624461174012,0.9787266254425048,0.0205824524164199,0.175179898738861,0.0154057079926133,0.0127434516325593,0.0231413636356592,0.0116841364651918,0.0147597501054406,,,,,,,
451_UCR_id_149_Medical_tr_3000_1st_7175.csv,0.0332319214940071,0.0219450164586305,0.0298092328011989,0.0330497212707996,0.0324518643319606,0.0280044432729482,0.0288356970995664,0.9898118376731871,0.9970054030418396,0.8238347172737122,0.0298391282558441,0.0322798453271389,0.027269696816802,0.0275069288909435,0.9461414217948914,0.0408837646245956,0.031184684485197,0.0237244442105293,0.997562825679779,0.0362529568374156,0.9181039333343506,0.6784606575965881,0.0560199543833732,0.947041153907776,0.6778532266616821,0.1105503216385841,0.856645405292511,0.0293284226208925,0.0271327421069145,0.0321045480668544,0.0307239275425672,0.0255890227854251,,,,,,,
453_UCR_id_151_Facility_tr_32000_1st_67995.csv,0.005154968239367,0.0010166608262807,0.8374740481376648,0.6840193867683411,0.0015823976136744,0.7210066318511963,0.0002536202664487,0.0002901736879721,0.0004910203861072,0.6377349495887756,0.0044787917286157,0.0017605818575248,0.0814577043056488,0.00272754766047,0.6333693265914917,0.5292587876319885,0.0020582017023116,0.0078826062381267,0.0293585769832134,0.989708423614502,4.562625690596178e-05,0.0003964274947065,0.0002419861848466,0.0098907630890607,0.6214075684547424,0.6810640692710876,0.000265361071797,0.003738218685612,0.9920147657394408,0.5763975381851196,0.0055646663531661,0.0013612917391583,,,,,,,
454_UCR_id_152_Medical_tr_9625_1st_20950.csv,0.0321646519005298,0.0261243749409914,0.0926628559827804,0.0048250458203256,0.0092918397858738,0.0205982327461242,0.3941265344619751,0.2275114804506302,0.0243156403303146,0.6947050094604492,0.0131053170189261,0.0091409375891089,0.043267723172903,0.0212798342108726,0.0148226721212267,0.0277395881712436,0.013746409676969,0.0255187172442674,0.0402810052037239,0.0102119520306587,0.0235543437302112,0.0426965504884719,0.0671074017882347,0.5323615670204163,0.7707686424255371,0.003808693960309,0.0082718031480908,0.0229710973799228,0.0072917286306619,0.0480003729462623,0.0131126977503299,0.1572130918502807,,,,,,,
455_UCR_id_153_Facility_tr_50000_1st_163632.csv,0.0042469720356166,0.0036035950761288,0.0043894024565815,0.0059345033951103,0.0048817787319421,0.0045474572107195,0.0037251089233905,0.0203885436058044,0.0188062787055969,0.1544975638389587,0.004329886753112,0.0044945608824491,0.0042527243494987,0.0042574480175971,0.008548286743462,0.0042959903366863,0.0042767957784235,0.0061794738285243,0.0203724075108766,0.0047280518338084,0.0052162986248731,0.005808531306684,0.0037475514691323,0.0352479740977287,0.3082712888717651,0.0395999737083911,0.005077286157757,0.0040397220291197,0.0048418869264423,0.0044408841058611,0.0042790668085217,0.0042888899333775,,,,,,,
456_UCR_id_154_Facility_tr_22500_1st_72150.csv,0.0054533663205802,0.0076195625588297,0.010567876510322,0.0051798438653349,0.0062935133464634,0.0123727358877658,0.021963458508253,0.0115127712488174,0.0109508447349071,0.4282373785972595,0.0268606953322887,0.0052861748263239,0.0081984093412756,0.0084668276831507,0.0062930104322731,0.006322237662971,0.0293576475232839,0.0143072344362735,0.0384809635579586,0.0052707837894558,0.0091518964618444,0.0075102089904248,0.0192344393581151,0.006788857281208,0.4063641130924225,0.0043073962442576,0.0096648465842008,0.0205078702419996,0.0060645146295428,0.0067371320910751,0.0267381984740495,0.0187214687466621,,,,,,,
457_UCR_id_155_Medical_tr_49999_1st_143000.csv,0.0019253365462645,0.0192994996905326,0.0055237007327377,0.0019569902215152,0.0023823885712772,0.0023038329090923,0.0041259829886257,0.0030810732860118,0.0123697239905595,0.0323394984006881,0.0035206477623432,0.0032355501316487,0.0040482892654836,0.0043662735261023,0.1252254098653793,0.0024177972227334,0.0022101029753684,0.0068705212324857,0.0417843610048294,0.0024350960738956,0.0046589998528361,0.0067607895471155,0.0040974910371005,0.067084863781929,0.0543211959302425,0.0018646627431735,0.0034022848121821,0.006210952065885,0.0019591231830418,0.0041900174692273,0.0022019264288246,0.0060926182195544,,,,,,,
458_UCR_id_156_Facility_tr_20000_1st_56600.csv,0.0060242195613682,0.0053625768050551,0.0058356556110084,0.0059346007183194,0.0056409989483654,0.0051841018721461,0.0033899659756571,0.0722474306821823,0.2604890763759613,0.0914337486028671,0.0053010312840342,0.0057690697722136,0.0047462820075452,0.0046403091400861,0.8456796407699585,0.00571911316365,0.0050230869092047,0.0035199674312025,0.1391832381486892,0.0078313527628779,0.3485429883003235,0.0314330756664276,0.0028049200773239,0.3720933198928833,0.1054539084434509,0.6428184509277344,0.1900728940963745,0.002880887594074,0.0058439280837774,0.0052956547588109,0.0050690285861492,0.0041029197163879,,,,,,,
459_UCR_id_157_HumanActivity_tr_50000_1st_110260.csv,0.0012911667581647,0.0008653334807604,0.0019006754737347,0.0138445682823657,0.0010038486216217,0.0010912138968706,0.0022908705286681,0.012341383844614,0.0106187313795089,0.0187869574874639,0.0008887196891009,0.0009419000707566,0.0009273218456655,0.00084555108333,0.1215586811304092,0.0011756737949326,0.0008768498664721,0.0012920179869979,0.0074649886228144,0.0013471124693751,0.0458143651485443,0.003648035461083,0.0039371475577354,0.1107614412903785,0.0035756051074713,0.08401520550251,0.0081867650151252,0.0005821111262775,0.0331645533442497,0.0009152941638603,0.0008739859331399,0.0006591601413674,152.0,0.00076,152.0,1.0,0.0,1.0,200000.0
462_UCR_id_160_Medical_tr_1853_1st_6200.csv,0.0416595637798309,0.0711323171854019,0.0471850410103797,0.0629126578569412,0.0416731610894203,0.0292147491127252,0.0279051214456558,0.9695229530334472,0.9812631011009216,0.9263429045677184,0.0371895805001258,0.0397255085408687,0.0474589951336383,0.0467296838760376,0.9443368911743164,0.1195060163736343,0.0365648008882999,0.0516757704317569,0.7105566263198853,0.0632701441645622,0.7129486799240112,0.1188218146562576,0.0245442986488342,0.8082236051559448,0.8137942552566528,0.8322088122367859,0.0614289976656436,0.0206518862396478,0.0651391148567199,0.0938188061118125,0.036322221159935,0.0301057659089565,,,,,,,
465_UCR_id_163_HumanActivity_tr_1671_1st_5920.csv,0.0473940670490264,0.5731650590896606,0.0659125670790672,0.0709913820028305,0.1051381155848503,0.2371048778295517,0.9992408752441406,0.7669072151184082,0.9992974996566772,0.199975848197937,0.225008338689804,0.0929363444447517,0.7069981098175049,0.6628832817077637,0.5982764959335327,0.041642677038908,0.3622356355190277,0.8420757055282593,0.9987760186195374,0.1704754382371902,0.9453903436660768,0.8964177370071411,0.9921397566795348,0.3594770729541778,0.090829387307167,0.6955224275588989,0.2937131226062774,0.999825119972229,0.0585757978260517,0.0452384203672409,0.2262649834156036,0.9998460412025452,,,,,,,
466_UCR_id_164_Medical_tr_1900_1st_5684.csv,0.0419505015015602,0.040669672191143,0.0331136286258697,0.0390935949981212,0.040993396192789,0.0282830130308866,0.033435296267271,0.4170994460582733,0.9673283696174622,0.8553400039672852,0.0453219003975391,0.053978394716978,0.026633596047759,0.0268468149006366,0.8583021759986877,0.0255233719944953,0.0447720997035503,0.1677535772323608,0.4812462031841278,0.0392589420080184,0.2345554679632187,0.6675785183906555,0.027133448049426,0.674012303352356,0.7549903988838196,0.4315581917762756,0.036734614521265,0.0414093695580959,0.0406708158552646,0.0293071866035461,0.0447596684098243,0.2103545516729354,,,,,,,
467_UCR_id_165_Environment_tr_6166_1st_19280.csv,0.0351641438901424,0.0073339012451469,0.0523778013885021,0.0082128718495368,0.008228251710534,0.0285617392510175,0.0225274059921503,0.040718924254179,0.0069009186699986,0.0148797463625669,0.0063574239611625,0.0546611659228801,0.6803596019744873,0.6146321892738342,0.0049968059174716,0.0487989298999309,0.0063352324068546,0.0080665182322263,0.01882847212255,0.0110362907871603,0.0544455721974372,0.0053220074623823,0.0064362809062004,0.0401174500584602,0.029565256088972,0.0058761672116816,0.0138838989660143,0.0207048971205949,0.0120590506121516,0.0611936785280704,0.0063523515127599,0.0064902468584477,160.0,0.0064863988324482,160.0,1.0,0.0,1.0,24667.0
468_UCR_id_166_Facility_tr_10000_1st_35774.csv,0.0050195013172924,0.9964756965637208,0.4265742897987366,0.0052709421142935,0.0185343734920024,0.0258136466145515,0.498520016670227,0.5554366111755371,0.998291790485382,0.995920956134796,0.0391413569450378,0.0255705919116735,0.9316600561141968,0.942692756652832,0.9963262677192688,0.0677006319165229,0.1209475472569465,0.9382866024971008,0.99758380651474,0.0178446751087903,0.5340042114257812,0.1992920935153961,0.4954566657543182,0.790541410446167,0.8081154227256775,0.0044617257080972,0.0149536076933145,0.9843340516090392,0.008291351608932,0.022773141041398,0.0412726961076259,0.9835234880447388,,,,,,,
469_UCR_id_167_Medical_tr_1875_1st_4187.csv,0.0223021395504474,0.0228260513395071,0.0278662927448749,0.3356340229511261,0.0165867824107408,0.0271166767925024,0.0599234625697135,0.0477772057056427,0.9909244775772096,0.6096909642219543,0.073255680501461,0.0500698909163475,0.0225969087332487,0.0262019783258438,0.6073077321052551,0.0998379737138748,0.0751223117113113,0.061909157782793,0.0164530295878648,0.416302889585495,0.0515740811824798,0.0075968038290739,0.0239705089479684,0.0445393323898315,0.7014742493629456,0.6901609897613525,0.0148380426689982,0.4155649840831756,0.4410959780216217,0.0320640243589878,0.0705644115805625,0.8401375412940979,,,,,,,
470_UCR_id_168_Medical_tr_10447_1st_10998.csv,0.0087967189028859,0.0058076283894479,0.0015121925389394,0.0013850916875526,0.0915160626173019,0.0277427863329648,0.0011951740598306,0.8755431175231934,0.6783897280693054,0.926538586616516,0.0018787434091791,0.0060547026805579,0.0014276609290391,0.0009236726909875,0.4583646357059479,0.0009585269726812,0.0019284136360511,0.0043263472616672,0.8831890225410461,0.0043025501072406,0.0020393931772559,0.0072041042149066,0.0013066104147583,0.8394437432289124,0.6446971893310547,0.0112109035253524,0.6508268713951111,0.0008251829422079,0.0007809147355146,0.0022486760281026,0.0018769033486023,0.002393995411694,,,,,,,
472_UCR_id_170_Facility_tr_32000_1st_67995.csv,0.0035100765526294,0.0005769395502284,0.6613059043884277,0.8800165057182312,0.0006138694589026,0.7356520891189575,0.0003358570102136,0.0001971077581401,0.000470093335025,0.5712271332740784,0.0070360554382205,0.0124814333394169,0.0428578294813632,0.00242316047661,0.5673457980155945,0.5251174569129944,0.0029571172781288,0.0142036937177181,0.0306643489748239,0.989708423614502,6.420198042178527e-05,0.0076421853154897,0.0001820139877963,0.0301553141325712,0.5688580274581909,0.6772715449333191,0.0002994003589265,0.0030400014948099,0.9920147657394408,0.8841447234153748,0.0088891172781586,0.0017582036089152,,,,,,,
475_UCR_id_173_Medical_tr_3000_1st_8612.csv,0.024148590862751,0.0114434408023953,0.043016854673624,0.0470808930695056,0.013305920176208,0.0305058322846889,0.1244159936904907,0.9995766282081604,0.9996824264526368,0.3388511836528778,0.0634087547659874,0.0320981107652187,0.0333465412259101,0.0339163243770599,0.7982322573661804,0.0468465350568294,0.0556506104767322,0.8270357251167297,0.9997938871383668,0.4897762835025787,0.9692938923835754,0.8037426471710205,0.9404411911964417,0.9481433033943176,0.277451604604721,0.805413007736206,0.6342175602912903,0.841835618019104,0.0353645160794258,0.0928118079900741,0.0225843116641044,0.0830694809556007,,,,,,,
476_UCR_id_174_Facility_tr_50000_1st_64632.csv,0.0010882234200835,0.001223832485266,0.1470158994197845,0.0010955384932458,0.0024867381434887,0.0138223683461546,0.0040105655789375,0.0008652362739667,0.0008315972518175,0.9377104043960572,0.0024391706101596,0.0018920209258794,0.005458952859044,0.0044832471758127,0.0008624546462669,0.0492679737508297,0.0024017591495066,0.0038942138198763,0.0007330480148084,0.0182995703071355,0.0021915715187788,0.0006745169521309,0.0044142953120172,0.0008076183148659,0.9603822231292723,0.0009936456335708,0.0011606673942878,0.0028559972997754,0.0015206661773845,0.0233616698533296,0.0024923202581703,0.0027251378633081,,,,,,,
477_UCR_id_175_Medical_tr_7500_1st_17000.csv,0.0299827177077531,0.0273232422769069,0.0841932147741317,0.0082751680165529,0.033341709524393,0.008252065628767,0.1844726204872131,0.9861994981765748,0.9989210963249208,0.9828692078590392,0.0082100853323936,0.0093441791832447,0.0923841968178749,0.0109563013538718,0.8985883593559265,0.072127379477024,0.008540173061192,0.010922759771347,0.9994457364082336,0.0171525161713361,0.8528404235839844,0.1061551570892334,0.0360713563859462,0.9026898741722108,0.9725634455680848,0.0279023442417383,0.2598936259746551,0.0086020762100815,0.0110920742154121,0.0468442179262638,0.0084840450435876,0.0100432829931378,,,,,,,
478_UCR_id_176_Medical_tr_7500_1st_17210.csv,0.0025960130151361,0.0010931272991001,0.2893592119216919,0.1201807036995887,0.186028853058815,0.0655254572629928,0.8157553672790527,0.0113021954894065,0.0042272992432117,0.9999745488166808,0.2305840998888015,0.2377968430519104,0.9948050379753112,0.9996531009674072,0.2386425286531448,0.0935790240764617,0.4718160033226013,0.96782249212265,0.0564502812922,0.2609147727489471,0.9537190794944764,0.014715664088726,0.7892686128616333,0.1366955041885376,1.0,0.0539405271410942,0.0028471197001636,0.9999745488166808,0.1318115293979644,0.3236941695213318,0.1613413393497467,0.909154772758484,,,,,,,
479_UCR_id_177_Medical_tr_2000_1st_7000.csv,0.0222149062901735,0.003785932669416,0.0235305894166231,0.0329934395849704,0.0251362938433885,0.010762988589704,0.055057056248188,0.0341339670121669,0.0630900636315345,0.0725758820772171,0.0131452167406678,0.0102476123720407,0.0499661117792129,0.0356845594942569,0.3325814604759216,0.0116486195474863,0.0195238478481769,0.0729778707027435,0.0358066707849502,0.0223601143807172,0.0542887449264526,0.0265809670090675,0.0601029247045517,0.0405099093914032,0.0674691870808601,0.0231354013085365,0.0122089916840195,0.0422254353761673,0.0386793054640293,0.0174712035804986,0.0188657287508249,0.0170020591467618,,,,,,,
480_UCR_id_178_Facility_tr_50000_1st_160720.csv,0.0024825460277497,0.0233540963381528,0.083195686340332,0.002541116438806,0.0040375790558755,0.0074876290746033,0.0558853670954704,0.0036944805178791,0.0019483754877001,0.2911738157272339,0.0103555805981159,0.0188575536012649,0.0459331721067428,0.0747833251953125,0.0023675637785345,0.0106083685532212,0.0094276368618011,0.1269467920064926,0.0019723463337868,0.0033947664778679,0.0603949017822742,0.0063104322180151,0.0463163256645202,0.002921495353803,0.3663898408412933,0.0148319685831666,0.0024612143170088,0.1059030666947364,0.0055256909690797,0.0170154888182878,0.0106384605169296,0.1258443742990493,,,,,,,
481_UCR_id_179_Medical_tr_1900_1st_5684.csv,0.0408535078167915,0.1567647159099578,0.0340783111751079,0.0369333401322364,0.0448537431657314,0.0276816543191671,0.0430712029337883,0.8702324032783508,0.9441606998443604,0.8708516359329224,0.0450970530509948,0.0567998513579368,0.0291151944547891,0.0292415209114551,0.8564077019691467,0.0266822725534439,0.0442138351500034,0.2578611969947815,0.975615918636322,0.0364705361425876,0.7141928672790527,0.9168863296508788,0.0623127333819866,0.9083238840103148,0.7875864505767822,0.3893778920173645,0.0376338213682174,0.4701164960861206,0.0638208091259002,0.0286788307130336,0.0442994944751262,0.2667259871959686,,,,,,,
482_UCR_id_180_Medical_tr_7500_1st_16000.csv,0.0158536583185195,0.0092572029680013,0.0472852140665054,0.0310640465468168,0.0168840698897838,0.0255704596638679,0.036394327878952,0.0230138842016458,0.0337609387934207,0.270094633102417,0.0366554483771324,0.018842963501811,0.0594638064503669,0.0727643743157386,0.3176860511302948,0.0122504709288477,0.0507527738809585,0.1894754916429519,0.0345569998025894,0.0345302186906337,0.0196434706449508,0.0127610061317682,0.0332829914987087,0.0332988128066062,0.196640595793724,0.0103906104341149,0.0092466408386826,0.1488737314939499,0.0204126648604869,0.0374414883553981,0.0369270704686641,0.1431928128004074,,,,,,,
483_UCR_id_181_Medical_tr_2499_1st_6508.csv,0.0082250935956835,0.0033587436191737,0.0069442833773791,0.0209628827869892,0.006519432645291,0.0072135063819587,0.0096795046702027,0.9566180109977722,0.9013763666152954,0.889813244342804,0.0597393065690994,0.0069195320829749,0.0032729026861488,0.0032045836560428,0.9252051711082458,0.0064010289497673,0.0046150768175721,0.0047461134381592,0.5470091700553894,0.0224345438182353,0.1030044481158256,0.8838930726051331,0.0148805696517229,0.8582571744918823,0.9719748497009276,0.0522969402372837,0.3896786868572235,0.003303142497316,0.0244805794209241,0.0131931966170668,0.0063282018527388,0.0031404211185872,,,,,,,
485_UCR_id_183_Medical_tr_7516_1st_17390.csv,0.005279594566673,0.1083078980445861,0.0052446713671088,0.0040416689589619,0.0063023739494383,0.0052776359952986,0.0038374231662601,0.0624359138309955,0.0958268344402313,0.0748514309525489,0.0049943085759878,0.0051538022235035,0.0036076472606509,0.0029501081444323,0.0832727700471878,0.0039149052463471,0.0047017098404467,0.0152320312336087,0.1972020417451858,0.0049527334049344,0.1467794328927993,0.1997198313474655,0.0162341631948947,0.1724353432655334,0.0476406849920749,0.0039343470707535,0.007130907382816,0.0087813893333077,0.0038444893434643,0.0051796711049973,0.0049679800868034,0.0028325181920081,,,,,,,
487_UCR_id_185_Medical_tr_49938_1st_191200.csv,0.0029832553118467,0.0112567394971847,0.0289722699671983,0.0031418588478118,0.0027365761343389,0.0028448428492993,0.0018612593412399,0.0225869081914424,0.328161209821701,0.1557299196720123,0.0290704295039176,0.0030660892371088,0.0039407648146152,0.002271510194987,0.0665251463651657,0.0029293717816472,0.0026530502364039,0.0023155598901212,0.0175102055072784,0.0295544546097517,0.0024996125139296,0.0021584772039204,0.0018836673116311,0.0362866073846817,0.2264992296695709,0.1561784148216247,0.0030592768453061,0.0024549402296543,0.0052046994678676,0.006207721773535,0.0026559389661997,0.0025511858984827,,,,,,,
489_UCR_id_187_Medical_tr_1875_1st_4485.csv,0.0355836898088455,0.0666245445609092,0.027577044442296,0.6430252194404602,0.0314866602420806,0.0265602134168148,0.0223357547074556,0.8034042716026306,0.9999834299087524,0.6460543870925903,0.0259140599519014,0.032311126589775,0.0244786404073238,0.0245418827980756,0.999971866607666,0.0684630423784256,0.0261319950222969,0.0271980110555887,0.93104887008667,0.4236513078212738,0.0404278822243213,0.018071100115776,0.0188767779618501,0.5116679668426514,0.94253408908844,0.9999892115592957,0.0362269356846809,0.0137121081352233,0.4367962181568146,0.0260134879499673,0.0261448491364717,0.0195124093443155,,,,,,,
491_UCR_id_189_Facility_tr_32372_1st_114000.csv,0.004472333472222,0.004349194932729,0.003984488081187,0.0046038539148867,0.004631133750081,0.0032348874956369,0.0032057187054306,0.0066791269928216,0.0069833165034651,0.1715028434991836,0.0046122693456709,0.0040168156847357,0.003656817600131,0.0034762488212436,0.9045957922935486,0.0042759370990097,0.0046263206750154,0.0027658906765282,0.0041571618057787,0.0031942278146743,0.0268455445766448,0.3191608786582947,0.0026672387029975,0.983406126499176,0.1554902642965316,0.0030294847674667,0.0067436886020004,0.0019741533324122,0.0038867422845214,0.0038294952828437,0.0046313824132084,0.0040918788872659,,,,,,,
492_UCR_id_190_HumanActivity_tr_12500_1st_46500.csv,0.0089343125000596,0.0081001529470086,0.0102363126352429,0.0081692542880773,0.0091407503932714,0.0092649105936288,0.032380361109972,0.0119703700765967,0.0413661859929561,0.0777571350336074,0.1213889345526695,0.0084291314706206,0.0108852377161383,0.009184387512505,0.0373719818890094,0.0103041045367717,0.1225576475262641,0.012039566412568,0.0705246105790138,0.0091935088858008,0.0205153878778219,0.0115786353126168,0.0328078642487525,0.0286065582185983,0.049171108752489,0.009441964328289,0.0057526351884007,0.0268189907073974,0.0080585563555359,0.0090795066207647,0.1222324594855308,0.0218738950788974,,,,,,,
494_UCR_id_192_Facility_tr_22500_1st_72150.csv,0.0071173151955008,0.0105979517102241,0.0112291099503636,0.0050155953504145,0.0064355903305113,0.0084134489297866,0.0124516393989324,0.0513575077056884,0.0359117612242698,0.0050576971843838,0.0248792693018913,0.0066598090343177,0.0067235734313726,0.0062145818956196,0.0274955164641141,0.0226993523538112,0.0293224696069955,0.0050155953504145,0.3395746350288391,0.0054248981177806,0.0187431778758764,0.0211724676191806,0.033237524330616,0.0257074274122715,0.0566633827984333,0.0049843383021652,0.0091037042438983,0.0079639861360192,0.0063229924999177,0.0139675978571176,0.0255360603332519,0.0344767495989799,345.0,0.0038333333333333,345.0,1.0,0.0,1.0,90000.0
498_UCR_id_196_Medical_tr_15000_1st_51370.csv,0.0086319595575332,0.0093604298308491,0.0108242975547909,0.0099232262000441,0.0093181133270263,0.0095112472772598,0.0143476165831089,0.0717809647321701,0.5988900661468506,0.4089318513870239,0.0095463739708065,0.0090374564751982,0.0175674520432949,0.0296535026282072,0.4376476407051086,0.0090136546641588,0.0104244668036699,0.1109211295843124,0.5035941004753113,0.0130262402817606,0.0046354378573596,0.0730627030134201,0.0180991999804973,0.0742947980761528,0.2645750045776367,0.0194211583584547,0.0727850645780563,0.1531604826450348,0.0096503803506493,0.0095111606642603,0.0101007409393787,0.0369218103587627,,,,,,,
499_UCR_id_197_Environment_tr_2046_1st_5703.csv,0.0054012830369174,0.2331534773111343,0.0073149930685758,0.0062670339830219,0.0045318151824176,0.0113609684631228,0.0086451498791575,0.9265956282615662,0.0790914744138717,0.0054496168158948,0.0123209031298756,0.0047455979511141,0.0048107928596436,0.0043698213994503,0.0730698853731155,0.0111716547980904,0.0126069271937012,0.0054012830369174,0.0835933461785316,0.0069041256792843,0.0043999757617712,0.3001874089241028,0.2013687491416931,0.8346406817436218,0.1116399988532066,0.0041532735340297,0.3160267174243927,0.0071069980040192,0.0049995314329862,0.0115404296666383,0.0121530480682849,0.0108826281502842,24.0,0.002932551319648,24.0,1.0,0.0,1.0,8184.0
500_UCR_id_198_Facility_tr_7482_1st_23357.csv,0.0166319254785776,0.2081553041934967,0.0122380508109927,0.0169021785259246,0.0156272090971469,0.0124006895348429,0.0119918305426836,0.0816338062286377,0.0231805685907602,0.0179495066404342,0.0124803567305207,0.0138200586661696,0.0077725113369524,0.0078572081401944,0.0473998263478279,0.0142457094043493,0.0116546964272856,0.0168088544160127,0.0168456882238388,0.0150697045028209,0.0162677522748708,0.0077051469124853,0.0087881861254572,0.0579924099147319,0.0865429192781448,0.0365272313356399,0.0312430169433355,0.0079445922747254,0.0164945162832736,0.0106024732813239,0.0125060006976127,0.0086399093270301,360.0,0.0120276636263405,360.0,1.0,0.0,1.0,29931.0
501_UCR_id_199_Facility_tr_7482_1st_29480.csv,0.005478736013174,0.0057331784628331,0.0030249829869717,0.0075202416628599,0.0050828801468014,0.0035262969322502,0.0011480384273454,0.002899439074099,0.0028780321590602,0.006778560578823,0.0025304739829152,0.0043894690461456,0.0012184180086478,0.0011812006123363,0.0252783484756946,0.0044794464483857,0.0023764434736222,0.0052362000569701,0.0030544872861355,0.0037038505543023,0.0034994487650692,0.0014595321845263,0.0011217679129913,0.0050387093797326,0.0114390980452299,0.0061320904642343,0.0035228682681918,0.002976840827614,0.0069215558469295,0.0037339269183576,0.0025552862789481,0.0014489487512037,,,,,,,
502_UCR_id_200_Medical_tr_7487_1st_16390.csv,0.0019326535984873,0.0024101519957184,0.0611552894115448,0.4951531887054443,0.0104836598038673,0.0512484312057495,0.1802269220352172,0.0095552401617169,0.9492904543876648,0.9927711486816406,0.0495806597173213,0.0428043231368064,0.9797343015670776,0.9698321223258972,0.9640811681747437,0.0108245117589831,0.0234666354954242,0.8219212889671326,0.975180685520172,0.6662020087242126,0.0230994597077369,0.1075818762183189,0.8067409992218018,0.0759827941656112,0.9822399020195008,0.8408490419387817,0.0027057393454015,0.9968727231025696,0.392935186624527,0.0096462145447731,0.044514026492834,0.5644173622131348,,,,,,,
503_UCR_id_201_Facility_tr_50000_1st_593450.csv,0.0004109756555408,0.0001206464148708,0.0010681360727176,0.0001938345958478,0.0027395754586905,0.0016755501274019,0.0080550322309136,0.0018203173531219,6.203594239195809e-05,0.0159699935466051,0.0002874277706723,0.0008709509856998,0.0007896284223534,0.0876244232058525,0.0064006252214312,0.0002710349508561,0.0002631301176734,0.2253994643688202,6.506476347567514e-05,0.0006427897023968,0.0011935281800106,0.016407212242484,0.0072521925903856,0.0013689829502254,0.0209816116839647,0.0001898294285638,0.0008772683795541,0.0059653790667653,0.0016479234909638,0.0239263884723186,0.0002825804403983,0.0001757192803779,,,,,,,
504_UCR_id_202_Environment_tr_2046_1st_5549.csv,0.0091805486008524,0.0101167168468236,0.0402248352766037,0.368827223777771,0.0193441919982433,0.0074036754667758,0.0148666314780712,0.0328715071082115,0.0934833213686943,0.0095503786578774,0.0222388617694377,0.1475404202938079,0.018984355032444,0.0161175318062305,0.1950353682041168,0.0285791978240013,0.0207797661423683,0.0083338348194956,0.1207178682088851,0.4106998443603515,0.0106406025588512,0.0398836322128772,0.0303125753998756,0.0469563566148281,0.832040548324585,0.8634152412414551,0.0152234677225351,0.0306120011955499,0.3275941610336303,0.036826629191637,0.0230867620557546,0.0326926968991756,48.0,0.0058651026392961,48.0,1.0,0.0,1.0,8184.0
505_UCR_id_203_HumanActivity_tr_16000_1st_33070.csv,0.0034773151855915,0.0032800701446831,0.0061930860392749,0.0035077882930636,0.005159224383533,0.00368945999071,0.0113307470455765,0.0721353664994239,0.0714232251048088,0.4832541942596435,0.0074925539083778,0.0032461937516927,0.0033207347150892,0.0034485785290598,0.1335771679878235,0.0058866036124527,0.0075644506141543,0.0037007634527981,0.5643678307533264,0.0103359166532754,0.0046434574760496,0.0082472320646047,0.0124289104714989,0.140433207154274,0.5069488883018494,0.0072463755495846,0.0086200954392552,0.0025659238453954,0.0041431575082242,0.0039285826496779,0.0071913199499249,0.0029069036245346,,,,,,,
507_UCR_id_205_HumanActivity_tr_16000_1st_31200.csv,0.011745030991733,0.0299741495400667,0.0163141228258609,0.0118188066408038,0.0105747375637292,0.0150244962424039,0.0369399599730968,0.0490755550563335,0.0594084784388542,0.4046476781368255,0.011301415041089,0.0115552190691232,0.0112517783418297,0.0110662672668695,0.1043217778205871,0.0130993481725454,0.0116007197648286,0.0134957218542695,0.0769811272621154,0.0174821559339761,0.0541293360292911,0.0180107150226831,0.034818910062313,0.093901090323925,0.267157644033432,0.0368007868528366,0.0183312855660915,0.0093093644827604,0.0120942955836653,0.0117282522842288,0.0116183217614889,0.0112600177526474,,,,,,,
508_UCR_id_206_Medical_tr_9567_1st_16000.csv,0.0034977756440639,0.0248853527009487,0.0030749647412449,0.0034523031208664,0.0033527961932122,0.0030336056370288,0.0016811846289783,0.0074367481283843,0.0226036645472049,0.0819436609745025,0.0034215610940009,0.0034348182380199,0.0027416481170803,0.0027489680796861,0.0093065202236175,0.0034393770620226,0.0033934509847313,0.0023708594962954,0.0136367594823241,0.0024555602576583,0.0026911969762295,0.0064419456757605,0.002007968025282,0.1915035545825958,0.0033149188384413,0.0046274508349597,0.0026844274252653,0.0022504220250993,0.0034214360639452,0.0033698035404086,0.0034343663137406,0.0023868987336754,,,,,,,
509_UCR_id_207_Medical_tr_1875_1st_6599.csv,0.0311151966452598,0.0401635952293872,0.032131977379322,0.0316972285509109,0.0344078801572322,0.0321349948644638,0.024835430085659,0.017510687932372,0.0154976611956954,0.0185913275927305,0.0301509816199541,0.0323837809264659,0.0330088958144187,0.0320211127400398,0.1893659979104995,0.0308389011770486,0.031095303595066,0.045465912669897,0.0221619810909032,0.0321196429431438,0.0401818603277206,0.0359909087419509,0.0240818746387958,0.0345525033771991,0.040703609585762,0.0160964895039796,0.0345663987100124,0.0234860721975564,0.0353015922009944,0.0318879373371601,0.031538613140583,0.0298231020569801,,,,,,,
511_UCR_id_209_Medical_tr_7500_1st_11800.csv,0.0164280105382204,0.271487683057785,0.1278130859136581,0.0278307329863309,0.0237536709755659,0.1187402158975601,0.361651211977005,0.1783325970172882,0.1107538342475891,0.6707212924957275,0.0409245081245899,0.0279758814722299,0.3474484980106354,0.3888657689094543,0.7172051072120667,0.0248169172555208,0.0622769966721534,0.742917537689209,0.1128624826669693,0.0509282052516937,0.2544140517711639,0.1972365379333496,0.3314519226551056,0.6247695684432983,0.8134831190109253,0.058632493019104,0.0254367869347333,0.5146209597587585,0.031319510191679,0.1229564025998115,0.0414409525692462,0.5126322507858276,,,,,,,
514_UCR_id_212_Medical_tr_2499_1st_6508.csv,0.007192472461611,0.0032381669152528,0.0138034839183092,0.0320222117006778,0.0061479685828089,0.0054556955583393,0.0277849789708852,0.932016670703888,0.8727622032165527,0.9344415068626404,0.0053050904534757,0.0067698271013796,0.0032510769087821,0.0032037377823144,0.9075099229812622,0.0074549680575728,0.0046514561399817,0.0043254811316728,0.4803595244884491,0.023138565942645,0.1721166223287582,0.962313175201416,0.0497802272439003,0.8530113697052002,0.9090590476989746,0.1229625716805458,0.6011747717857361,0.0031992378644645,0.02524184435606,0.0306296627968549,0.0071047288365662,0.0031419182196259,,,,,,,
515_UCR_id_213_Medical_tr_10499_1st_15000.csv,0.0023306026123464,0.0014259748859331,0.0200991053134202,0.0066913138143718,0.0022655634675174,0.0072123445570468,0.0034076212905347,0.1625032126903534,0.5820911526679993,0.4462390840053558,0.0056817512959241,0.0077056027948856,0.0353210866451263,0.0050920848734676,0.4048389494419098,0.0023281297180801,0.005545187741518,0.009382227435708,0.5227704644203186,0.0182859022170305,0.0030581289902329,0.0650176331400871,0.0039491048082709,0.3535236120223999,0.5001308917999268,0.019747607409954,0.3909852206707001,0.0034790355712175,0.0300471950322389,0.0072810440324246,0.0057584578171372,0.0060300342738628,,,,,,,
516_UCR_id_214_HumanActivity_tr_2108_1st_4702.csv,0.00951040815562,0.0142830284312367,0.0051182373426854,0.0100513435900211,0.0046740351244807,0.005310290493071,0.0059833191335201,0.0016136352205649,0.0080155003815889,0.1484435051679611,0.0068282862193882,0.0018084497423842,0.0020180325955152,0.0019933811854571,0.0168516002595424,0.0036328760907053,0.9850202202796936,0.0029891014564782,0.0087113622575998,0.0298094935715198,0.9834066033363342,0.0098159359768033,0.0554976612329483,0.0043494724668562,0.4094411134719848,0.0036847423762083,0.0066433358006179,0.0055737649090588,0.0036308197304606,0.0025999790523201,0.0411381237208843,0.2407710999250412,5.0,0.0005929791271347,5.0,1.0,0.0,1.0,8432.0
517_UCR_id_215_Facility_tr_7482_1st_24005.csv,0.0071646231226623,0.0113918194547295,0.0055686640553176,0.0317082777619361,0.0056263986043632,0.0067194709554314,0.0045753638260066,0.0158438775688409,0.155154287815094,0.0071158972568809,0.0054895393550395,0.009929304011166,0.0076375524513423,0.0036270872224122,0.9921593070030212,0.007964588701725,0.0052441619336605,0.0071867234073579,0.0717780962586402,0.0497611910104751,0.0247075241059064,0.022124258801341,0.0194363184273242,0.239772543311119,0.983183741569519,0.1199648678302764,0.0049938336014747,0.0028485041111707,0.0532811284065246,0.0063638878054916,0.0054695140570402,0.0044740983285009,72.0,0.0024055327252681,72.0,1.0,0.0,1.0,29931.0
518_UCR_id_216_Medical_tr_9625_1st_20950.csv,0.004906132351607,0.0229580048471689,0.0790263786911964,0.0047721187584102,0.0240588877350091,0.0282324962317943,0.4705210030078888,0.2307119667530059,0.0241614412516355,0.7127785086631775,0.012365604750812,0.0088494000956416,0.0377051010727882,0.0203789491206407,0.0230171270668506,0.0246836319565773,0.0142029412090778,0.0242171473801136,0.0260860957205295,0.0125240292400121,0.0286385491490364,0.0183471199125051,0.0710931569337844,0.2523601651191711,0.8211744427680969,0.0034152986481785,0.0938324332237243,0.0229354929178953,0.0074127689003944,0.0442732721567153,0.0137099344283342,0.1419006586074829,,,,,,,
519_UCR_id_217_Medical_tr_7516_1st_17390.csv,0.005279594566673,0.0386532098054885,0.0055288006551563,0.0040406850166618,0.0048398869112133,0.0063790958374738,0.0039790463633835,0.0594629272818565,0.0512510649859905,0.0875409096479415,0.0052058473229408,0.0048638875596225,0.0040137316100299,0.0030926093459129,0.1351996213197708,0.0042761801742017,0.0047653731890022,0.0077925198711454,0.1835423856973648,0.0049506276845932,0.3654738962650299,0.2842817604541778,0.0275732409209013,0.1726568937301635,0.0417883656919002,0.0050982297398149,0.0069187805056571,0.0110079441219568,0.0038191557396203,0.0063398145139217,0.0042603714391589,0.0029497009236365,,,,,,,
521_UCR_id_219_Facility_tr_3000_1st_6527.csv,0.0253152549266815,0.02504263818264,0.0333556309342384,0.0261255614459514,0.019760875031352,0.0331171639263629,0.0335803627967834,0.999983251094818,0.9999175667762756,0.9312273263931274,0.0328857228159904,0.03169846534729,0.0530948154628276,0.0572921074926853,0.932716190814972,0.028542535379529,0.0332615748047828,0.0884560197591781,0.8983671069145203,0.028376255184412,0.8392192125320435,0.0363312475383281,0.0199881512671709,0.9190883040428162,0.9178526997566224,0.0255572069436311,0.1347892135381698,0.2291954010725021,0.031894389539957,0.1545089483261108,0.0273301973938941,0.0426972396671772,,,,,,,
522_UCR_id_220_Medical_tr_10217_1st_27929.csv,0.0023263115435838,0.8679919242858887,0.0024488163180649,0.0024214081931859,0.0027405275031924,0.0025713578797876,0.0031651563476771,0.9248048067092896,0.7957164645195007,0.5803736448287964,0.0023266754578799,0.0024359265808016,0.0042459419928491,0.0031080520711839,0.5612953901290894,0.0023155878297984,0.0024898005649447,0.0036970635410398,0.8821616768836975,0.0699309632182121,0.1910386979579925,0.0553389489650726,0.0032707846257835,0.916559636592865,0.8473941683769226,0.0045858616940677,0.6313056945800781,0.1357425153255462,0.0023810460697859,0.0022380163427442,0.0023032110184431,0.004136823117733,,,,,,,
523_UCR_id_221_Facility_tr_3000_1st_6527.csv,0.0253152549266815,0.037951823323965,0.0285938642919063,0.0496583841741085,0.0225535091012716,0.0275430008769035,0.0221498571336269,0.99995094537735,0.9998541474342346,0.9760168194770812,0.0290985349565744,0.0300822798162698,0.028577335178852,0.0299950335174798,0.9289587140083312,0.0281097181141376,0.0291925556957721,0.0652141198515892,0.9127668142318726,0.1343989074230194,0.9977154731750488,0.2505445778369903,0.0171237103641033,0.9473252892494202,0.7830365896224976,0.8209520578384399,0.2619414925575256,0.2414319515228271,0.0366996489465236,0.097192957997322,0.0256835352629423,0.0311729405075311,,,,,,,
524_UCR_id_222_Medical_tr_1875_1st_5865.csv,0.0323597677052021,0.0201106034219265,0.0278572142124176,0.0298797935247421,0.0296074301004409,0.0243961922824382,0.0260907970368862,0.1001083105802536,0.4725018143653869,0.1384224444627761,0.0245841350406408,0.0295184552669525,0.0229982882738113,0.0234064571559429,0.4048404097557068,0.0291044022887945,0.0243153199553489,0.0237284135073423,0.0822089686989784,0.0297353807836771,0.0259519778192043,0.0934019163250923,0.0325422771275043,0.1272230893373489,0.1487976163625717,0.3100417256355285,0.0335526578128337,0.01630450040102,0.0272719897329807,0.0277991406619548,0.024432223290205,0.0191673133522272,,,,,,,
525_UCR_id_223_Facility_tr_50000_1st_250720.csv,0.0027742288075387,0.01567411608994,0.0038833077996969,0.0050618825480341,0.0050385212525725,0.0033274798188358,0.005547649692744,0.021037733182311,0.0031694879289716,0.0031167552806437,0.0021577267907559,0.0099941696971654,0.0043542766943573,0.0230239294469356,0.0034346212632954,0.0031204209662973,0.0019584507681429,0.0027366464491933,0.0027236668393015,0.0202441401779651,0.0030154422856867,0.0029006479308009,0.0022720685228705,0.0051817176863551,0.0033613992854952,0.2373369485139846,0.0349794849753379,0.006805193144828,0.0034766858443617,0.0032075650524348,0.001977470703423,0.001879931660369,650.0,0.0021681843957436,650.0,1.0,0.0,1.0,299790.0
526_UCR_id_224_Sensor_tr_2827_1st_4711.csv,0.0159862227737903,0.6458186507225037,0.0360079631209373,0.0177877210080623,0.0112255904823541,0.0124397613108158,0.0127570386976003,0.955449879169464,0.9568552374839784,0.0160669777542352,0.0900860726833343,0.0153657607734203,0.0132162952795624,0.0115092834457755,0.8405205607414246,0.0537667497992515,0.0169618390500545,0.0160380508750677,0.9469316005706788,0.0158280972391366,0.7579667568206787,0.1633721888065338,0.0808318331837654,0.9804522395133972,0.988317608833313,0.9916689991950988,0.63386470079422,0.0248467344790697,0.0281269252300262,0.0271496251225471,0.0147885279729962,0.0511828921735286,98.0,0.0086664308454191,98.0,1.0,0.0,1.0,11308.0
528_UCR_id_226_Medical_tr_7500_1st_17000.csv,0.0093760648742318,0.0072627360932528,0.0083411615341901,0.0080368285998702,0.0235096551477909,0.0052232262678444,0.0040588555857539,0.9987825751304626,0.9985673427581788,0.1369982808828354,0.0071521331556141,0.0073127066716551,0.0050761858001351,0.0053612594492733,0.9996495246887208,0.0078354878351092,0.0066971671767532,0.0084477281197905,0.9987779259681702,0.0069898744113743,0.0984520465135574,0.0217976011335849,0.0029122217092663,0.986052632331848,0.6080408096313477,0.0331426598131656,0.0069312322884798,0.004128489177674,0.0100651448592543,0.006148213520646,0.0068442220799624,0.0051058088429272,,,,,,,
530_UCR_id_228_HumanActivity_tr_16250_1st_38500.csv,0.0064240116626024,0.0058960854075849,0.0078572249040007,0.0063572777435183,0.0089579215273261,0.005253130570054,0.0171014945954084,0.0062169507145881,0.0354116521775722,0.1965859085321426,0.1114395633339881,0.0060546607710421,0.0058950297534465,0.0055115153081715,0.0288118068128824,0.0063674836419522,0.1090805903077125,0.006252362858504,0.0438648760318756,0.0086943078786134,0.0110254492610692,0.0060395570471882,0.0051913089118897,0.0242744106799364,0.0704185739159584,0.0070616216398775,0.0044801882468163,0.0326865874230861,0.0062035815790295,0.0060550956986844,0.1108206585049629,0.0191150587052106,300.0,0.0046153846153846,300.0,1.0,0.0,1.0,65000.0
531_SMAP_id_1_Sensor_tr_1811_1st_4510.csv,0.2174294888973236,0.974268674850464,0.0378964766860008,0.0390684939920902,0.0975281000137329,0.2567799091339111,0.0378964766860008,0.9981341361999512,0.9984044432640076,0.0378964766860008,0.0378964766860008,0.0378964766860008,0.7905310988426208,0.7904479503631592,0.9403404593467712,0.3265275061130523,0.0860016644001007,0.0258701834827661,0.9985207915306092,0.4401462078094482,0.8567873239517212,0.9403404593467712,0.9452170133590698,0.9403404593467712,0.9403404593467712,0.0,0.9403404593467712,0.9403404593467712,0.0499227717518806,0.0860016644001007,0.0619490668177604,0.9803041815757751,81.0,0.0111816675869685,81.0,1.0,0.0,1.0,7244.0
532_SMAP_id_2_Sensor_tr_2075_1st_5550.csv,0.0523197129368782,0.0423085391521453,0.1757043451070785,0.0635635629296302,0.1633482426404953,0.1861027181148529,0.222472608089447,0.1812758445739746,0.0575766526162624,0.054043561220169,0.1600188314914703,0.0758287236094474,0.3299278616905212,0.3283973336219787,0.2056764960289001,0.1423020958900451,0.1419012993574142,0.0523197129368782,0.0644022226333618,0.10512325912714,0.396604984998703,0.0470674782991409,0.0506275743246078,0.1359802633523941,0.1563279181718826,0.2686525285243988,0.0700980946421623,0.22217757999897,0.0618724152445793,0.1253259032964706,0.1252547800540924,0.1239351406693458,351.0,0.042278968923151,351.0,1.0,0.0,1.0,8302.0
533_SMAP_id_3_Sensor_tr_2052_1st_5300.csv,0.3911272883415222,0.9940493702888488,0.5199567675590515,0.3429988622665405,0.7491186261177063,0.8478871583938599,0.6220524907112122,0.1283833235502243,0.0877698436379432,0.1504121124744415,0.4984775483608246,0.6242473721504211,0.9808289408683776,0.9808289408683776,0.1316966265439987,0.8566005229949951,0.0761484131217002,0.1403698772192001,0.0825829654932022,0.8850527405738831,0.9764488339424132,0.9330020546913148,0.9100290536880492,0.1216679364442825,0.1400460004806518,0.3695550858974457,0.1769637316465377,0.9682723879814148,0.809056282043457,0.9095125794410706,0.0839656814932823,0.0745410770177841,1121.0,0.1365574369594347,1121.0,1.0,0.0,1.0,8209.0
535_SMAP_id_5_Sensor_tr_1113_1st_1890.csv,0.0344399847090244,0.0058880313299596,0.8369596600532532,0.5976182818412781,0.4612443447113037,0.3582935631275177,0.1906284242868423,0.0198436081409454,0.006292660254985,0.2999689877033233,0.7830712199211121,,0.9230337142944336,0.9237369894981384,0.8068879842758179,0.7339912056922913,0.8554175496101379,0.9306012392044068,0.005944691132754,0.9206632375717164,0.7136950492858887,0.0224549043923616,0.7616450190544128,0.020636674016714,0.0114818066358566,0.0181780457496643,0.0166993532329797,0.8906219601631165,0.6600852012634277,0.8064115643501282,0.1782676428556442,0.0086405575275421,,,,,,,
536_SMAP_id_6_Sensor_tr_2160_1st_5600.csv,0.159291461110115,0.9704551100730896,0.7394087314605713,0.0336683616042137,0.9082422256469728,0.8177971839904785,0.8674783110618591,0.9999086260795592,0.9999789595603944,0.3232390284538269,0.7116414904594421,0.3428944945335388,0.6327939629554749,0.6327939629554749,0.955371081829071,0.2462613135576248,0.6616876721382141,0.0240050461143255,0.9053378701210022,0.1133194416761398,0.0132820922881364,0.9913221597671508,0.9990087747573853,0.9535393714904784,0.0240050461143255,0.0,0.9999485611915588,0.2730581164360046,0.2365979999303817,0.255924642086029,0.6906645894050598,0.3203037977218628,101.0,0.0116898148148148,101.0,1.0,0.0,1.0,8640.0
537_SMAP_id_7_Sensor_tr_2077_1st_5394.csv,0.1462932676076889,0.0311523545533418,0.5408349633216858,0.0922262519598007,0.3254045248031616,0.8662477731704712,0.1956207752227783,0.0456976741552352,0.0279470048844814,0.0469262897968292,0.1769042462110519,0.1989202350378036,0.8070275187492371,0.8071628212928772,0.03897500410676,0.2925457954406738,0.0319680348038673,0.04425660520792,0.0297399405390024,0.4876904189586639,0.99824321269989,0.866337776184082,0.4980171620845794,0.047428123652935,0.0429665185511112,0.0465635657310485,0.0382127240300178,0.9999997615814208,0.1386215835809707,0.5556338429450989,0.0990241169929504,0.0463721081614494,281.0,0.0338146811070998,281.0,1.0,0.0,1.0,8310.0
538_SMAP_id_8_Sensor_tr_2007_1st_3650.csv,0.0733829662203788,0.9426299929618835,0.2546542584896087,0.1051643341779708,0.3719284832477569,0.69816654920578,0.2613973915576935,0.5886449217796326,0.6966533064842224,0.0873721167445182,0.2557716965675354,0.2553985714912414,0.9639545679092408,0.9623557925224304,0.298801451921463,0.4804464280605316,0.467606782913208,0.0383788235485553,0.2035136818885803,0.3054079711437225,0.728142261505127,0.7212106585502625,0.7164819240570068,0.3056647181510925,0.3361943364143371,0.0383788235485553,0.1674930900335312,0.7241777181625366,0.2067826688289642,0.4898155331611633,0.3641626834869385,0.8168566226959229,268.0,0.0333790011209366,89.33333333333333,3.0,0.0,1.0,8029.0
539_SMAP_id_9_Sensor_tr_1857_1st_4270.csv,0.054576002061367,0.0221344716846942,0.4524314999580383,0.1001286283135414,0.2012432217597961,0.911177098751068,0.2055376768112182,0.024791507050395,0.0123631032183766,0.0225277356803417,0.0165248718112707,0.6688922643661499,0.9997205138206482,0.999705135822296,0.0225277356803417,0.3910828232765198,0.0145818591117858,0.0225277356803417,0.008658118546009,0.0586703345179557,0.1351814419031143,0.0374298803508281,0.039644181728363,0.0212492011487483,0.0170438140630722,0.0335145629942417,0.0281210057437419,0.012150527909398,0.0706001371145248,0.5192759037017822,0.0192445777356624,0.0130314147099852,61.0,0.00820885479747,61.0,1.0,0.0,1.0,7431.0
543_SMAP_id_13_Sensor_tr_2020_1st_4550.csv,0.0226250626146793,0.811704158782959,0.4279729723930359,0.095494732260704,0.0526390448212623,0.0559387989342212,0.0095565551891922,0.9994438886642456,0.999692440032959,0.8542339205741882,0.0937740802764892,,0.0350567325949668,0.0244428720325231,0.8958805203437805,0.5963454842567444,0.0498133786022663,0.0466898009181022,0.9999653697013856,0.0641194954514503,0.964734137058258,0.9935115575790404,0.0095209162682294,0.9890066981315612,0.6359416842460632,0.99381685256958,0.8514450788497925,0.4478659331798553,0.0974851250648498,0.0467906109988689,0.0172795783728361,0.0103505365550518,,,,,,,
544_SMAP_id_14_Sensor_tr_1978_1st_4450.csv,0.023348094895482,0.6325404644012451,0.0430120415985584,0.0597458183765411,0.0232649706304073,0.0417984388768672,0.0190414916723966,0.9864155054092408,0.9976361393928528,0.0236959978938102,0.088834136724472,0.097548596560955,0.0166402794420719,0.0152580421417951,0.9356805086135864,0.030529610812664,0.0269604939967393,0.0236959978938102,0.9991376399993896,0.0555505976080894,0.9863635897636414,0.015121441334486,0.0492042601108551,0.9963988661766052,0.9945136308670044,0.9480933547019958,0.999949872493744,0.012245069257915,0.0399707779288291,0.0195319764316082,0.0248580947518348,0.0728023424744606,111.0,0.0140257771038665,111.0,1.0,0.0,1.0,7914.0
545_SMAP_id_15_Sensor_tr_1173_1st_2750.csv,0.123189739882946,0.0616485066711902,0.986896812915802,0.3921273946762085,0.8424646258354187,0.7984963655471802,0.90440434217453,0.0104920687153935,0.0152120813727378,0.5040270090103149,0.470335304737091,0.9119057655334472,0.9818647503852844,0.9822271466255188,0.0104167070239782,0.7339664101600647,0.0236609987914562,0.0335400812327861,0.0180555153638124,0.3590298295021057,0.1060366183519363,0.3812865018844604,0.0890318527817726,0.0097761722281575,0.1052749752998352,0.3275814950466156,0.3229040205478668,0.6915451288223267,0.5424106121063232,0.9234983325004578,0.0226187519729137,0.0155174396932125,51.0,0.0108672490943959,51.0,1.0,0.0,1.0,4693.0
546_SMAP_id_16_Sensor_tr_2117_1st_4770.csv,0.0238278117030859,0.0175882745534181,0.021429868414998,0.0342636294662952,0.0230394657701253,0.0240402091294527,0.01612432859838,0.9838690161705016,0.9083172678947448,0.0262222047895193,0.0219731498509645,0.0248093362897634,0.0354001335799694,0.0369432903826236,0.8721300959587097,0.0237438678741455,0.0203207712620496,0.0238278117030859,0.9246764183044434,0.0119712324813008,0.736116886138916,0.635244607925415,0.3982250690460205,0.9819836020469666,0.7024641036987305,0.4918021261692047,0.9515063762664796,0.0118246702477335,0.0349585749208927,0.0247601401060819,0.0242340434342622,0.0225673820823431,121.0,0.0142874011099303,121.0,1.0,0.0,1.0,8469.0
547_SMAP_id_17_Sensor_tr_2133_1st_5400.csv,0.1307801306247711,0.3943272233009338,0.4886725842952728,0.0805569738149643,0.3642516136169433,0.2593772113323211,0.453892320394516,0.3256854712963104,0.1612459868192672,0.1330998092889785,0.4510138630867004,0.1181755065917968,0.167687326669693,0.16255983710289,0.3990453779697418,0.0879015550017356,0.2396151572465896,0.0827892944216728,0.3552852571010589,0.2538146078586578,0.3281438052654266,0.4721803069114685,0.4372075498104095,0.1143840178847312,0.1069549694657325,0.1055763587355613,0.0980811491608619,0.6019362807273865,0.1281448155641555,0.1116242259740829,0.0719364210963249,0.0736283659934997,623.0,0.0730192217533989,623.0,1.0,0.0,1.0,8532.0
548_SMAP_id_18_Sensor_tr_2094_1st_5600.csv,0.0175983272492885,0.7925347685813904,0.0194995440542697,0.0388736352324485,0.0204942300915718,0.8136201500892639,0.021151203662157,0.9986348748207092,0.9990040063858032,0.648483395576477,0.018141534179449,0.7481363415718079,0.998216450214386,0.9987971186637878,0.7229563593864441,0.4274472892284393,0.0086979614570736,0.0175983291119337,0.9988881945610046,0.012495519593358,0.5514761209487915,0.7634549736976624,0.752035915851593,0.7229563593864441,0.0180082283914089,0.7236032485961914,0.7228278517723083,0.0070439558476209,0.8320907950401306,0.8124234080314636,0.0073742498643696,0.0090950056910514,41.0,0.0048949379178605,41.0,1.0,0.0,1.0,8376.0
552_YAHOO_id_2_Synthetic_tr_500_1st_893.csv,0.0605667494237422,0.8234820365905762,1.0,1.0,0.0605667494237422,0.5896099805831909,1.0,1.0,0.0102089960128068,1.0,1.0,0.9703722596168518,0.5214987397193909,0.1343147605657577,0.8638134002685547,0.6979582905769348,0.0074322260916233,0.0605667456984519,0.3291760087013244,1.0,0.01789684407413,0.0135689219459891,0.0173889640718698,1.0,0.6042051315307617,0.4085770845413208,0.900873363018036,0.0050204908475279,1.0,0.8150660395622253,0.6015310287475586,0.0108202928677201,1.0,0.0007037297677691,1.0,1.0,1.0,0.0,1421.0
554_YAHOO_id_4_Synthetic_tr_500_1st_658.csv,0.3554872572422027,0.6854211091995239,1.0,0.9935691952705384,0.4621992409229278,0.567739725112915,0.0106468060985207,0.9090884327888488,0.0399091765284538,0.7654691934585571,1.0,1.0,0.79094398021698,0.7918013334274292,0.7028244137763977,0.5929617285728455,0.6573987603187561,0.5957940816879272,0.069907933473587,1.0,0.623220682144165,0.0464918985962867,0.0102710034698247,0.7112940549850464,0.7684198021888733,0.855437159538269,0.7531120181083679,0.0470045022666454,0.9979116916656494,0.741245687007904,0.6774425506591797,0.08333420753479,,,,,,,
555_YAHOO_id_5_WebService_tr_500_1st_730.csv,0.0942872539162635,0.0669863745570182,0.1082809269428253,0.9751189947128296,0.0700703784823417,0.0552378557622432,0.0218807086348533,0.6579948663711548,0.8616315722465515,0.0245721749961376,0.0444469787180423,0.8290266394615173,0.086034394800663,0.0779264345765113,0.6407453417778015,0.076607309281826,0.0379291474819183,0.0476716309785842,0.8087250590324402,0.5099129676818848,0.6268157958984375,0.1601243913173675,0.1161745265126228,0.6802927255630493,0.5873830318450928,0.3355156183242798,0.6754939556121826,0.0249953642487525,1.0,0.2236836850643158,0.045868907123804,0.0488450303673744,4.0,0.0023809523809523,1.0,4.0,1.0,0.0,1680.0
557_YAHOO_id_7_WebService_tr_500_1st_770.csv,0.1967726200819015,0.3297317028045654,0.7360303401947021,0.6523881554603577,0.5168449878692627,0.4671758115291595,0.9915083050727844,0.1526553034782409,0.1206985190510749,0.2628746628761291,0.9577829241752625,0.6967512965202332,0.7521331906318665,0.7550150752067566,0.1480163633823394,0.687603235244751,0.991962730884552,0.7575640082359314,0.1331773400306701,0.8099022507667542,0.9730637073516846,0.426594465970993,0.999633014202118,0.1560559123754501,0.1804186105728149,0.2186194658279419,0.1868992000818252,0.9817261695861816,0.6484136581420898,0.6785364151000977,0.9374093413352966,0.8480826020240784,,,,,,,
558_YAHOO_id_8_WebService_tr_500_1st_1125.csv,0.0898666158318519,0.5405862331390381,0.0745929107069969,0.0763886868953704,0.0843785554170608,0.0822483003139495,0.4270616173744201,0.1040602996945381,0.1584095060825348,0.1670490801334381,0.0653780773282051,0.0999515727162361,0.0631603747606277,0.0637793242931366,0.1295683234930038,0.0737681463360786,0.0624622404575347,0.0843785554170608,0.2046202719211578,0.3151711523532867,0.0673161000013351,0.0500545613467693,0.0636082142591476,0.105316661298275,0.1160646229982376,0.0590355768799781,0.181389719247818,0.4611042737960815,0.0768320932984352,0.0776266530156135,0.0648430213332176,0.0458435826003551,80.0,0.056061667834618,40.0,2.0,1.0,1.0,1427.0
559_YAHOO_id_9_WebService_tr_500_1st_538.csv,0.0332889072597026,0.2321438789367675,0.047253955155611,0.9779497385025024,0.1023727506399154,0.0576541125774383,0.0208689197897911,0.8269439935684204,0.9013553857803344,0.4307299852371216,0.0565718859434127,1.0,0.0941321551799774,0.1120052263140678,0.8190419673919678,0.0591160804033279,0.0257455725222826,0.3652827739715576,0.966732621192932,0.75,0.2903474867343902,0.0611993893980979,0.0303779579699039,0.3336936235427856,0.2898900508880615,0.0455249212682247,0.3578835427761078,0.0333244353532791,0.9779497385025024,0.0651602745056152,0.0388351306319236,0.0242139156907796,,,,,,,
560_YAHOO_id_10_Synthetic_tr_500_1st_893.csv,0.1475528925657272,0.0634985193610191,0.0786736160516738,1.0,0.1957319229841232,0.2696252763271332,0.0195356793701648,0.8571476936340332,0.0043380693532526,0.0030910081695765,0.0550489909946918,,0.1617573499679565,0.0306641142815351,0.6722119450569153,0.2175134122371673,0.0382191836833953,0.1607040613889694,0.0060496120713651,0.1165233924984932,0.1082308068871498,0.964936912059784,0.0452752336859703,0.852950394153595,0.0354577042162418,0.6159241199493408,0.104765310883522,0.0026082843542099,1.0,0.0806223303079605,0.0528866276144981,0.0224991850554943,,,,,,,
561_YAHOO_id_11_WebService_tr_500_1st_359.csv,0.0332889072597026,0.0439282469451427,0.0145823368802666,0.966636598110199,0.0885344520211219,0.1449603140354156,0.0178888589143753,0.6880120635032654,0.9481081962585448,0.0312390066683292,0.0118618169799447,0.958121657371521,0.0878508165478706,0.0700606852769851,0.6530187129974365,0.0772221460938453,0.0109206698834896,0.3447338342666626,1.0,1.0,0.7064760327339172,0.0760387182235717,0.0278119351714849,0.1620076894760131,0.0168163478374481,0.5804226994514465,0.0132943820208311,0.0190272741019725,0.9606228470802308,0.2313802689313888,0.0120335100218653,0.0118274446576833,,,,,,,
562_YAHOO_id_12_Synthetic_tr_500_1st_893.csv,0.4718017876148224,0.8568791747093201,1.0,1.0,0.0871709063649177,0.6930667161941528,1.0,0.9898160099983216,0.944596230983734,1.0,1.0,1.0,0.8100152015686035,0.7619679570198059,0.7768012881278992,0.770752489566803,0.9774032831192015,0.0761837661266326,0.9811694622039796,1.0,0.363980621099472,0.0031785978935658,0.0054830936715006,0.6156678795814514,0.372955322265625,0.6982144117355347,0.1235205680131912,0.0037626379635185,1.0,0.8397876620292664,0.6134394407272339,0.0107121225446462,1.0,0.0007037297677691,1.0,1.0,1.0,0.0,1421.0
563_YAHOO_id_13_Synthetic_tr_500_1st_623.csv,0.1286685168743133,0.5536991357803345,1.0,0.984953999519348,0.4914696514606476,0.3046386539936065,0.0237135030329227,0.7913442254066467,0.689781904220581,0.7655631303787231,1.0,0.9641993641853333,0.6573747396469116,0.6248820424079895,0.668759822845459,0.5202147960662842,0.6207129955291748,0.6841248869895935,0.7239769101142883,0.704800546169281,0.7707871198654175,0.1470772624015808,0.0278426613658666,0.6535665392875671,0.6421592235565186,0.407743901014328,0.5652869939804077,0.0284042190760374,0.9759646654129028,0.6471056342124939,0.5495622158050537,0.0485504865646362,,,,,,,
564_YAHOO_id_14_Synthetic_tr_500_1st_658.csv,0.3551128804683685,0.6623083353042603,1.0,0.9950507283210754,0.8852924704551697,0.6286879181861877,0.0104454718530178,0.9028079509735109,0.0246541239321231,0.6574527621269226,0.7691887021064758,0.9944249391555786,0.7965768575668335,0.7944178581237793,0.7288244962692261,0.6054040789604187,0.0570774897933006,0.3695511817932129,0.0408259369432926,1.0,0.6250947713851929,0.0345897786319255,0.0097666680812835,0.728921115398407,0.5920288562774658,0.8661567568778992,0.5583255887031555,0.0272733606398105,0.9978392720222472,0.6861617565155029,0.5058136582374573,0.0595107972621917,,,,,,,
565_YAHOO_id_15_WebService_tr_500_1st_151.csv,0.037864476442337,0.0438269041478633,0.3021585345268249,0.9498522281646729,0.1188085079193115,0.0755633413791656,0.0387864783406257,0.7298088073730469,0.8900991082191467,0.1077312007546424,0.0153194423764944,0.0808510109782219,0.1086267530918121,0.1319011449813842,0.7299366593360901,0.0564692579209804,0.0153225734829902,0.1366444081068039,0.8630017042160034,0.3085193634033203,0.8146674633026123,0.4346340298652649,0.0494510792195797,0.4627712368965149,0.0921797826886177,0.4195383489131927,0.2412386685609817,0.0384003818035125,1.0,0.1298528909683227,0.0152103044092655,0.0241056624799966,,,,,,,
567_YAHOO_id_17_Synthetic_tr_500_1st_893.csv,0.0089668286964297,0.6168224811553955,1.0,1.0,0.7361446619033813,0.6216557025909424,0.0049197622574865,1.0,1.0,0.8615760207176208,1.0,1.0,0.8976173400878906,1.0,0.5209698677062988,0.8666752576828003,0.977246105670929,0.550206184387207,1.0,1.0,0.5235997438430786,0.5215054750442505,0.0061972066760063,0.5292195677757263,0.8959754109382629,0.5895271301269531,0.494193434715271,0.0043489905074238,1.0,0.534679114818573,0.6186642050743103,0.0080829923972487,,,,,,,
568_YAHOO_id_18_WebService_tr_500_1st_333.csv,0.0404371060431003,0.0623948909342289,0.2606065571308136,1.0,0.0467734895646572,0.1035051420331001,0.0493862777948379,0.414628118276596,0.9246602654457092,0.6666339635848999,0.2654443085193634,,0.0835895910859108,0.0767633318901062,0.5938759446144104,0.0559562258422374,0.1458704620599746,0.1991068124771118,0.8540847897529602,0.2783763110637665,0.0126598477363586,0.1195337995886802,0.1239128857851028,0.1188229471445083,0.0976745039224624,0.1600197553634643,0.0921883136034011,0.5187915563583374,1.0,0.0733574032783508,0.1826268136501312,0.1334783136844635,,,,,,,
569_YAHOO_id_19_WebService_tr_500_1st_30.csv,0.100941963493824,0.0890528261661529,0.482147067785263,0.7897241711616516,0.0924403890967369,0.2257687598466873,0.2792772948741913,0.2920103371143341,0.8538889288902283,0.6689798831939697,0.4729761183261871,0.8038536906242371,0.1888468116521835,0.2223584800958633,0.6698923707008362,0.1417423039674759,0.4475434124469757,0.439163327217102,0.7793259620666504,0.7534188628196716,0.5485813617706299,0.0698010921478271,0.3777670264244079,0.1809891760349273,0.1171150133013725,0.0762653946876525,0.2722440659999847,0.5993841290473938,0.7988455891609192,0.2801944613456726,0.3740821778774261,0.408433049917221,,,,,,,
572_YAHOO_id_22_WebService_tr_500_1st_377.csv,0.1566493809223175,0.2688433229923248,0.1634857207536697,0.9965768456459044,0.1529280990362167,0.1793479174375534,0.0920744389295578,0.6469318866729736,0.7480139136314392,0.4070422351360321,0.1245269849896431,0.9588796496391296,0.3033932149410248,0.2940743863582611,0.6424931287765503,0.2333046793937683,0.1221825778484344,0.5228990316390991,0.6853569149971008,0.5809181332588196,0.3071618676185608,0.0978814586997032,0.1000207513570785,0.5311629772186279,0.3788984417915344,0.4893107712268829,0.3205085694789886,0.1160350069403648,0.9899504780769348,0.2772020101547241,0.1204203218221664,0.125254675745964,,,,,,,
573_YAHOO_id_23_Synthetic_tr_500_1st_623.csv,0.0614618211984634,0.5248425006866455,1.0,0.9859445095062256,0.3498269319534302,0.3388613760471344,0.0190495233982801,0.8554133176803589,0.7630307674407959,0.8166690468788147,1.0,,0.6280364394187927,0.6367720365524292,0.0132548715919256,0.6274603009223938,1.0,0.6302193999290466,0.0672518983483314,1.0,0.7537916898727417,0.0166801027953624,0.0256319846957921,0.2488792240619659,0.3944102525711059,0.5250916481018066,0.2197175621986389,0.1448570936918258,0.9812357425689696,0.5934655070304871,0.5501388907432556,0.0585571266710758,,,,,,,
574_YAHOO_id_24_WebService_tr_500_1st_202.csv,0.0163275431841611,0.001300627249293,0.0032642134465277,0.9444562792778016,0.0126214912161231,0.0048965192399919,0.0012261160882189,0.0798658207058906,1.0,0.0015674213645979,0.0051796589978039,0.0058479537256062,0.001560035161674,0.001648278790526,0.9578810334205629,0.0020117361564189,0.0031010082457214,0.0111034885048866,1.0,0.5,0.0031032168772071,0.0093219140544533,0.0009787011658772,0.3771270513534546,0.0036299161147326,0.7908965349197388,0.0150339594110846,0.0047507076524198,1.0,0.0020746181253343,0.0031610501464456,0.0126214893534779,,,,,,,
575_YAHOO_id_25_Synthetic_tr_500_1st_623.csv,0.3720210790634155,0.7205073237419128,0.5992100238800049,0.9840198159217834,0.7307658791542053,0.7479162812232971,0.1765314936637878,0.9192134737968444,0.0410450510680675,0.7731828093528748,0.608936607837677,0.9960637092590332,0.8910302519798279,0.8817760348320007,0.7926638722419739,0.6456802487373352,0.5528243184089661,0.5197677612304688,0.2638110816478729,0.6218591332435608,0.6215773224830627,0.1815236955881118,0.4865129292011261,0.8625410199165344,0.8417518734931946,0.8101520538330078,0.5741237998008728,0.5887557864189148,0.989495575428009,0.6816971898078918,0.5003056526184082,0.6820375919342041,,,,,,,
576_YAHOO_id_26_Synthetic_tr_500_1st_658.csv,0.1618042737245559,0.1024860292673111,1.0,0.992456316947937,0.4656122922897339,0.532566249370575,0.0751249641180038,0.6921107769012451,0.5823349356651306,0.6791521310806274,1.0,0.984122633934021,0.7205902338027954,0.8377891778945923,0.7979535460472107,0.6575557589530945,0.0926681980490684,0.3972816169261932,0.6383163332939148,1.0,0.0574616640806198,0.0320060066878795,0.0761098191142082,0.4873585402965545,0.4799126982688904,0.5412601232528687,0.6641073822975159,0.6258871555328369,0.9988456964492798,0.8995109796524048,0.7151947021484375,0.0799600705504417,,,,,,,
577_YAHOO_id_27_WebService_tr_500_1st_498.csv,0.0619250163435936,0.0629558563232421,0.5125042796134949,0.979564130306244,0.0714769586920738,0.0693814381957054,0.0278764683753252,0.8723841309547424,0.8775563836097717,0.6296890377998352,0.1254538595676422,0.9270503520965576,0.3297460079193115,0.3312318027019501,0.7021982073783875,0.1079093292355537,0.0927114263176918,0.6235107183456421,0.7485267519950867,1.0,0.1485692709684372,0.0252059884369373,0.044280644506216,0.4582691490650177,0.4496629238128662,0.300372838973999,0.3814977407455444,0.0568129122257232,0.980502724647522,0.2521667182445526,0.106252335011959,0.0787583440542221,,,,,,,
578_YAHOO_id_28_Synthetic_tr_500_1st_623.csv,0.0973970368504524,0.2724189460277557,1.0,0.9759646654129028,0.1383430808782577,0.3201777040958404,0.0549167096614837,0.2739417254924774,0.3641952872276306,0.6428375244140625,1.0,1.0,0.614823043346405,0.6565706133842468,0.0215923488140106,0.5338934659957886,1.0,0.6471438407897949,0.3144825398921966,0.9328843355178832,0.7129089832305908,0.0397607833147048,0.0523708388209342,0.1037017405033111,0.1633023917675018,0.2105098515748977,0.1272032260894775,0.455297589302063,0.9893566966056824,0.626636266708374,0.5554633140563965,0.0478670448064804,,,,,,,
580_YAHOO_id_30_WebService_tr_500_1st_236.csv,0.0423582233488559,0.0229425430297851,0.3053117990493774,1.0,0.0907318294048309,0.0609521530568599,0.2470499873161316,0.1371861100196838,0.8374112844467163,0.3388591408729553,0.3416574895381927,0.958121657371521,0.0842732787132263,0.1307145953178405,0.6286112070083618,0.1395105719566345,0.3444265127182007,0.3524723351001739,0.8558392524719238,0.3863636255264282,0.7326090335845947,0.0337052792310714,0.1248951852321624,0.0497589074075222,0.028904328122735,0.0355407372117042,0.6220447421073914,0.3200812041759491,1.0,0.1295258700847625,0.2010362297296524,0.1903482228517532,,,,,,,
581_YAHOO_id_31_Synthetic_tr_500_1st_893.csv,0.1720448583364486,0.9008100628852844,1.0,1.0,0.6120812296867371,0.250521570444107,0.0032262108288705,0.0352405048906803,0.023111630231142,0.6175855398178101,1.0,1.0,0.1073998361825943,0.5032105445861816,0.8667635321617126,0.5362067818641663,0.0107116047292947,0.1024022176861763,0.0078612538054585,1.0,0.1075636371970176,0.0321341976523399,0.004038908984512,0.054487008601427,0.9462423920631408,0.0338274054229259,0.1669781953096389,0.0042391177266836,1.0,0.6215749382972717,0.6197166442871094,0.0078290039673447,,,,,,,
582_YAHOO_id_32_Synthetic_tr_500_1st_658.csv,0.11696208268404,0.8211444616317749,1.0,0.9887130856513976,0.1028503626585006,0.5063771605491638,0.0112102227285504,0.9752821326255798,0.977936029434204,0.5983426570892334,1.0,1.0,0.7589831352233887,0.7325376868247986,0.0188424605876207,0.7588202953338623,0.9865857362747192,0.5819365978240967,0.0781474560499191,1.0,0.886260986328125,0.0245990231633186,0.0090065486729145,0.7914996147155762,0.6906740665435791,0.4902136325836181,0.5438492298126221,0.0542706213891506,0.9985564947128296,0.8143125176429749,0.6072450280189514,0.076048158109188,,,,,,,
583_YAHOO_id_33_WebService_tr_500_1st_1616.csv,0.0126214893534779,0.0016966293333098,0.0178412124514579,1.0,0.0126214893534779,0.0413736924529075,0.0101650599390268,0.0410608053207397,1.0,0.0110173728317022,0.0239351242780685,,0.0156202455982565,0.0127873495221138,0.8326599597930908,0.1016626358032226,0.027917955070734,0.3254511654376983,1.0,1.0,0.3549802005290985,0.5667005181312561,0.0045742215588688,0.2470895648002624,0.2490032613277435,0.707428514957428,0.0117441471666097,0.0045321215875446,1.0,0.1926232129335403,0.0192684344947338,0.0164964739233255,,,,,,,
584_YAHOO_id_34_Synthetic_tr_500_1st_658.csv,0.4204211235046386,0.8405444622039795,1.0,0.995410144329071,0.8186191916465759,0.5616289377212524,0.0072933360934257,0.9955176115036012,0.846981406211853,0.6751930713653564,1.0,1.0,0.8086414933204651,0.7742173075675964,0.0447732098400592,0.8115327954292297,0.9898594617843628,0.5542824268341064,0.9595232605934144,1.0,0.4399894773960113,0.0205102041363716,0.0136128487065434,0.8011876940727234,0.7173022031784058,0.7863481044769287,0.1808971315622329,0.0487955547869205,1.0,0.8458159565925598,0.6172669529914856,0.0877059996128082,,,,,,,
586_YAHOO_id_36_WebService_tr_500_1st_398.csv,0.0126214893534779,0.0061728511936962,0.0207740571349859,1.0,0.0203832797706127,0.0183043144643306,0.0056337732821702,0.1306123733520507,1.0,0.6967672109603882,0.0217015594244003,0.9077690839767456,0.0018167911330237,0.0019227397860959,0.7140640020370483,0.0079679116606712,0.018951354548335,0.0183359291404485,1.0,1.0,0.4618918299674988,0.0916941091418266,0.0036587235517799,0.0202871039509773,0.0035893218591809,0.3107670843601227,0.007032211869955,0.0021023852750658,1.0,0.0171707496047019,0.0179890450090169,0.003031994914636,,,,,,,
587_YAHOO_id_37_Synthetic_tr_500_1st_623.csv,0.0631187632679939,0.2449636757373809,1.0,0.9368914365768432,0.1457268595695495,0.3098726570606231,0.0529103353619575,0.1297404170036316,0.0266238022595644,0.7076563835144043,1.0,1.0,0.6080232262611389,0.6401350498199463,0.0121464701369404,0.6067228317260742,0.6171276569366455,0.6537065505981445,0.0398416295647621,0.69901442527771,0.8329415321350098,0.0094507448375225,0.0897071808576583,0.0629221349954605,0.0581162646412849,0.0662454068660736,0.0898445695638656,0.0336637906730175,0.986999809741974,0.3821794092655182,0.5490323901176453,0.0415509715676307,,,,,,,
588_YAHOO_id_38_Synthetic_tr_500_1st_658.csv,0.3714582026004791,0.7497072815895081,1.0,0.9993651509284972,0.6845196485519409,0.8155117630958557,0.0364702679216861,0.4991940855979919,0.6313101053237915,0.5426117181777954,1.0,1.0,0.9023501873016356,0.8947888016700745,0.4535831212997436,0.8832039833068848,0.1111911684274673,0.589828610420227,0.3879729509353637,0.7920198440551758,0.0828449428081512,0.0894432812929153,0.0236852429807186,0.4845592379570007,0.6034608483314514,0.6762675046920776,0.4806109070777893,0.0222890339791774,1.0,0.9095515608787536,0.6499300003051758,0.054848950356245,,,,,,,
589_YAHOO_id_39_WebService_tr_500_1st_10.csv,0.1486718952655792,0.3380433022975921,0.2206782400608062,0.8558512330055237,0.1510065495967865,0.2457971423864364,0.1816665679216385,0.6824251413345337,0.7783799767494202,0.6054986715316772,0.2216318100690841,0.8085068464279175,0.3030920326709747,0.3075425326824188,0.7064935564994812,0.1765666902065277,0.1860606074333191,0.3332884609699249,0.7484300136566162,0.7161957621574402,0.4882450997829437,0.221461683511734,0.2147964984178543,0.5917437076568604,0.4656516313552856,0.4266866743564605,0.6288027167320251,0.2208554446697235,0.8681049942970276,0.3455111384391784,0.2034637480974197,0.2241074740886688,,,,,,,
591_YAHOO_id_41_WebService_tr_500_1st_139.csv,0.1366880089044571,0.1061227321624755,0.3172567486763,0.9362215995788574,0.1746063083410263,0.1567742824554443,0.1763865500688552,0.6625121235847473,0.816063404083252,0.3734895586967468,0.1816670596599578,0.5558927059173584,0.1966835558414459,0.1891547739505767,0.7635553479194641,0.1806123405694961,0.1740573048591613,0.1880071312189102,0.7743685841560364,0.4431847333908081,0.7038137316703796,0.3739334046840668,0.2370125651359558,0.5356432199478149,0.3259145319461822,0.3055542111396789,0.363884687423706,0.21964892745018,0.9618569016456604,0.1836660206317901,0.1850319057703018,0.1695832759141922,,,,,,,
593_YAHOO_id_43_WebService_tr_500_1st_75.csv,0.1060092374682426,0.0869237408041954,0.2575259804725647,0.8838298320770264,0.1206076443195343,0.1005028709769249,0.1139743775129318,0.7863361239433289,0.7808168530464172,0.6522058844566345,0.0552800856530666,0.8769406080245972,0.3607538342475891,0.34662064909935,0.6911395192146301,0.1416884064674377,0.0529169887304306,0.3044587671756744,0.7734233736991882,0.7471150159835815,0.3577489852905273,0.1363405585289001,0.1454572826623916,0.3452880382537842,0.3841278851032257,0.350366473197937,0.418898344039917,0.2503326535224914,0.8980913758277893,0.187861829996109,0.0542833134531974,0.0567839667201042,,,,,,,
594_YAHOO_id_44_WebService_tr_500_1st_599.csv,0.0452784299850463,0.0721072852611541,0.4299204349517822,0.9682236313819884,0.0737842768430709,0.1432621926069259,0.2362097799777984,0.6537668704986572,0.6575872898101807,0.531079113483429,0.1809599250555038,0.6715012192726135,0.2054598182439804,0.2033094465732574,0.4899804294109344,0.0685022622346878,0.1925792098045349,0.3511989116668701,0.6791123151779175,0.5486210584640503,0.4893480539321899,0.1976494193077087,0.3113200068473816,0.3871833384037018,0.3106834292411804,0.3107276260852813,0.3736750781536102,0.4339554607868194,0.8238166570663452,0.2295146882534027,0.1682687401771545,0.3314767479896545,,,,,,,
595_YAHOO_id_45_WebService_tr_500_1st_248.csv,0.0754096880555152,0.1944923847913742,0.8524528741836548,0.9767826199531556,0.0868545249104499,0.0853401347994804,0.1342436075210571,0.291151762008667,0.9146090745925904,0.6940338015556335,0.8190248012542725,0.9261485934257508,0.286696583032608,0.3487197160720825,0.7551476359367371,0.0953504368662834,0.3015938103199005,0.6312321424484253,0.8530197739601135,0.8646190762519836,0.599313497543335,0.118375226855278,0.4444507956504822,0.1571740210056305,0.1454895734786987,0.1314124464988708,0.1605430543422699,0.6735523343086243,1.0,0.3412524759769439,0.4908821880817413,0.1642340421676635,,,,,,,
596_YAHOO_id_46_WebService_tr_500_1st_666.csv,0.0261244755238294,0.0546833612024784,0.3050654232501983,0.9305016398429872,0.0261244755238294,0.0660560876131057,0.0204462446272373,0.8634976148605347,0.8652859330177307,0.6995783448219299,0.1001598685979843,0.6440874934196472,0.1500029414892196,0.1666741967201233,0.7184002995491028,0.0198150370270013,0.0398786216974258,0.5119171738624573,0.8303708434104919,0.520833432674408,0.6952686309814453,0.3821094334125519,0.0191813819110393,0.4093480110168457,0.3789896667003631,0.2506124675273895,0.5866754055023193,0.0212731231003999,0.9732456803321838,0.0480172373354435,0.0698384046554565,0.0390389114618301,,,,,,,
597_YAHOO_id_47_Synthetic_tr_500_1st_623.csv,0.0219951663166284,0.1215078979730606,1.0,0.897716224193573,0.0219951663166284,0.0596241280436515,0.0113702369853854,0.0423227772116661,0.0056453524157404,0.9277308583259584,1.0,0.9702242612838744,0.2077840119600296,0.221125453710556,0.006458209361881,0.0306830313056707,1.0,0.7690345048904419,0.0082117216661572,1.0,0.9752737283706664,0.0083455154672265,0.0729497522115707,0.0710111707448959,0.3289253115653991,0.1062156334519386,0.0308331735432147,0.8421643376350403,0.9586179852485656,0.0259509682655334,0.342547595500946,0.0260944105684757,,,,,,,
599_YAHOO_id_49_WebService_tr_500_1st_653.csv,0.3098771572113037,0.7631343603134155,0.712859034538269,0.6013291478157043,0.3758513927459717,0.6673197150230408,0.771577775478363,0.6221372485160828,0.8506068587303162,0.6340945363044739,0.9929822087287904,0.4813854992389679,0.827401876449585,0.8348430395126343,0.6531491875648499,0.6739345192909241,0.982738733291626,0.629330039024353,0.6307470202445984,0.9975040555000304,0.0792088359594345,0.0985271632671356,0.6413888931274414,0.5701347589492798,0.5697652101516724,0.6640952229499817,0.569668710231781,0.6609361171722412,0.5579301118850708,0.6745414137840271,0.3129876554012298,0.3430628180503845,,,,,,,
600_YAHOO_id_50_Synthetic_tr_500_1st_658.csv,0.3250031471252441,0.6758697032928467,0.8060581088066101,0.9955203533172609,0.3103959560394287,0.6344334483146667,0.008619942702353,0.8305568099021912,0.0291477087885141,0.7280726432800293,0.3890541493892669,0.9944249391555786,0.767514169216156,0.7656369209289551,0.7407602071762085,0.6272442936897278,0.0733253359794616,0.3695511817932129,0.031352587044239,1.0,0.304074078798294,0.048193771392107,0.0090775219723582,0.7140666246414185,0.5278539061546326,0.8261758685112,0.6363615989685059,0.0202093422412872,0.9978392720222472,0.7293753623962402,0.3004826307296753,0.0597082003951072,,,,,,,
601_YAHOO_id_51_Synthetic_tr_500_1st_893.csv,0.457258015871048,0.702683687210083,1.0,1.0,0.4141556024551391,0.6870337724685669,0.0042522670701146,0.9897444248199464,0.9897444248199464,0.6181723475456238,1.0,1.0,0.7315883040428162,0.8488397598266602,0.6843217015266418,0.7713212370872498,0.977246105670929,0.550206184387207,0.9897444248199464,1.0,0.0099679669365286,0.0092413173988461,0.004477662499994,0.6845091581344604,0.9447268843650818,0.8413191437721252,0.0226666554808616,0.004400688689202,1.0,0.8430437445640564,0.615585446357727,0.0085943024605512,,,,,,,
602_YAHOO_id_52_WebService_tr_500_1st_595.csv,0.0506106503307819,0.0272390004247427,0.275791198015213,1.0,0.0989111885428428,0.1477313488721847,0.0540536977350711,0.067284919321537,0.8343837857246399,0.6393967270851135,0.2395115494728088,1.0,0.3021274209022522,0.3528124690055847,0.6798629760742188,0.0766866952180862,0.1720022410154342,0.3383789360523224,0.6960597038269043,0.6379863023757935,0.0358521565794944,0.039804745465517,0.0781585350632667,0.0457365550100803,0.054754514247179,0.0494826063513755,0.0797218009829521,0.2460724115371704,1.0,0.1650009602308273,0.1600323617458343,0.0492213740944862,,,,,,,
604_YAHOO_id_54_WebService_tr_500_1st_116.csv,0.0941157937049865,0.1291086375713348,0.5513902306556702,0.9604403972625732,0.0979955643415451,0.12226602435112,0.0520989410579204,0.6567211747169495,0.7609993815422058,0.5417978763580322,0.0910459831357002,0.9012331962585448,0.3189462423324585,0.3473769128322601,0.7092745900154114,0.1548646688461303,0.092450812458992,0.4829059839248657,0.8156625628471375,0.3986653983592987,0.7832123041152954,0.3017484545707702,0.0450215339660644,0.5729988217353821,0.0697748512029647,0.5374685525894165,0.4737869203090668,0.078397512435913,0.9959356784820556,0.2947738170623779,0.08974439650774,0.0990092307329177,,,,,,,
607_YAHOO_id_57_WebService_tr_500_1st_426.csv,0.1428640037775039,0.1895663440227508,0.2347246706485748,0.785993218421936,0.1512386947870254,0.1253173202276229,0.0856827050447464,0.2275594472885131,0.7738366723060608,0.452543169260025,0.2181150764226913,0.6615194082260132,0.1066603884100914,0.1081769466400146,0.6709076762199402,0.117251917719841,0.2173095345497131,0.2334633320569992,0.5650150179862976,0.3273210823535919,0.3485343158245086,0.1739577054977417,0.0964345037937164,0.1674310117959976,0.1015216037631034,0.1086201667785644,0.2191774994134903,0.1166495531797409,0.7961726188659668,0.1756657063961029,0.1901718080043792,0.1529776602983474,,,,,,,
608_YAHOO_id_58_WebService_tr_500_1st_72.csv,0.1554926633834839,0.1203472837805748,0.4610711932182312,0.890033483505249,0.2432037889957428,0.228241741657257,0.3416515290737152,0.3154245316982269,0.8819734454154968,0.7300063967704773,0.4436957538127899,0.8729169964790344,0.3611463904380798,0.3403014242649078,0.7220475673675537,0.1239444240927696,0.2387061268091201,0.4153231382369995,0.8851196765899658,0.6109455823898315,0.6822019815444946,0.2715508341789245,0.3982428014278412,0.294262945652008,0.2792553305625915,0.1608504354953766,0.142021045088768,0.5678333044052124,0.9162008166313172,0.3499194681644439,0.4135383665561676,0.3580981492996216,,,,,,,
609_YAHOO_id_59_WebService_tr_500_1st_17.csv,0.1437209546566009,0.1259854137897491,0.2637524604797363,0.8975666165351868,0.10592021048069,0.222207561135292,0.1532759219408035,0.5846895575523376,0.8345851898193359,0.4536716043949127,0.1648184657096862,0.8836894035339355,0.3070697784423828,0.3164167702198028,0.7249316573143005,0.1528298258781433,0.1473538726568222,0.4146006405353546,0.7246360182762146,0.7020288109779358,0.8083000183105469,0.498099684715271,0.1586988419294357,0.5258724093437195,0.3614194989204407,0.4030962288379669,0.4397201836109161,0.1790550202131271,0.9180842638015748,0.2925262451171875,0.1594498455524444,0.1374026238918304,,,,,,,
610_YAHOO_id_60_WebService_tr_500_1st_878.csv,0.0126214912161231,0.1275122016668319,1.0,0.5224982500076294,0.0097373481839895,0.0333763808012008,0.0013700510608032,1.0,1.0,0.5339446067810059,0.0051813470199704,0.9077690839767456,0.2436467111110687,0.4001136720180511,0.9235723614692688,0.0222314018756151,0.0034823447931557,0.6600934863090515,1.0,0.3333333730697632,0.921619713306427,0.2789093852043152,0.0017399610951542,0.3584698438644409,0.7851808071136475,0.2645958960056305,0.4222142100334167,0.0061883497983217,0.9578810334205629,0.1814420074224472,0.0038031446747481,0.0067526828497648,,,,,,,
611_YAHOO_id_61_Synthetic_tr_500_1st_623.csv,0.1456081122159958,0.91420179605484,1.0,0.9980283379554749,0.69406658411026,0.7950613498687744,0.024652162566781,0.8508859872817993,0.0550206527113914,0.0602073222398757,0.2123823016881942,0.9937273859977722,0.9227067232131958,0.9136771559715272,0.739929735660553,0.8037968873977661,0.0601517781615257,0.360488086938858,0.4423923790454864,0.7295320630073547,0.7110128998756409,0.2371158599853515,0.0148893231526017,0.7881574630737305,0.2334743440151214,0.930927276611328,0.8223395347595215,0.0230910815298557,0.9958402514457704,0.9064514636993408,0.1704718917608261,0.062943086028099,,,,,,,
612_YAHOO_id_62_WebService_tr_500_1st_97.csv,0.1798647493124008,0.2656830847263336,0.3265117704868316,0.9149785041809082,0.1896053701639175,0.15674489736557,0.146329864859581,0.6306108236312866,0.8152203559875488,0.5924484729766846,0.3288752734661102,0.9428938031196594,0.3345731496810913,0.3001526892185211,0.7077576518058777,0.1783280819654464,0.2159349024295807,0.4982001781463623,0.7008381485939026,0.6111010909080505,0.6353334188461304,0.1241502538323402,0.1428534686565399,0.5670323371887207,0.4707230031490326,0.3529718816280365,0.5183622241020203,0.164581224322319,1.0,0.2736890912055969,0.2789586186408996,0.2142761200666427,,,,,,,
613_YAHOO_id_63_Synthetic_tr_500_1st_623.csv,0.0631187558174133,0.5704103112220764,1.0,0.949198842048645,0.0797910615801811,0.3295052945613861,0.0189283825457096,0.7212675213813782,0.1253418028354644,0.7937886714935303,1.0,1.0,0.6731059551239014,0.63153475522995,0.0750598311424255,0.4589846432209015,1.0,0.6996654272079468,0.2118159532546997,0.957575798034668,0.730033278465271,0.0226809885352849,0.0360461585223674,0.7221210598945618,0.7873636484146118,0.2036204785108566,0.3274229764938354,0.1970880031585693,0.978793442249298,0.6415845155715942,0.5499019026756287,0.056575171649456,,,,,,,
614_YAHOO_id_64_WebService_tr_500_1st_1204.csv,0.1615014672279358,0.7438431978225708,0.437555581331253,0.3141829371452331,0.1755391657352447,0.4611794650554657,0.7224080562591553,0.8717333674430847,0.7344838976860046,0.8101019263267517,0.4529467225074768,0.3898492753505707,0.5266675353050232,0.4518477320671081,0.6484053730964661,0.4659189581871032,0.5542489886283875,0.7151363492012024,0.7863624095916748,0.4573916792869568,0.5809733867645264,0.266346663236618,0.656991183757782,0.664567768573761,0.8206138014793396,0.4255321025848388,0.2009844630956649,0.7168950438499451,0.3534762263298034,0.7332300543785095,0.4547204971313476,0.7784478068351746,,,,,,,
615_YAHOO_id_65_WebService_tr_500_1st_348.csv,0.016023077070713,0.0756128504872322,0.7000000476837158,0.5335347652435303,0.0249282531440258,0.0526480302214622,0.0036483933217823,0.5697585344314575,0.0056500732898712,0.9270381927490234,0.7000000476837158,0.6666666865348816,0.4535735845565796,0.5826317071914673,0.0045642373152077,0.0342057347297668,0.9796378016471864,0.4978625178337097,0.0037068554665893,0.5400000214576721,0.0874376818537712,0.0021066574845463,0.0080405781045556,0.086448460817337,0.5240688920021057,0.5714120864868164,0.013755545951426,0.7009777426719666,0.5772095322608948,0.1994486898183822,0.3639001846313476,0.0189015436917543,,,,,,,
616_YAHOO_id_66_Synthetic_tr_500_1st_623.csv,0.2476082295179367,0.0949337854981422,0.3305753469467163,0.9325904250144958,0.4069892466068268,0.7759727835655212,0.236662358045578,0.839743971824646,0.0545813627541065,0.7482728958129883,0.279324859380722,0.9938143491744996,0.1706716120243072,0.2032625824213028,0.7549105286598206,0.7293526530265808,0.3031904697418213,0.1494411528110504,0.3498041927814483,0.482181578874588,0.8096726536750793,0.8640945553779602,0.4152016639709472,0.7696495652198792,0.6852806806564331,0.9404173493385316,0.5354270339012146,0.0593145936727523,0.9670564532279968,0.6399648785591125,0.2703539133071899,0.1532658487558365,,,,,,,
617_YAHOO_id_67_Synthetic_tr_500_1st_893.csv,0.5067689418792725,0.066382460296154,0.2588587999343872,1.0,0.0321245156228542,0.7985274791717529,0.1938932538032531,0.9476051330566406,1.0,0.7958037853240967,0.3418440818786621,1.0,0.2748923599720001,0.2231393307447433,0.5769106149673462,0.5614446401596069,0.0657297670841217,0.1431577503681183,0.0056867985986173,1.0,0.7362041473388672,0.6900738477706909,0.0884676799178123,0.8407874703407288,0.7657506465911865,0.7137958407402039,0.1145446673035621,0.0030564088374376,0.9884047508239746,0.8252707719802856,0.3250010013580322,0.0353355780243873,,,,,,,
620_YAHOO_id_70_Synthetic_tr_500_1st_658.csv,0.5101615190505981,0.7768564224243164,1.0,0.9794968366622924,0.5174334049224854,0.769449770450592,0.0147388530895113,0.511090099811554,0.0625113248825073,0.4648409783840179,1.0,1.0,0.8729880452156067,0.8831765055656433,0.4436645209789276,0.8555479645729065,0.0250126607716083,0.589828610420227,0.4093858301639557,1.0,0.4889191091060638,0.0470105186104774,0.011724260635674,0.4620360434055328,0.5162114500999451,0.685071587562561,0.4292734861373901,0.0188587512820959,0.9993651509284972,0.8553863167762756,0.6446586847305298,0.0578246004879474,,,,,,,
622_YAHOO_id_72_WebService_tr_500_1st_421.csv,0.0310802236199378,0.0099087487906217,1.0,0.7694555521011353,0.1864277720451355,0.1152060478925705,0.0402725711464881,0.6465551853179932,0.4345769882202148,0.8300427198410034,0.0543376840651035,1.0,0.3831246495246887,0.522735595703125,0.2724159061908722,0.3480429053306579,0.0344951190054416,0.6946651935577393,0.1946058422327041,0.9666666388511658,0.8045216202735901,0.0095351729542016,0.2321633845567703,0.3921525180339813,0.5553708672523499,0.2933506667613983,0.1687454283237457,0.7463548183441162,0.894743800163269,0.4306255280971527,0.0575358569622039,0.0183799844235181,,,,,,,
623_YAHOO_id_73_WebService_tr_500_1st_117.csv,0.1788612753152847,0.2512737512588501,0.2408901154994964,0.7201684713363647,0.1795704811811447,0.1410272866487503,0.1907709091901779,0.3351132273674011,0.6049838662147522,0.16249580681324,0.2289584577083587,0.3225673735141754,0.1599344611167907,0.1592453867197036,0.51713627576828,0.1612222343683242,0.2004478573799133,0.1695401519536972,0.6628298759460449,0.3898333013057709,0.3324131369590759,0.2340174168348312,0.2209923863410949,0.3443399667739868,0.193426176905632,0.1572769433259964,0.334573358297348,0.2143376171588897,0.778300940990448,0.1586942225694656,0.2231622338294983,0.1866743266582489,,,,,,,
624_YAHOO_id_74_Synthetic_tr_500_1st_893.csv,0.0755831077694892,0.6152262091636658,1.0,1.0,0.4166789054870605,0.6410713791847229,0.0048983548767864,1.0,1.0,0.8867404460906982,1.0,1.0,0.7460150718688965,0.8108517527580261,0.5101577639579773,0.7241804599761963,0.022109642624855,0.550206184387207,1.0,1.0,0.0047646956518292,0.5063576698303223,0.0038335979916155,0.5529608130455017,0.9323732256889344,0.5373169183731079,0.4800282716751098,0.0028991932049393,1.0,0.856477677822113,0.6133937239646912,0.0074050058610737,,,,,,,
625_YAHOO_id_75_Synthetic_tr_500_1st_658.csv,0.5549288988113403,0.901346743106842,1.0,0.994276225566864,0.8922438621520996,0.7613064646720886,0.013500397093594,0.697425127029419,0.6465728282928467,0.6266718506813049,1.0,1.0,0.9078338146209716,0.9135456681251526,0.64759361743927,0.882365345954895,0.9941339492797852,0.6658411622047424,0.3890816867351532,1.0,0.529762864112854,0.0712822824716568,0.013036117888987,0.6923151016235352,0.6354906558990479,0.6863868832588196,0.6743727922439575,0.0260404497385025,0.9985353946685792,0.9113256335258484,0.6513397097587585,0.0552871599793434,,,,,,,
626_YAHOO_id_76_WebService_tr_500_1st_883.csv,0.4026296734809875,0.2589289844036102,1.0,0.9905024766921996,0.5362655520439148,0.6614695191383362,0.8365533351898193,0.2054739445447921,0.3052113354206085,0.7220898270606995,1.0,1.0,0.8380386829376221,0.8424083590507507,0.0998185500502586,0.8124176859855652,0.996604859828949,0.6635514497756958,0.137487456202507,0.9642985463142396,0.7691978812217712,0.0587366074323654,0.7066078782081604,0.104305051267147,0.7223652005195618,0.078327752649784,0.3662412166595459,0.7398884892463684,0.9873133301734924,0.845383882522583,0.9039217829704284,0.76418536901474,,,,,,,
627_YAHOO_id_77_Synthetic_tr_500_1st_623.csv,0.2173741161823272,0.6603963971138,1.0,0.9919331073760986,0.341553270816803,0.6342445611953735,0.018372556194663,0.9212087988853456,0.9183793663978576,0.79453045129776,1.0,0.9902498126029968,0.850114107131958,0.8462955355644226,0.6848194003105164,0.6047283411026001,0.9976629614830016,0.744783341884613,0.5976303815841675,1.0,0.8410869836807251,0.032388549298048,0.0163190886378288,0.8987551331520081,0.6685115694999695,0.6484068632125854,0.8430942893028259,0.0977517664432525,0.9949260354042052,0.838843584060669,0.6431480646133423,0.083370454609394,,,,,,,
628_YAHOO_id_78_WebService_tr_500_1st_147.csv,0.1376323848962783,0.0854895040392875,0.1464955657720565,0.9942946434020996,0.2262257188558578,0.147250235080719,0.1189581900835037,0.553890585899353,0.7268804311752319,0.3090657889842987,0.0992803499102592,0.9172665476799012,0.2858186066150665,0.3330413699150085,0.6716093420982361,0.1576927006244659,0.099172756075859,0.4742644429206848,0.6027249693870544,0.3441181182861328,0.4799721539020538,0.0660919845104217,0.117868460714817,0.4642459750175476,0.3229616582393646,0.2780110836029053,0.4862552583217621,0.1240144893527031,0.9920039176940918,0.2970914840698242,0.0977910161018371,0.1001190692186355,,,,,,,
629_YAHOO_id_79_WebService_tr_500_1st_222.csv,0.1523413509130478,0.1502411812543869,0.257140189409256,0.9431588649749756,0.1499198675155639,0.1803100556135177,0.1424487084150314,0.6039512157440186,0.8752073645591736,0.2228318005800247,0.160676896572113,0.4770971536636352,0.3842410147190094,0.3449806869029999,0.707629382610321,0.2139423489570617,0.1568538695573806,0.4335663318634033,0.7980921864509583,0.4879237413406372,0.6805500984191895,0.42571821808815,0.1375130712985992,0.4131295084953308,0.2066114395856857,0.3362183272838592,0.4167448282241821,0.1309002935886383,0.9662843346595764,0.2522536516189575,0.162775844335556,0.1513890773057937,,,,,,,
632_YAHOO_id_82_Synthetic_tr_500_1st_658.csv,0.2084326148033142,0.6565253138542175,1.0,0.9947156310081482,0.2173191606998443,0.5741464495658875,0.0091063836589455,0.9249502420425416,0.0602334663271904,0.6987288594245911,1.0,1.0,0.7848010659217834,0.7808887362480164,0.0643135234713554,0.7865705490112305,0.0319243073463439,0.5542824268341064,0.1114517375826835,1.0,0.3716419339179992,0.0260119941085577,0.008729925379157,0.5672628283500671,0.589311957359314,0.6423662304878235,0.1469029039144516,0.0458519160747528,1.0,0.8448594212532043,0.616176187992096,0.0860365033149719,,,,,,,
633_YAHOO_id_83_WebService_tr_500_1st_223.csv,0.0630314126610755,0.2635811567306518,0.7448872327804565,1.0,0.131545603275299,0.1347560435533523,0.0924398005008697,0.4474121928215027,0.900485634803772,0.6785321235656738,0.812498152256012,0.9638159275054932,0.238476812839508,0.2101258039474487,0.6989611983299255,0.1527037918567657,0.4615027606487274,0.5304679274559021,0.8385595679283142,0.853314995765686,0.5701749920845032,0.0489147752523422,0.3756427764892578,0.2727708220481872,0.2907881736755371,0.0797725319862365,0.2798900902271271,0.5696948766708374,0.978082835674286,0.2260229289531707,0.4665649533271789,0.2734059691429138,,,,,,,
634_YAHOO_id_84_Synthetic_tr_500_1st_658.csv,0.1468840837478637,0.0836356729269027,0.071007452905178,0.9958760142326356,0.2106571495532989,0.7316317558288574,0.0170154441148042,0.8081713914871216,0.0403913222253322,0.0252257250249385,0.0802615508437156,0.9409789443016052,0.2353707402944564,0.2167834788560867,0.596174418926239,0.7865393757820129,0.0837812200188636,0.2219529449939727,0.2092307358980178,0.7430647015571594,0.1818998306989669,0.2055882811546325,0.0178962610661983,0.5996846556663513,0.5055830478668213,0.9565874338150024,0.7603365182876587,0.012278595007956,0.950667142868042,0.8317580223083496,0.0819233804941177,0.0792652666568756,,,,,,,
636_YAHOO_id_86_WebService_tr_500_1st_20.csv,0.1088951379060745,0.134035050868988,0.1968555301427841,0.8746318817138672,0.1092874333262443,0.1324226409196853,0.1582787930965423,0.5832235217094421,0.6424648761749268,0.4637734293937683,0.1893532127141952,0.583096444606781,0.239175334572792,0.222987875342369,0.6412035226821899,0.1408808827400207,0.1178957745432853,0.2870356142520904,0.6117584705352783,0.5232732892036438,0.2172603756189346,0.0701450109481811,0.126429408788681,0.6445693373680115,0.3230634927749634,0.3661951720714569,0.4832007586956024,0.12299545109272,0.8479336500167847,0.2043715268373489,0.1571632921695709,0.082561120390892,,,,,,,
638_YAHOO_id_88_Synthetic_tr_500_1st_893.csv,0.0927066653966903,0.0242497492581605,0.1991871148347854,1.0,0.0707778558135032,0.310806542634964,0.0025339934509247,0.9410117268562316,0.0043487413786351,0.0150475241243839,0.0476190485060215,1.0,0.0507856309413909,0.0431656949222087,0.8435545563697815,0.1785180568695068,0.010100545361638,0.0773749127984047,0.0175278950482606,1.0,0.2874600887298584,0.0119957318529486,0.002993193687871,0.3488318622112274,0.007403393741697,0.7924851775169373,0.6161473393440247,0.0047763721086084,1.0,0.6971997022628784,0.0393413938581943,0.0188852082937955,,,,,,,
639_YAHOO_id_89_Synthetic_tr_500_1st_893.csv,0.6277040243148804,0.6159744262695312,1.0,1.0,0.0604037120938301,0.5404645204544067,0.0020146260503679,0.9837951064109802,1.0,0.5945397615432739,1.0,0.9710891246795654,0.9581786394119264,0.8373923897743225,0.9675287008285522,0.4637674987316131,0.0758182778954505,0.6365014314651489,1.0,1.0,0.136213943362236,0.0107705639675259,0.0021428021136671,0.4384891390800476,0.4580919146537781,0.7837477922439575,0.5245397686958313,0.0058346381410956,1.0,0.7069308757781982,0.6040856838226318,0.01085608266294,,,,,,,
640_YAHOO_id_90_WebService_tr_500_1st_18.csv,0.097496397793293,0.1156320944428443,0.3460077345371246,0.927185595035553,0.075851671397686,0.1066213473677635,0.1096009537577629,0.6996167302131653,0.7705393433570862,0.6715257167816162,0.1163001060485839,0.4093559682369232,0.1598906069993972,0.1578501611948013,0.5109385251998901,0.0902565717697143,0.1098786294460296,0.3048973083496094,0.6828005313873291,0.5248979330062866,0.6834761500358582,0.3728949129581451,0.1409204006195068,0.4168490171432495,0.3132088184356689,0.3826029300689697,0.3735698461532593,0.1582547724246978,0.909324824810028,0.0751417800784111,0.1115880981087684,0.108033113181591,,,,,,,
642_YAHOO_id_92_WebService_tr_500_1st_433.csv,0.0468993335962295,0.096551664173603,0.0367774181067943,0.9147191047668456,0.0210692062973976,0.0402974598109722,0.0206730980426073,0.743095874786377,0.8193991780281067,0.6491476893424988,0.0451295562088489,0.2659353911876678,0.0553122758865356,0.0561496280133724,0.7066678404808044,0.029096869751811,0.0278592091053724,0.3498188555240631,0.8442755341529846,0.4990477263927459,0.7429487109184265,0.2614838480949402,0.0205936413258314,0.4206262528896332,0.1349779516458511,0.4146955907344818,0.3249436020851135,0.0207016579806804,0.9903931021690368,0.0312417671084404,0.033151526004076,0.0339490845799446,,,,,,,
643_YAHOO_id_93_WebService_tr_500_1st_1038.csv,0.0126214893534779,0.0035048001445829,0.0033203873317688,0.0126582272350788,0.0318186357617378,0.0036952986847609,0.0015126700745895,0.0532830245792865,1.0,0.0044199116528034,0.0051781577058136,,0.0036888460163027,0.004814654123038,0.1866291761398315,0.0126214893534779,0.0049792295321822,0.0152884339913725,1.0,0.002805556403473,0.0016926140524446,0.0026256728451699,0.0019448335515335,0.0476232916116714,0.0095669999718666,0.0206801444292068,0.0104244342073798,0.002471073064953,0.0054945056326687,0.0043430235236883,0.0048582800664007,0.0088653322309255,,,,,,,
644_YAHOO_id_94_WebService_tr_500_1st_1078.csv,0.0688969641923904,0.9831807017326356,0.0535190291702747,0.065224215388298,0.0688969641923904,0.060000441968441,0.2144243121147155,0.9408262372016908,0.8776108622550964,0.1533906906843185,0.0571895837783813,0.0633970573544502,0.0347501523792743,0.0351736433804035,0.0965949445962905,0.06276236474514,0.047572236508131,0.0688969641923904,0.6777671575546265,0.2985796630382538,0.9672695994377136,0.0579652786254882,0.0591869056224823,0.9378144145011902,0.9209905862808228,0.3903868198394775,0.7973222136497498,0.1230437308549881,0.0634451657533645,0.0488177761435508,0.0560144856572151,0.0325061902403831,75.0,0.0522648083623693,15.0,5.0,1.0,1.0,1435.0
646_YAHOO_id_96_WebService_tr_500_1st_121.csv,0.1094268411397934,0.0511557906866073,0.0685686990618705,0.987684965133667,0.2474883645772934,0.2488153129816055,0.0839704126119613,0.6242080926895142,0.8267373442649841,0.1595832407474517,0.0343686342239379,0.8893209099769592,0.3731939792633056,0.3129088282585144,0.7131156921386719,0.1403953731060028,0.0479931868612766,0.3118281662464142,0.6591821908950806,0.5064245462417603,0.6311052441596985,0.0867461711168289,0.0871578752994537,0.5042019486427307,0.0906929746270179,0.4650326073169708,0.3609359860420227,0.0843777060508728,1.0,0.1820445209741592,0.0347748547792434,0.0666497200727462,,,,,,,
647_YAHOO_id_97_Synthetic_tr_500_1st_658.csv,0.2443725764751434,0.8036497235298157,1.0,0.9944151639938354,0.5210283398628235,0.800926148891449,0.0131882037967443,0.5885791182518005,0.0720588117837905,0.8465576171875,1.0,1.0,0.9320053458213806,0.9030282497406006,0.6899422407150269,0.8482480645179749,0.9941339492797852,0.589828610420227,0.3418976068496704,1.0,0.3794542849063873,0.1954455971717834,0.0135158710181713,0.6112858653068542,0.7722642421722412,0.6821900606155396,0.5712190866470337,0.0260413363575935,1.0,0.8869904279708862,0.6587609648704529,0.0781634002923965,,,,,,,
648_YAHOO_id_98_WebService_tr_500_1st_731.csv,0.0223768018186092,0.0734347179532051,0.1535780727863311,0.9779497385025024,0.0223768018186092,0.0586474314332008,0.0179587323218584,0.3075149953365326,0.7515491247177124,0.3031582832336426,0.3133467435836792,0.4642857313156128,0.0223658923059701,0.0253651030361652,0.7106709480285645,0.0362156257033348,0.0777469426393508,0.1351552754640579,0.7654199004173279,0.2799693644046783,0.4262764453887939,0.0070151332765817,0.0193990096449852,0.2686223089694977,0.4803386032581329,0.1112297475337982,0.3585656881332397,0.0166872702538967,0.9779497385025024,0.0282938722521066,0.1967152059078216,0.2469615489244461,,,,,,,
650_YAHOO_id_100_Synthetic_tr_500_1st_623.csv,0.2872839868068695,0.6989865899085999,1.0,0.9341614842414856,0.2116903811693191,0.6583502292633057,0.0161519423127174,0.9213748574256896,0.0714647844433784,0.8066344261169434,1.0,0.9847503900527954,0.8456682562828064,0.8516658544540405,0.6360805034637451,0.6595510244369507,0.9953975081443788,0.6927719116210938,0.1461664885282516,1.0,0.7283686995506287,0.0153353800997138,0.0173537451773881,0.8942521810531616,0.7691910266876221,0.6363467574119568,0.8991254568099976,0.1155465170741081,0.9919618368148804,0.766998827457428,0.6612961292266846,0.09003646671772,,,,,,,
651_YAHOO_id_101_WebService_tr_500_1st_103.csv,0.0773217901587486,0.1761079728603363,0.1268736124038696,1.0,0.0870203897356987,0.0823810324072837,0.143661767244339,0.2278338223695755,0.835684061050415,0.1943567097187042,0.1450505554676056,0.7718380689620972,0.1960783749818802,0.1736650317907333,0.6339160799980164,0.0917984023690223,0.1023364290595054,0.283968985080719,0.7545410394668579,0.543146550655365,0.2462276220321655,0.0446605682373046,0.1369553059339523,0.0478801727294921,0.053077083081007,0.0973904803395271,0.1180596798658371,0.1367101520299911,0.9837216138839722,0.1691557765007019,0.1137618273496627,0.0801127329468727,,,,,,,
652_YAHOO_id_102_WebService_tr_500_1st_174.csv,0.1544704884290695,0.113546073436737,0.2153093665838241,0.9672073125839232,0.1610080897808075,0.2211805880069732,0.1209883317351341,0.6552361845970154,0.8269593119621277,0.4203185141086578,0.1954779624938964,0.9322667121887208,0.415201723575592,0.4121135473251343,0.6816913485527039,0.1899951994419098,0.1630271673202514,0.4186775088310241,0.7999697327613831,0.6888427734375,0.577980101108551,0.1822150349617004,0.1206153482198715,0.5472792983055115,0.4142655432224273,0.4472561776638031,0.4688355922698974,0.1270738840103149,0.9678382873535156,0.3222748041152954,0.1777471601963043,0.1398713737726211,,,,,,,
653_YAHOO_id_103_WebService_tr_500_1st_443.csv,0.037864476442337,0.0115590430796146,0.0947470441460609,0.963366687297821,0.037864476442337,0.2227293252944946,0.0354734435677528,0.7845550775527954,0.8912899494171143,0.6208548545837402,0.0545583106577396,0.9285229444503784,0.3824234902858734,0.3746278285980224,0.6308075189590454,0.0836042091250419,0.0468333102762699,0.5937101244926453,0.8224203586578369,1.0,0.72987961769104,0.0302169509232044,0.0451392084360122,0.413132756948471,0.3431877493858337,0.1287521123886108,0.4135014712810516,0.0380509160459041,1.0,0.2705749273300171,0.0655691549181938,0.0326325632631778,,,,,,,
654_YAHOO_id_104_WebService_tr_500_1st_20.csv,0.1272968351840973,0.0928836911916732,0.1309242695569992,0.7865616679191589,0.1418477445840835,0.175048679113388,0.2152844965457916,0.57007896900177,0.8643398880958557,0.3429690599441528,0.0814072787761688,0.6782359480857849,0.3552394807338714,0.3459064364433288,0.6931000351905823,0.1377577185630798,0.0791043564677238,0.4341641366481781,0.7527679204940796,0.6542288064956665,0.8188937902450562,0.2107478082180023,0.2271829545497894,0.4211777448654175,0.2991598844528198,0.4033473134040832,0.443177193403244,0.1723453849554062,0.7989744544029236,0.3434398770332336,0.0725556388497352,0.0878347381949424,,,,,,,
655_YAHOO_id_105_WebService_tr_500_1st_17.csv,0.12933149933815,0.1488550305366516,0.3821039497852325,0.8993974924087524,0.1381734013557434,0.0918137282133102,0.2681720554828644,0.5822561383247375,0.8277620077133179,0.5672360062599182,0.2765129506587982,0.8531391024589539,0.4719691574573517,0.4650070965290069,0.7296827435493469,0.1620579659938812,0.2175006121397018,0.4326074123382568,0.7774189710617065,0.7186425924301147,0.801452100276947,0.5974294543266296,0.265474796295166,0.5618752837181091,0.5113374590873718,0.2538014352321625,0.5931127071380615,0.3022221624851227,0.8848722577095032,0.2653750479221344,0.2509882152080536,0.1745817512273788,,,,,,,
656_YAHOO_id_106_Synthetic_tr_500_1st_658.csv,0.3780930042266845,0.97118878364563,1.0,0.9954413771629332,0.3388734459877014,0.8439421653747559,0.3389046490192413,0.6621111631393433,0.6268837451934814,0.5656701922416687,0.3570661246776581,1.0,0.3541791439056396,0.4475466310977936,0.7525466084480286,0.6111900210380554,0.460321307182312,0.2116117775440216,0.673973560333252,0.9842056035995485,0.74385666847229,0.4973214268684387,0.36735999584198,0.7154710292816162,0.6558723449707031,0.9594709873199464,0.4757215976715088,0.0472882203757762,0.9977157711982728,0.7615729570388794,0.3494841754436493,0.2222387045621872,,,,,,,
657_YAHOO_id_107_WebService_tr_500_1st_1260.csv,0.2467107325792312,0.4313695728778839,1.0,1.0,0.5512052178382874,0.6947636604309082,1.0,0.1510920971632003,0.0820512846112251,0.0679713487625122,1.0,1.0,0.880592405796051,0.8214290738105774,0.3717652559280395,0.6334096789360046,0.977246105670929,0.0745858401060104,0.1005750596523284,1.0,0.8824222683906555,0.0419357791543006,0.0075989104807376,0.1486224979162216,0.0915131941437721,0.4574718475341797,0.192414790391922,0.7111508250236511,1.0,0.7245661020278931,0.6350347399711609,0.7246285676956177,1.0,0.0006944444444444,1.0,1.0,1.0,0.0,1440.0
658_YAHOO_id_108_Synthetic_tr_500_1st_893.csv,0.0763488039374351,0.832663893699646,1.0,1.0,0.0279741715639829,0.6755880117416382,1.0,1.0,1.0,1.0,1.0,1.0,0.8479331135749817,0.8087353110313416,0.8453126549720764,0.8806173801422119,0.0106249647215008,0.0755831077694892,0.9897444248199464,1.0,0.5762151479721069,0.0130146360024809,0.0062068197876214,0.840031623840332,0.4533430635929107,0.8713736534118652,0.7355254292488098,0.0039550405927002,1.0,0.87530916929245,0.6163524389266968,0.0180379301309585,1.0,0.0007037297677691,1.0,1.0,1.0,0.0,1421.0
659_YAHOO_id_109_Synthetic_tr_500_1st_623.csv,0.1740316152572631,0.6561663150787354,1.0,0.9675095081329346,0.1021726354956626,0.6523394584655762,0.8324581980705261,0.7062033414840698,0.8631520867347717,0.8870216608047485,0.9532325863838196,0.980638027191162,0.8296821117401123,0.825028121471405,0.806861400604248,0.7733662128448486,0.4679161012172699,0.6458885669708252,0.7211121916770935,0.9810442328453064,0.8612375259399414,0.6790997982025146,0.6297403573989868,0.749820351600647,0.5895645022392273,0.7867881059646606,0.6122385859489441,0.8307900428771973,0.9927297234535216,0.8666607737541199,0.7076271176338196,0.8430582284927368,,,,,,,
663_YAHOO_id_113_Synthetic_tr_500_1st_658.csv,0.1441477239131927,0.5169491171836853,1.0,0.9973205327987672,0.3287448287010193,0.6392204761505127,0.15114326775074,0.4490003585815429,0.9841017723083496,0.935932755470276,1.0,0.9752695560455322,0.9121786952018738,0.5972540974617004,0.7429219484329224,0.7474181652069092,0.1302964836359024,0.4420843720436096,0.9358099699020386,1.0,0.94218248128891,0.0903353318572044,0.1434787809848785,0.4995414316654205,0.5129550695419312,0.4988909065723419,0.6345449686050415,0.5591588616371155,0.9870217442512512,0.8185434341430664,0.6632640957832336,0.8800747394561768,,,,,,,
665_YAHOO_id_115_WebService_tr_500_1st_28.csv,0.17057865858078,0.2143356204032898,0.3222169578075409,0.8121883869171143,0.1737346202135086,0.2419726997613906,0.1938975304365158,0.6102734804153442,0.7892559170722961,0.4055142700672149,0.2319492548704147,0.8256525993347168,0.3889039754867553,0.3957122564315796,0.6755340099334717,0.1919563263654709,0.2044945359230041,0.4040961563587188,0.7262542843818665,0.9074995517730712,0.5489031076431274,0.2729431390762329,0.1950891315937042,0.5515815615653992,0.3511927127838135,0.4013369381427765,0.5938093066215515,0.1829406023025512,0.8945304155349731,0.2836097776889801,0.2446630150079727,0.1967336237430572,,,,,,,
666_YAHOO_id_116_Synthetic_tr_500_1st_893.csv,0.0170618593692779,0.964944064617157,1.0,1.0,0.1128241792321205,0.7113504409790039,0.0038695693947374,0.992813766002655,0.9755655527114868,0.6736966967582703,1.0,1.0,0.7796520590782166,0.777840256690979,0.7126807570457458,0.5531688332557678,0.0188834369182586,0.1092227846384048,0.9866662621498108,1.0,0.992813766002655,0.0467920675873756,0.0025415283162146,0.9604963064193726,0.7279250621795654,0.8038076758384705,0.1534971892833709,0.0028933889698237,1.0,0.8743993639945984,0.6303810477256775,0.0192308202385902,,,,,,,
670_YAHOO_id_120_WebService_tr_500_1st_221.csv,0.166608065366745,0.3228336274623871,0.6865260601043701,1.0,0.1899480372667312,0.2715654969215393,0.2540583312511444,0.3713816702365875,0.7133142352104187,0.7210797667503357,0.6671280860900879,0.9476223587989808,0.3469556868076324,0.374033123254776,0.6833586692810059,0.2230685353279113,0.6304447650909424,0.5155293941497803,0.7068842053413391,0.6988294124603271,0.6145043969154358,0.4069707095623016,0.3857805132865906,0.3013440072536468,0.2830180525779724,0.2144171297550201,0.1330004930496215,0.5752320885658264,0.98958158493042,0.3424960374832153,0.4267203211784363,0.2239492237567901,,,,,,,
671_YAHOO_id_121_Synthetic_tr_500_1st_658.csv,0.0144535787403583,0.2321138978004455,1.0,0.986189305782318,0.28906911611557,0.0242061242461204,0.0106278900057077,0.2453758120536804,0.013856834731996,0.8422643542289734,1.0,1.0,0.1946505904197693,0.1661490052938461,0.0040105879306793,0.058287251740694,0.5229021310806274,0.6299586892127991,0.0155102917924523,1.0,0.9100525379180908,0.0068515092134475,0.0236385948956012,0.0199246332049369,0.0221814736723899,0.6311883926391602,0.016936257481575,0.1117042377591133,0.980534017086029,0.0186108872294425,0.3294378519058227,0.0106095718219876,,,,,,,
672_YAHOO_id_122_WebService_tr_500_1st_857.csv,0.0126214893534779,0.0009370762854814,0.0053579770028591,1.0,0.0126214893534779,0.0066716047003865,0.0044012581929564,1.0,1.0,0.0077376044355332,0.007965238764882,0.0714285746216774,0.0029269438236951,0.0030433621723204,0.7716280221939087,0.005829332396388,0.0058477204293012,0.0126214893534779,0.5292120575904846,0.0303030349314212,0.0053306790068745,0.1293516159057617,0.0690091922879219,0.6243387460708618,0.3545694053173065,0.0204315613955259,0.4008413553237915,0.0028643466066569,1.0,0.0166484545916318,0.0087341060861945,0.0040888432413339,1.0,0.000595238095238,1.0,1.0,1.0,0.0,1680.0
673_YAHOO_id_123_Synthetic_tr_500_1st_893.csv,0.0551609061658382,0.9154523611068726,1.0,1.0,0.0342282876372337,0.5924663543701172,0.0017152660293504,0.981942892074585,1.0,0.5961400866508484,1.0,1.0,0.6906236410140991,0.7941151261329651,0.8210371136665344,0.8427515625953674,0.966809332370758,0.5716949105262756,0.5141608715057373,1.0,0.8716073036193848,0.130983754992485,0.0025999618228524,0.3333568871021271,0.3835262358188629,0.423028826713562,0.4322702288627624,0.0096062533557415,1.0,0.8159431219100952,0.6012014150619507,0.0093990210443735,,,,,,,
676_YAHOO_id_126_Synthetic_tr_500_1st_623.csv,0.1338085830211639,0.7719817757606506,1.0,0.9913329482078552,0.6789414882659912,0.5963886976242065,0.012454873882234,0.8956667184829712,0.5522531270980835,0.7748664021492004,0.6733143329620361,0.9876207113265992,0.8227578401565552,0.8203153610229492,0.8276051878929138,0.7105331420898438,0.2637895047664642,0.6141329407691956,0.7352800369262695,0.9797980189323424,0.7010104656219482,0.6244834065437317,0.0130781531333923,0.8248713612556458,0.789391279220581,0.7749391794204712,0.786094069480896,0.0567348375916481,0.9930702447891236,0.7799276113510132,0.4863060116767883,0.1024529859423637,,,,,,,
677_YAHOO_id_127_WebService_tr_500_1st_46.csv,0.0725012943148613,0.0577237792313098,0.0831401273608207,0.8130843043327332,0.0780699998140335,0.1347543001174926,0.0927255228161811,0.6651116013526917,0.7763555645942688,0.4960977733135223,0.0516771227121353,0.166109099984169,0.1089889928698539,0.0967750027775764,0.5658248066902161,0.1362171173095703,0.0534696280956268,0.3078770637512207,0.717529296875,0.1887231320142746,0.5568302869796753,0.1903604418039322,0.0907181501388549,0.5469983220100403,0.183007001876831,0.5162798166275024,0.3751575946807861,0.086368590593338,0.8880081176757812,0.080269731581211,0.0521487742662429,0.0574541054666042,,,,,,,
679_YAHOO_id_129_WebService_tr_500_1st_428.csv,0.0376758724451065,0.0349456705152988,0.0533734560012817,0.3770385682582855,0.0259206667542457,0.0228313580155372,0.0282132774591445,0.529961109161377,0.7518633008003235,0.1238336563110351,0.0384305045008659,0.0535971261560916,0.0200959164649248,0.0201106891036033,0.6634965538978577,0.0278525296598672,0.028385080397129,0.0613379850983619,0.5841919183731079,0.0434078350663185,0.4473969340324402,0.0225041769444942,0.0209906846284866,0.3600358664989471,0.144859030842781,0.1607958674430847,0.3734894096851349,0.0244192127138376,0.4963814616203308,0.0269393753260374,0.0336914435029029,0.0381405800580978,,,,,,,
680_YAHOO_id_130_Synthetic_tr_500_1st_893.csv,0.4874817132949829,0.5776249766349792,1.0,1.0,0.423113614320755,0.2606072723865509,1.0,0.9729925990104676,0.903910517692566,1.0,1.0,1.0,0.3790727853775024,0.1528965234756469,0.8229155540466309,0.5600990056991577,0.0212497673928737,0.0713785141706466,0.0062499996274709,1.0,0.4835736453533172,0.0077388482168316,0.0998129695653915,0.4606753289699554,0.6143075227737427,0.737233579158783,0.6214362382888794,0.0026668917853385,1.0,0.7965525388717651,0.6249863505363464,0.0122298272326588,1.0,0.0007037297677691,1.0,1.0,1.0,0.0,1421.0
681_YAHOO_id_131_Synthetic_tr_500_1st_658.csv,0.1169708669185638,0.5972782969474792,1.0,0.9969848990440368,0.6446276307106018,0.5327560305595398,0.0115865617990493,0.906613290309906,0.3052520751953125,0.5722945332527161,1.0,0.9877973794937134,0.6893718242645264,0.6853207945823669,0.8342809081077576,0.6181507110595703,0.059104636311531,0.655551016330719,0.8616758584976196,1.0,0.5819364786148071,0.0820063725113868,0.0111711276695132,0.4440105259418487,0.4869676232337951,0.6016244292259216,0.3880728185176849,0.0485440157353878,0.9969848990440368,0.6823753118515015,0.61883544921875,0.0856899693608284,,,,,,,
682_YAHOO_id_132_WebService_tr_500_1st_354.csv,0.0509550869464874,0.0591912120580673,0.7114623188972473,0.9418694972991944,0.0428379736840724,0.0650133788585662,0.0404363982379436,0.7563884258270264,0.8237375617027283,0.6185652017593384,0.0966240391135215,0.7150986790657043,0.1048230752348899,0.1260199397802353,0.5834723711013794,0.0422257184982299,0.1056892275810241,0.478154182434082,0.7676105499267578,0.7077930569648743,0.6801062226295471,0.1739712208509445,0.0483341477811336,0.5577142834663391,0.1300098896026611,0.4833259880542755,0.3998337984085083,0.0890393257141113,0.9607465267181396,0.0523660965263843,0.0875855684280395,0.0768227502703666,,,,,,,
683_YAHOO_id_133_WebService_tr_500_1st_36.csv,0.1548526138067245,0.2276228666305542,0.6343721747398376,0.8348462581634521,0.196525901556015,0.1671624928712844,0.2381996214389801,0.3721064031124115,0.8048090934753418,0.7180250287055969,0.5161896347999573,0.8532304167747498,0.3248296976089477,0.3267982900142669,0.7210239171981812,0.26209357380867,0.4545359909534454,0.3795475363731384,0.7417834401130676,0.7841164469718933,0.6314221024513245,0.1164022982120513,0.3989282846450805,0.2459126263856887,0.217005655169487,0.2799066305160522,0.1850675791501999,0.4593986868858337,0.8882370591163635,0.4301298856735229,0.4838756322860718,0.2882375419139862,,,,,,,
684_YAHOO_id_134_Synthetic_tr_500_1st_623.csv,0.1562771946191787,0.7708685994148254,1.0,0.9867724180221558,0.7408508658409119,0.612970769405365,0.0189768448472023,0.8551434278488159,0.8613160848617554,0.7955305576324463,1.0,0.9953203201293944,0.8312809467315674,0.8402045965194702,0.658177375793457,0.7938180565834045,0.9994598627090454,0.7104966640472412,0.73704993724823,1.0,0.8038243055343628,0.027792414650321,0.0135887516662478,0.5642586946487427,0.6270096302032471,0.6015802025794983,0.4078746438026428,0.0969404876232147,0.9822072386741638,0.807395339012146,0.6344577074050903,0.1048665419220924,,,,,,,
686_YAHOO_id_136_WebService_tr_500_1st_755.csv,0.0767847821116447,0.2262650281190872,0.1430513113737106,0.663224458694458,0.0526803024113178,0.1238259151577949,0.0216499138623476,0.5034966468811035,0.8540014028549194,0.1092582866549491,0.0750217214226722,0.4441364407539367,0.2144629657268524,0.2018411606550216,0.6945653557777405,0.0557307563722133,0.0741712301969528,0.3877144157886505,0.6486362218856812,0.2202176302671432,0.2210086584091186,0.039256066083908,0.0239405706524848,0.3200439214706421,0.0987654849886894,0.1900966316461563,0.270325094461441,0.0444377288222312,0.6789783239364624,0.1443871259689331,0.0746053159236908,0.1072054132819175,,,,,,,
688_YAHOO_id_138_WebService_tr_500_1st_482.csv,0.0670365020632743,0.3064147233963012,0.1163165643811225,0.987883687019348,0.0203493889421224,0.0297392085194587,0.0303584020584821,0.7134446501731873,0.9059938788414,0.057542398571968,0.0750344917178154,0.75,0.3317359089851379,0.1289347112178802,0.6901898384094238,0.0402144566178321,0.0692864954471588,0.3910082876682281,0.8141844272613525,0.3862434327602386,0.7808719873428345,0.2227108031511306,0.0295680705457925,0.3332614004611969,0.0423085317015647,0.4333689510822296,0.3452754318714142,0.0345582738518714,0.9766632914543152,0.1931563764810562,0.0749399587512016,0.054742369800806,,,,,,,
690_YAHOO_id_140_WebService_tr_500_1st_696.csv,0.0769566595554351,0.0445564538240432,0.1893501132726669,1.0,0.0769566595554351,0.1071691066026687,0.0745123848319053,0.60758376121521,0.7627337574958801,0.2034164369106292,0.1663190871477127,0.5776250958442688,0.4634091258049011,0.5154642462730408,0.6738469004631042,0.1329335719347,0.1529244929552078,0.444002240896225,0.6380667686462402,0.2469413429498672,0.1516969352960586,0.0853239744901657,0.0675133392214775,0.5242946743965149,0.1659158766269683,0.3114315867424011,0.2505360543727875,0.0676945745944976,1.0,0.2069340497255325,0.1774035394191742,0.124427393078804,,,,,,,
693_YAHOO_id_143_WebService_tr_500_1st_1003.csv,0.0297184363007545,0.0417228117585182,0.8168421983718872,0.75,0.0295300912111997,0.0189894791692495,0.4166666865348816,0.5027440786361694,0.6038187146186829,0.75,0.331572413444519,0.9622852802276612,0.4602272510528564,0.3993241488933563,0.6628164052963257,0.0391353294253349,0.5654340982437134,0.0297184344381093,0.5349444150924683,0.75,0.4651978313922882,0.0063521093688905,0.0367509648203849,0.1727558374404907,0.1747239679098129,0.0839307606220245,0.269390195608139,0.4450778067111969,0.9779497385025024,0.1786684393882751,0.2038341164588928,0.2692000269889831,2.0,0.0014015416958654,1.0,2.0,1.0,0.0,1427.0
695_YAHOO_id_145_Synthetic_tr_500_1st_658.csv,0.7250940203666687,0.8403473496437073,1.0,0.9955548644065856,0.3033266067504883,0.8021568059921265,0.0139407031238079,0.9827518463134766,0.0417514331638813,0.5459005236625671,1.0,1.0,0.895045816898346,0.903121829032898,0.5853466391563416,0.9002817869186401,0.9955801963806152,0.4500601887702942,0.3910817503929138,1.0,0.570854663848877,0.1816090196371078,0.0106441853567957,0.7725473046302795,0.8847784996032715,0.5836983919143677,0.7503451108932495,0.0153343407437205,0.9988303184509276,0.9303135871887208,0.6578959226608276,0.0643612593412399,,,,,,,
698_YAHOO_id_148_WebService_tr_500_1st_186.csv,0.0847488194704055,0.1013193503022193,0.1393658816814422,0.8641012907028198,0.0765982121229171,0.0987701714038848,0.0882475525140762,0.6036951541900635,0.7344277501106262,0.5130906701087952,0.1795666515827179,0.2667094469070434,0.1564735621213913,0.1685259044170379,0.5545797944068909,0.1174318939447403,0.1291837841272354,0.2466923147439956,0.5112758278846741,0.316161960363388,0.1831350624561309,0.1756806075572967,0.0889877751469612,0.4327386617660522,0.305574357509613,0.2782755196094513,0.1748298555612564,0.0902649909257888,0.8854838609695435,0.1214727535843849,0.1360175013542175,0.0820945799350738,,,,,,,
699_YAHOO_id_149_WebService_tr_500_1st_99.csv,0.0252429824322462,0.1307074129581451,0.2742582261562347,0.4528436660766601,0.1049889624118805,0.0431897863745689,0.2018775939941406,0.4464465677738189,0.8952543139457703,0.0749969258904457,0.2672661542892456,0.7744931578636169,0.0787826031446456,0.0725346878170967,0.677085280418396,0.1340284645557403,0.0296774618327617,0.3236045837402344,0.9471174478530884,1.0,0.7463529109954834,0.0371380373835563,0.2891265153884887,0.1517102122306823,0.0316161774098873,0.1056912392377853,0.0657332837581634,0.2814776003360748,1.0,0.4556399881839752,0.1511826813220977,0.0108278067782521,,,,,,,
700_YAHOO_id_150_WebService_tr_500_1st_82.csv,0.1757980287075042,0.1382732838392257,0.4429749250411987,0.9524329304695128,0.1855420470237732,0.2753415107727051,0.1704172939062118,0.6343880891799927,0.7926591634750366,0.3965343534946441,0.2247180193662643,0.9126827120780944,0.4161371290683746,0.4015175998210907,0.6971458196640015,0.188313141465187,0.1990082114934921,0.4229594767093658,0.7449296712875366,0.5774295926094055,0.6844066381454468,0.1951535642147064,0.1782430857419967,0.4823117852210998,0.2717400789260864,0.375147670507431,0.5077224969863892,0.1773252040147781,0.9624364376068116,0.3426627814769745,0.2184438109397888,0.1865449547767639,,,,,,,
701_YAHOO_id_151_Synthetic_tr_500_1st_893.csv,0.0852834284305572,0.1350357830524444,1.0,1.0,0.5416531562805176,0.5795392394065857,1.0,0.988751232624054,0.0030080249998718,1.0,1.0,1.0,0.087121769785881,0.0689627453684806,0.8608309030532837,0.5777919292449951,0.0198269467800855,0.0942035913467407,0.0190945286303758,1.0,0.0341623984277248,0.1372250318527221,0.2324855327606201,0.814863920211792,0.8899298310279846,0.8433475494384766,0.6747438907623291,0.0098021049052476,1.0,0.570708692073822,0.6339447498321533,0.0254273135215044,1.0,0.0007037297677691,1.0,1.0,1.0,0.0,1421.0
702_YAHOO_id_152_WebService_tr_500_1st_8.csv,0.168475404381752,0.2178054451942443,0.6127535104751587,0.9373477101325988,0.2234235256910324,0.2279649525880813,0.2599068582057953,0.4095688760280609,0.7778311967849731,0.7093637585639954,0.6427386999130249,0.860514760017395,0.4792713224887848,0.5071813464164734,0.6892930865287781,0.2591371238231659,0.5305306315422058,0.5473571419715881,0.6899902820587158,0.6619763374328613,0.4838298857212066,0.2001768499612808,0.5196084380149841,0.2978638410568237,0.2620655000209808,0.2880097925662994,0.2561732530593872,0.6896601319313049,0.9187567830085754,0.3087320029735565,0.4190888106822967,0.36536505818367,,,,,,,
703_YAHOO_id_153_Synthetic_tr_500_1st_623.csv,0.1009417846798896,0.6640902757644653,1.0,0.9928715229034424,0.4264611005783081,0.2940280437469482,0.016011381521821,0.7519577741622925,0.3915214836597442,0.7806633710861206,1.0,1.0,0.6459542512893677,0.6582254767417908,0.0129842879250645,0.4766496419906616,1.0,0.6841042041778564,0.029411070048809,1.0,0.764858067035675,0.045619361102581,0.0239987596869468,0.5097948908805847,0.550240695476532,0.2614673376083374,0.1246031373739242,0.1023815423250198,0.9828866124153136,0.537670373916626,0.5476991534233093,0.0451358407735824,,,,,,,
704_YAHOO_id_154_WebService_tr_500_1st_541.csv,0.0658314451575279,0.140096515417099,0.2924224138259887,0.1020864099264144,0.0657417401671409,0.1291040182113647,0.0567324385046958,0.4554537236690521,0.1610628962516784,0.7242827415466309,0.0513171590864658,0.0884548276662826,0.1602501720190048,0.1510231792926788,0.5476629137992859,0.0647942274808883,0.1278023570775985,0.2631667554378509,0.6045385599136353,0.0592308714985847,0.0683152452111244,0.0761695951223373,0.0575192309916019,0.5148236155509949,0.5050855875015259,0.2779027819633484,0.477294921875,0.0697017461061477,0.0834404826164245,0.1019010618329048,0.0696312487125396,0.0492390058934688,,,,,,,
706_YAHOO_id_156_WebService_tr_500_1st_201.csv,0.169214978814125,0.3332575857639313,0.230593666434288,0.9745931029319764,0.1713410764932632,0.2225738018751144,0.1500062793493271,0.5829053521156311,0.7926232814788818,0.2210358083248138,0.1511291116476059,0.743816077709198,0.3125280737876892,0.3354388475418091,0.6831791400909424,0.2246720343828201,0.1537665426731109,0.5106358528137207,0.7575786113739014,0.5682432055473328,0.3945327997207641,0.3762883841991424,0.1675067096948623,0.5718697905540466,0.2073711156845092,0.4961966276168823,0.3116999864578247,0.1706746071577072,0.9759257435798644,0.2610355615615845,0.1513277888298034,0.1533305943012237,,,,,,,
709_YAHOO_id_159_WebService_tr_500_1st_481.csv,0.037864476442337,0.1208572015166282,0.0048317066393792,0.75,0.037864476442337,0.008669433183968,0.0056269206106662,0.0812069922685623,0.9504007697105408,0.2965807020664215,0.0047761001624166,0.0124168219044804,0.0124469492584466,0.0186900664120912,0.4710685312747955,0.007335384376347,0.0096414824947714,0.034420371055603,0.542546808719635,0.0124094896018505,0.5280578136444092,0.0500813499093055,0.0059356652200222,0.0738714784383773,0.0673631876707077,0.0529703125357627,0.0437774881720542,0.0157472155988216,0.9766632914543152,0.0075979437679052,0.0058242930099368,0.0374678671360015,,,,,,,
710_YAHOO_id_160_WebService_tr_500_1st_253.csv,0.075728952884674,0.1139481738209724,0.3688688278198242,0.9652515649795532,0.0786681920289993,0.0645642504096031,0.106945551931858,0.7227450013160706,0.8616442084312439,0.5877164602279663,0.1376086473464965,0.7708142995834351,0.1508231312036514,0.1641047298908233,0.6802502274513245,0.066637173295021,0.1349927932024002,0.4651602804660797,0.7119781374931335,0.6034722924232483,0.4090355634689331,0.1280326247215271,0.1313927322626114,0.5034340620040894,0.4803539514541626,0.2723726332187652,0.5081986784934998,0.0857875719666481,0.9567893147468568,0.2046489864587783,0.1436864733695984,0.1145830377936363,,,,,,,
711_YAHOO_id_161_WebService_tr_500_1st_137.csv,0.0631018280982971,0.1130159273743629,0.1398511826992035,0.9184622168540956,0.0652445405721664,0.0445589050650596,0.0393791384994983,0.1576958894729614,0.8213128447532654,0.5211355686187744,0.088219366967678,0.4709118604660034,0.0486927144229412,0.0448872409760952,0.6367825865745544,0.061011616140604,0.1628718227148056,0.197386085987091,0.7437408566474915,0.4004037380218506,0.1858343929052353,0.1583901345729828,0.0739407464861869,0.1838576197624206,0.2674560248851776,0.1860754936933517,0.29803666472435,0.3172947764396667,0.9685410261154176,0.2233600467443466,0.0711345896124839,0.0437470711767673,,,,,,,
712_YAHOO_id_162_WebService_tr_500_1st_88.csv,0.0985181629657745,0.2288103550672531,0.6892831921577454,0.8680410981178284,0.1068524718284607,0.1967059522867202,0.1155980750918388,0.2586957514286041,0.8605790734291077,0.6382699012756348,0.4077844321727752,0.8450227975845337,0.2594220042228699,0.2252369523048401,0.661552906036377,0.1192568466067314,0.1506848782300949,0.4132755398750305,0.8438102006912231,0.717573344707489,0.6360586881637573,0.2380181699991226,0.2094567269086837,0.1943123936653137,0.2081450819969177,0.1990941166877746,0.1144152730703353,0.5851361751556396,0.8679643869400024,0.2770636081695556,0.3321435451507568,0.3384256362915039,,,,,,,
714_YAHOO_id_164_WebService_tr_500_1st_1.csv,0.1090497970581054,0.2275224477052688,0.2807187438011169,0.8705666065216064,0.1356026828289032,0.1566679924726486,0.1178826168179512,0.6765714287757874,0.8054959774017334,0.5900705456733704,0.2174383699893951,0.7608669996261597,0.2197406440973281,0.25294229388237,0.6861495971679688,0.1163895353674888,0.1392292380332946,0.3690948784351349,0.7595738768577576,0.4573776721954345,0.4268166422843933,0.1282883435487747,0.2313026487827301,0.4730550348758697,0.4006402194499969,0.3347197473049164,0.4727749526500702,0.2120423167943954,0.8720361590385437,0.132803663611412,0.187555506825447,0.1225236505270004,,,,,,,
715_YAHOO_id_165_Synthetic_tr_500_1st_658.csv,0.6841459274291992,0.7574928402900696,1.0,0.9942466616630554,0.3662157654762268,0.7613241672515869,0.0351966954767704,0.5541314482688904,0.0305126812309026,0.9214817881584167,1.0,1.0,0.8849053978919983,0.8773580193519592,0.300154834985733,0.8794723153114319,0.9941339492797852,0.589828610420227,0.4760876595973968,1.0,0.0344635136425495,0.3667976558208465,0.0223098453134298,0.4952808320522308,0.8560307025909424,0.6716004014015198,0.4944602251052856,0.0246137101203203,1.0,0.8877133727073669,0.6509793996810913,0.0533944480121135,,,,,,,
716_YAHOO_id_166_WebService_tr_500_1st_540.csv,0.0498632229864597,0.1509037166833877,0.1913736313581466,0.877289891242981,0.0502565391361713,0.1736764460802078,0.0268459469079971,0.6387848854064941,0.939985990524292,0.0910568237304687,0.0496917627751827,0.7982785701751709,0.3452800512313843,0.2380220592021942,0.6553643941879272,0.0621028803288936,0.0453695580363273,0.5148396492004395,0.5770794153213501,0.7696249485015869,0.2502036988735199,0.0871980637311935,0.0232109408825635,0.454829454421997,0.1835660487413406,0.4496628940105438,0.477845549583435,0.0275873206555843,0.9699243903160096,0.1803290396928787,0.0493914000689983,0.0446496754884719,,,,,,,
719_YAHOO_id_169_WebService_tr_500_1st_852.csv,0.075728952884674,0.0442318357527256,0.3157299757003784,0.9680324792861938,0.1745732426643371,0.1242049634456634,0.1147205159068107,0.7260398864746094,0.8985164761543274,0.1702354401350021,0.2489725649356842,0.9425507187843324,0.2924340069293976,0.2397838532924652,0.6652763485908508,0.0784310325980186,0.1984480321407318,0.2520540356636047,0.5703268647193909,0.6310297846794128,0.4718491733074188,0.0641747936606407,0.1080460324883461,0.4305106997489929,0.1673529744148254,0.1477919369935989,0.4563010931015014,0.0924193933606147,0.9795020818710328,0.2054013013839721,0.2221484780311584,0.1648075431585312,,,,,,,
721_YAHOO_id_171_Synthetic_tr_500_1st_893.csv,0.2208172082901001,0.5984563827514648,1.0,1.0,0.4197069406509399,0.6297141909599304,0.0032730679959058,0.9897444248199464,0.0158730186522007,0.4763791561126709,1.0,1.0,0.7519497275352478,0.9073759317398072,0.606821596622467,0.8049373030662537,0.977246105670929,0.550206184387207,0.7838568091392517,1.0,0.03488340228796,0.0279646068811416,0.0036907859612256,0.52937912940979,0.5196707844734192,0.758027195930481,0.0294767804443836,0.002532823709771,1.0,0.8100900650024414,0.6131442189216614,0.0056536444462835,,,,,,,
722_YAHOO_id_172_WebService_tr_500_1st_353.csv,0.060992456972599,0.1360962092876434,0.9868576526641846,0.5378038287162781,0.068035289645195,0.2458876222372055,0.2659442722797394,0.7985481023788452,0.1983568966388702,0.8190685510635376,0.1465877443552017,0.9831490516662598,0.4775775074958801,0.4860484004020691,0.508967399597168,0.4659625291824341,0.1480695307254791,0.5726353526115417,0.5128821730613708,0.9118699431419371,0.4972301423549652,0.1027607172727584,0.6972054839134216,0.5372720956802368,0.6137549877166748,0.2741425037384033,0.6011402010917664,0.8009657859802246,0.6673570275306702,0.6521848440170288,0.1192050576210022,0.0508251301944255,,,,,,,
723_YAHOO_id_173_WebService_tr_500_1st_1214.csv,0.0307299923151731,0.1418715715408325,1.0,1.0,0.5307047367095947,0.2754164636135101,1.0,0.0096501298248767,0.0016171258175745,1.0,1.0,0.6666666269302368,0.7626305222511292,0.7080419063568115,0.0338273681700229,0.4770800173282623,1.0,0.0307299923151731,0.0132863232865929,1.0,0.9239985346794128,0.002447466365993,0.0108062466606497,0.0091955224052071,0.0066775633022189,0.00678296899423,0.04655197635293,0.7815230488777161,1.0,0.5900969505310059,0.3699453175067901,0.0018790630856528,2.0,0.0014084507042253,1.0,2.0,1.0,0.0,1420.0
724_YAHOO_id_174_WebService_tr_500_1st_1030.csv,0.0620927698910236,0.0284102335572242,0.4818653762340545,1.0,0.0988549441099166,0.214516595005989,0.4709576368331909,0.3112708032131195,0.7141371369361877,0.473623663187027,0.4755779504776001,0.8841103315353394,0.2379781901836395,0.2548481523990631,0.6554191708564758,0.0588532350957393,0.2332568913698196,0.0605895817279815,0.5046956539154053,0.4743072986602783,0.2901207506656647,0.0367521494626998,0.0576088987290859,0.4312283992767334,0.3409602642059326,0.3936331272125244,0.0494806878268718,0.5279180407524109,1.0,0.2333516627550125,0.300369918346405,0.3197607398033142,5.0,0.0029761904761904,1.0,5.0,1.0,0.0,1680.0
726_YAHOO_id_176_WebService_tr_500_1st_221.csv,0.1766073107719421,0.1128156408667564,0.4603762924671173,0.9993011951446532,0.175161212682724,0.2488133311271667,0.3222622573375702,0.2437591105699539,0.8108519911766052,0.7027581930160522,0.5265070199966431,0.8861380219459534,0.3758359551429748,0.3816516995429992,0.7373545169830322,0.3313074111938476,0.2386090606451034,0.4309356808662414,0.7070566415786743,0.5036065578460693,0.4055058658123016,0.2003260403871536,0.4352204203605652,0.2482254803180694,0.2141553461551666,0.2761887013912201,0.3526135981082916,0.5832771062850952,0.9987489581108092,0.3235717713832855,0.3867517709732055,0.3379413485527038,,,,,,,
731_YAHOO_id_181_Synthetic_tr_500_1st_623.csv,0.2035104930400848,0.4576402008533478,0.3920041918754577,0.9305663704872132,0.1724165230989456,0.486853152513504,0.0195212680846452,0.7251154780387878,0.1927018165588379,0.840051531791687,0.3500791490077972,0.8315352201461792,0.7357688546180725,0.7417782545089722,0.8773609399795532,0.4439639449119568,0.3114988207817077,0.530582845211029,0.0794234797358512,0.3860165774822235,0.42033651471138,0.0392279252409935,0.0223664529621601,0.5512251257896423,0.6548242568969727,0.8525949120521545,0.6220187544822693,0.0676946640014648,0.9347221255302428,0.410597950220108,0.3060961961746216,0.0815813764929771,,,,,,,
732_YAHOO_id_182_Synthetic_tr_500_1st_658.csv,0.390834093093872,0.728219747543335,1.0,0.9962416291236876,0.0763766020536422,0.691317081451416,0.0141693260520696,0.9883852005004884,0.0595687180757522,0.6847081780433655,0.7806306481361389,0.9900352954864502,0.8729437589645386,0.8804569840431213,0.7333455681800842,0.6725775003433228,0.0226204358041286,0.3403870463371277,0.0582976043224334,1.0,0.3304555714130401,0.077394388616085,0.0114175677299499,0.918096125125885,0.7577570676803589,0.7966251969337463,0.6164215207099915,0.025816885754466,1.0,0.8916840553283691,0.5161020755767822,0.0654579550027847,,,,,,,
733_YAHOO_id_183_WebService_tr_500_1st_447.csv,0.3419449031352997,0.7195193767547607,0.9440451264381408,0.7934297919273376,0.5828799605369568,0.6415446996688843,0.7797150015830994,0.7946180105209351,0.6008782982826233,0.6676661372184753,0.9803059697151184,0.7507103681564331,0.8270578384399414,0.8356844186782837,0.1499857455492019,0.7162348031997681,0.9887456297874452,0.6521775722503662,0.427311360836029,0.9394081234931946,0.6534755229949951,0.0985524579882621,0.6715292930603027,0.7640820741653442,0.6679154634475708,0.5993393063545227,0.6435637474060059,0.709437370300293,0.7818959355354309,0.8626692891120911,0.820719301700592,0.7304530739784241,,,,,,,
735_YAHOO_id_185_WebService_tr_500_1st_20.csv,0.0629361271858215,0.0768339186906814,0.1190775409340858,0.7903096079826355,0.0610629543662071,0.0798217356204986,0.0997526571154594,0.6080310940742493,0.6993606686592102,0.539321780204773,0.0300026815384626,0.7418376803398132,0.243267610669136,0.2697368562221527,0.6893258094787598,0.0997630059719085,0.0308097079396247,0.35136279463768,0.6990549564361572,0.7917239665985107,0.5061203837394714,0.0514326319098472,0.1279319822788238,0.4488398432731628,0.2623309791088104,0.4013099670410156,0.4912903904914856,0.1538563966751098,0.804229736328125,0.1766154319047927,0.0299627855420112,0.0484126843512058,,,,,,,
736_YAHOO_id_186_Synthetic_tr_500_1st_623.csv,0.0973970368504524,0.2443657964468002,1.0,0.9712659120559692,0.1834369897842407,0.4369323551654815,0.0330849066376686,0.1314071416854858,0.1786295771598816,0.732978105545044,1.0,0.9936556220054626,0.638475775718689,0.6486356854438782,0.0152406077831983,0.5066230297088623,0.1932871043682098,0.6537065505981445,0.0206060837954282,0.6934152841567993,0.7741487622261047,0.0128847798332571,0.0277315806597471,0.0401300489902496,0.054482314735651,0.0500633381307125,0.0152412094175815,0.0316995531320571,0.9859445095062256,0.6242009401321411,0.5476042032241821,0.0260474700480699,,,,,,,
737_YAHOO_id_187_WebService_tr_500_1st_230.csv,0.075167566537857,0.3188079595565796,0.103060096502304,0.9901039004325868,0.0755251720547676,0.2135668247938156,0.1227597966790199,0.4077112972736358,0.6024064421653748,0.1487200260162353,0.1669148057699203,0.752338171005249,0.1214916333556175,0.153097003698349,0.6571274399757385,0.1379666328430175,0.1528549790382385,0.3688111007213592,0.6447299122810364,0.5593802332878113,0.1982305198907852,0.1148049384355545,0.1259585171937942,0.4370677173137665,0.1762004643678665,0.429869145154953,0.2191444933414459,0.159477487206459,0.981426477432251,0.167417824268341,0.1519829183816909,0.1520611047744751,,,,,,,
738_YAHOO_id_188_WebService_tr_500_1st_26.csv,0.0794981271028518,0.2323168218135833,0.2276307046413421,0.8361673951148987,0.082610972225666,0.0801918059587478,0.1040007844567298,0.4456973373889923,0.8341841101646423,0.7569026350975037,0.2061298787593841,0.7360379099845886,0.1352262794971466,0.1375266462564468,0.7256397008895874,0.0690123960375785,0.3002655804157257,0.3213685154914856,0.746982753276825,0.2258603274822235,0.2595089673995971,0.1465010046958923,0.4036417305469513,0.2231366038322448,0.1768785417079925,0.2477142959833145,0.1230589300394058,0.4367582201957702,0.8434001207351685,0.11079803109169,0.1634186208248138,0.0876642614603042,,,,,,,
739_YAHOO_id_189_Synthetic_tr_500_1st_893.csv,0.042146123945713,0.7509312629699707,1.0,1.0,0.4132425189018249,0.5725924968719482,0.0038347817026078,0.9897444248199464,0.9897444248199464,0.5082562565803528,1.0,1.0,0.8183218240737915,0.8023722767829895,0.6267431378364563,0.8399361968040466,0.0170251969248056,0.550206184387207,0.9897444248199464,1.0,0.3604705929756164,0.0070004169829189,0.0052959406748414,0.6057409048080444,0.7878419160842896,0.8053121566772461,0.6281118392944336,0.0032289309892803,1.0,0.8874595761299133,0.6144126653671265,0.0080175884068012,,,,,,,
741_YAHOO_id_191_WebService_tr_500_1st_1114.csv,0.0731551647186279,0.042909849435091,0.4166666865348816,1.0,0.0252429861575365,0.1022696420550346,0.0097264684736728,0.9376391768455504,0.9304590821266174,0.0188727136701345,0.0170794501900672,0.75,0.0598171316087245,0.1245095655322074,0.7591701745986938,0.0524026378989219,0.016281135380268,0.0252429787069559,0.8858301043510437,0.4583333730697632,0.2385746389627456,0.2681697905063629,0.0962179973721504,0.3297420740127563,0.4035730063915252,0.3211180865764618,0.3504993915557861,0.0142065836116671,0.9634568691253662,0.0763072222471237,0.01706382073462,0.029091253876686,2.0,0.0011904761904761,1.0,2.0,1.0,0.0,1680.0
742_YAHOO_id_192_Synthetic_tr_500_1st_658.csv,0.6502237915992737,0.8086458444595337,1.0,0.9895490407943726,0.0511463247239589,0.7565214037895203,0.008579364977777,0.648250162601471,0.6242693662643433,0.4610988795757293,1.0,1.0,0.9063287377357484,0.8972963094711304,0.65817791223526,0.8474753499031067,0.0400968603789806,0.6233533620834351,0.4881822764873504,0.8752119541168213,0.5739845633506775,0.0359191708266735,0.0185395572334527,0.7133313417434692,0.4975475370883941,0.7068019509315491,0.6893297433853149,0.0233676601201295,1.0,0.9079413414001464,0.6438027620315552,0.0624744556844234,,,,,,,
744_YAHOO_id_194_Synthetic_tr_500_1st_658.csv,0.2156673818826675,0.8280860781669617,1.0,0.9909881353378296,0.432117611169815,0.6019837260246277,0.0110988933593034,0.61893230676651,0.7286366820335388,0.5968992710113525,1.0,1.0,0.8530434370040894,0.8513432741165161,0.6653792262077332,0.7623004913330078,0.991208553314209,0.520518958568573,0.7355386018753052,1.0,0.625098705291748,0.0437099263072013,0.0111965369433164,0.3616822957992553,0.3629146516323089,0.5839133262634277,0.5238499641418457,0.0466972216963768,0.9989455342292786,0.8240334987640381,0.6268498301506042,0.0819811522960662,,,,,,,
745_YAHOO_id_195_WebService_tr_500_1st_326.csv,0.0634385868906974,0.0942597389221191,0.2533718049526214,0.2311545610427856,0.0634385868906974,0.0881187543272972,0.0677889510989189,0.6647036075592041,0.7618019580841064,0.4805769026279449,0.0998339429497718,0.6087095737457275,0.3233909606933594,0.3162242174148559,0.3932408392429352,0.0795790925621986,0.0781179368495941,0.5665169954299927,0.7518309950828552,0.4582266509532928,0.8189274668693542,0.8296701312065125,0.0651159659028053,0.5154330134391785,0.2088145017623901,0.4529509544372558,0.3748445212841034,0.0628725662827491,0.9783424735069276,0.081506036221981,0.0827269032597541,0.0877340659499168,,,,,,,
746_YAHOO_id_196_WebService_tr_500_1st_413.csv,0.0436359867453575,0.1146253198385238,0.018124982714653,0.9567363262176514,0.0310460217297077,0.0715144351124763,0.0130194379016757,0.6263846755027771,0.8361080288887024,0.6089649796485901,0.0167489796876907,0.9117753505706788,0.3791691660881042,0.3359833657741546,0.7249149084091187,0.095329150557518,0.0214197561144828,0.5768652558326721,0.8953307867050171,0.8735714554786682,0.5565044283866882,0.6638634204864502,0.0152786802500486,0.676888644695282,0.437383085489273,0.0572606362402439,0.554579496383667,0.0223735906183719,1.0,0.056785698980093,0.0184030458331108,0.0374778658151626,,,,,,,
747_YAHOO_id_197_Synthetic_tr_500_1st_893.csv,0.4384178519248962,0.8539673686027527,1.0,1.0,0.2839891314506531,0.4500306844711303,0.0024619267787784,1.0,1.0,0.5444905161857605,1.0,1.0,0.8781000971794128,0.9194564819335938,0.6625598073005676,0.4029368758201599,0.0093141477555036,0.6015940308570862,0.6516265273094177,1.0,0.9052781462669371,0.0030349292792379,0.0037558304611593,0.6735522150993347,0.8017032742500305,1.0,0.7304967045783997,0.0168851241469383,1.0,0.7446624040603638,0.5776951313018799,0.0097208237275481,,,,,,,
748_YAHOO_id_198_WebService_tr_500_1st_170.csv,0.037864476442337,0.0290009714663028,0.1970024108886718,0.9543176889419556,0.031974583864212,0.068352073431015,0.0496146045625209,0.643544614315033,0.8717314004898071,0.6479542255401611,0.197952002286911,0.6081357002258301,0.0651817545294761,0.0751708671450614,0.6213338375091553,0.0393831953406333,0.0944231450557708,0.0306376926600933,0.905800759792328,0.4051472544670105,0.188790813088417,0.1406303793191909,0.054642915725708,0.7552157044410706,0.3826013803482055,0.07065349817276,0.3970849514007568,0.0422987751662731,0.9699211120605468,0.0583875067532062,0.1553786695003509,0.0617533922195434,,,,,,,
749_YAHOO_id_199_WebService_tr_500_1st_136.csv,0.0899015516042709,0.1277440190315246,0.6969607472419739,1.0,0.1178666278719902,0.2114892899990081,0.1791425496339798,0.4915163516998291,0.8300914764404297,0.67344069480896,0.6882563233375549,0.9409531354904176,0.4174282848834991,0.4602391719818115,0.7075969576835632,0.10716363042593,0.1963532865047454,0.3673442006111145,0.7142244577407837,0.7412875890731812,0.3676764965057373,0.2804510593414306,0.2208760380744934,0.4627859592437744,0.475624680519104,0.1556532084941864,0.4433970153331756,0.5931394100189209,0.989738404750824,0.2301746755838394,0.4085493385791778,0.3309779465198517,,,,,,,
751_YAHOO_id_201_WebService_tr_500_1st_142.csv,0.0446705929934978,0.1701177358627319,0.5118797421455383,0.8608485460281372,0.0461658984422683,0.039846908301115,0.0985992178320884,0.8553338646888733,0.962243676185608,0.8160435557365417,0.8380222916603088,0.7256712913513184,0.3397164642810821,0.346567153930664,0.7378836274147034,0.1489099562168121,0.6792739033699036,0.4961937665939331,0.95389062166214,0.8624412417411804,0.6711061596870422,0.6936882138252258,0.1279864460229873,0.4896139502525329,0.6045927405357361,0.5531128644943237,0.3495203852653503,0.4251136481761932,0.8723318576812744,0.2276211678981781,0.493118017911911,0.0718015134334564,,,,,,,
752_YAHOO_id_202_WebService_tr_500_1st_95.csv,0.1389796733856201,0.1147278845310211,0.5491576194763184,0.9121248722076416,0.1735982298851013,0.1516026258468628,0.120602548122406,0.3596289455890655,0.8543755412101746,0.697551429271698,0.3172490000724792,0.9315009117126464,0.4272291660308838,0.406907856464386,0.7182762026786804,0.1529129594564438,0.1451609432697296,0.4708349704742431,0.7924661040306091,0.8450689911842346,0.3266556859016418,0.1151015982031822,0.1350566148757934,0.1728638261556625,0.1590239554643631,0.3177282810211181,0.0829144865274429,0.1877604871988296,0.5094811916351318,0.3756046295166015,0.2651783227920532,0.1092904061079025,,,,,,,
753_YAHOO_id_203_WebService_tr_500_1st_6.csv,0.1653996706008911,0.3202619254589081,0.4077918231487274,0.9201728701591492,0.2364422380924224,0.199258342385292,0.2644979357719421,0.6523298025131226,0.8061221837997437,0.4669834077358246,0.2609619796276092,0.8069698810577393,0.445250540971756,0.4765640497207641,0.677907407283783,0.334142118692398,0.2312301099300384,0.312017410993576,0.7315042018890381,0.776644766330719,0.4903461337089538,0.2802261114120483,0.3344393968582153,0.492544025182724,0.4350166320800781,0.4064844846725464,0.4649817645549774,0.3121640682220459,0.9161629676818848,0.2862568795681,0.2660767734050751,0.2121733129024505,,,,,,,
754_YAHOO_id_204_WebService_tr_500_1st_28.csv,0.1422992646694183,0.3513160049915313,0.0928734615445137,0.8436782956123352,0.0767430365085601,0.2542721033096313,0.2189956903457641,0.686492383480072,0.7558607459068298,0.6108841896057129,0.068387746810913,0.7792368531227112,0.431934654712677,0.4554164409637451,0.6671953797340393,0.2215123772621154,0.0772792026400566,0.3429059088230133,0.6598352193832397,0.6890732645988464,0.1647269576787948,0.0732825100421905,0.2444833517074585,0.4382491409778595,0.4217314124107361,0.3060354888439178,0.4028328657150268,0.2385220676660537,0.8486161828041077,0.2606632709503174,0.0594878010451793,0.0849658697843551,,,,,,,
755_YAHOO_id_205_Synthetic_tr_500_1st_893.csv,0.2201082110404968,0.5682635307312012,1.0,1.0,0.5771591663360596,0.6270345449447632,0.1666666716337204,0.3217270970344543,0.003730502910912,1.0,1.0,1.0,0.792145848274231,0.8534619808197021,0.025975190103054,0.6104754209518433,0.0222101397812366,0.0755831077694892,0.0309537127614021,1.0,0.0319490320980548,0.0133315371349453,0.1070023626089096,0.0168421268463134,0.7990468144416809,0.0303268563002347,0.0156240668147802,0.002607541391626,1.0,0.8438334465026855,0.6117327809333801,0.0063808164559304,1.0,0.0007037297677691,1.0,1.0,1.0,0.0,1421.0
756_YAHOO_id_206_WebService_tr_500_1st_55.csv,0.5086401700973511,0.7176246047019958,0.6019567251205444,0.9443005323410034,0.5394076704978943,0.6292054653167725,0.6255126595497131,0.7408641576766968,0.7123451828956604,0.6163819432258606,0.5244951844215393,0.7188726663589478,0.6476442813873291,0.7154814004898071,0.7427875399589539,0.7393109798431396,0.5203192234039307,0.5407071113586426,0.6503796577453613,0.6329960227012634,0.6256653666496277,0.4892996251583099,0.5831683278083801,0.7573241591453552,0.6222816109657288,0.7866653203964233,0.7457195520401001,0.5574235320091248,0.9455408453941344,0.8500760793685913,0.5251425504684448,0.5164106488227844,,,,,,,
758_YAHOO_id_208_WebService_tr_500_1st_24.csv,0.1522030234336853,0.1857952922582626,0.1268350481986999,0.8883489966392517,0.1552700251340866,0.1410034298896789,0.1982948333024978,0.6690734624862671,0.7665461897850037,0.476124107837677,0.104526475071907,0.6574047803878784,0.1987112462520599,0.1897110790014267,0.6938526034355164,0.1395540684461593,0.10023083537817,0.3552983999252319,0.5156859755516052,0.4091981947422027,0.3901228606700897,0.160054475069046,0.1594561636447906,0.618567705154419,0.3535254597663879,0.4211726486682892,0.262673556804657,0.1828052550554275,0.8845497965812683,0.2009115666151046,0.0993935316801071,0.1101558879017829,,,,,,,
759_YAHOO_id_209_WebService_tr_500_1st_189.csv,0.163311094045639,0.1980965286493301,0.2788310945034027,0.8169872164726257,0.1902551054954528,0.2295342832803726,0.1282130181789398,0.6645818948745728,0.828155517578125,0.3536838293075561,0.191397875547409,0.9146336913108826,0.3445972204208374,0.345176100730896,0.6912097930908203,0.2128602266311645,0.1797912716865539,0.532590925693512,0.8051313757896423,0.8230571746826172,0.4459190368652344,0.2535270452499389,0.1262879371643066,0.5149878859519958,0.3788359761238098,0.4522547423839569,0.5152656435966492,0.1272102892398834,0.9737616181373596,0.2539577782154083,0.1908317357301712,0.1676001697778701,,,,,,,
760_YAHOO_id_210_WebService_tr_500_1st_23.csv,0.0698462426662445,0.0318822897970676,0.3703418672084808,0.8020551800727844,0.187220498919487,0.0790308117866516,0.1926197856664657,0.5009202361106873,0.7895440459251404,0.6668617725372314,0.3441832363605499,0.7904020547866821,0.519956648349762,0.5130574703216553,0.6646323204040527,0.1123306453227996,0.6813444495201111,0.286000907421112,0.78092360496521,0.5905503630638123,0.5829104781150818,0.026606660336256,0.2914105653762817,0.1858648508787155,0.2284475713968277,0.1341474205255508,0.2485847473144531,0.4915656745433807,0.7955106496810913,0.3440649509429931,0.3597013354301452,0.3128780722618103,,,,,,,
761_YAHOO_id_211_WebService_tr_500_1st_7.csv,0.146944910287857,0.228380486369133,0.4715286493301391,0.8460734486579895,0.153159499168396,0.148729607462883,0.295402854681015,0.4368467628955841,0.7821181416511536,0.7410398721694946,0.4264532327651977,0.7522773146629333,0.2990364134311676,0.2616607248783111,0.7109723091125488,0.1344341486692428,0.2919555604457855,0.533255934715271,0.7137998342514038,0.416799247264862,0.5371693968772888,0.1208463385701179,0.5116413235664368,0.460972398519516,0.426442414522171,0.4046317934989929,0.2603504061698913,0.6367383003234863,0.8461672067642212,0.2963699698448181,0.333410233259201,0.2872213423252105,,,,,,,
763_YAHOO_id_213_WebService_tr_500_1st_43.csv,0.1500656902790069,0.2067933231592178,0.2186867296695709,0.9023704528808594,0.1378442645072937,0.1865493804216385,0.1168059259653091,0.1917131245136261,0.7612665295600891,0.5156717896461487,0.1438155323266983,0.742519199848175,0.2363130450248718,0.2598991096019745,0.7244536876678467,0.1815280318260193,0.127513587474823,0.3731952309608459,0.730969250202179,0.5625852346420288,0.3798899948596954,0.2105501145124435,0.1122384443879127,0.1995576620101928,0.1478804945945739,0.3035870790481567,0.1667097806930542,0.1270730197429657,0.9017729759216307,0.2640687525272369,0.1440241932868957,0.1308613717555999,,,,,,,
765_YAHOO_id_215_WebService_tr_500_1st_92.csv,0.1570429801940918,0.1144250556826591,0.0981447696685791,0.827872097492218,0.1238917335867881,0.0943951830267906,0.0877669155597686,0.5312463641166687,0.8195452094078064,0.1839980632066726,0.0993083491921424,0.2347480356693267,0.0839658677577972,0.0827871486544609,0.6889634728431702,0.08517537266016,0.1040491312742233,0.1363152116537094,0.714152455329895,0.1203427612781524,0.085296906530857,0.132809966802597,0.0856741219758987,0.443045973777771,0.1517597436904907,0.3685601353645324,0.2044292241334915,0.1158824637532234,0.8161152005195618,0.1286000907421112,0.0966340377926826,0.1230688542127609,,,,,,,
766_YAHOO_id_216_WebService_tr_500_1st_114.csv,0.0625368878245353,0.5255537033081055,0.99501234292984,0.2490008324384689,0.0487882457673549,0.6163249611854553,0.0603009052574634,0.0775901600718498,0.0371003113687038,0.7111752033233643,0.2371361851692199,0.957181453704834,0.4470678567886352,0.4490898847579956,0.0619620382785797,0.2399931699037552,0.2842980325222015,0.4567399322986603,0.0953572988510131,0.3885089457035064,0.8698923587799072,0.0663236752152443,0.1366408169269561,0.0764882192015647,0.4877468049526214,0.0535731799900531,0.0461287163197994,0.2251748442649841,0.3659884929656982,0.387536883354187,0.1820444911718368,0.1048972085118293,,,,,,,
767_YAHOO_id_217_Synthetic_tr_500_1st_658.csv,0.184086799621582,0.667787492275238,1.0,0.9968693256378174,0.6000819206237793,0.6524130702018738,0.0130103174597024,0.9358989596366882,0.8219298124313354,0.6414070725440979,1.0,1.0,0.7891671061515808,0.7827994227409363,0.706843376159668,0.6895062327384949,0.6513749361038208,0.5401396155357361,0.6002374887466431,1.0,0.6782220602035522,0.0577117092907428,0.0107430322095751,0.6950798630714417,0.6385000944137573,0.6866148710250854,0.7087501287460327,0.0473315976560115,0.996738851070404,0.860758364200592,0.6518502831459045,0.0811517760157585,,,,,,,
770_YAHOO_id_220_WebService_tr_500_1st_29.csv,0.1035176590085029,0.0953993126749992,0.4380318522453308,0.7856574058532715,0.2140060812234878,0.1698485910892486,0.1224982440471649,0.2580261528491974,0.7828933000564575,0.5104632377624512,0.0611542798578739,0.7548065185546875,0.2802596092224121,0.2529607117176056,0.6751034259796143,0.1291548609733581,0.0539871603250503,0.3849236667156219,0.6990397572517395,0.4779457449913025,0.3594765365123749,0.1438424885272979,0.1313311606645584,0.2417767345905304,0.1444187611341476,0.1216858327388763,0.1040184497833252,0.1519112586975097,0.8340356349945068,0.1534303128719329,0.0512416325509548,0.0626703575253486,,,,,,,
772_YAHOO_id_222_WebService_tr_500_1st_85.csv,0.1427604258060455,0.130212590098381,0.3432171940803528,0.9107794165611268,0.1519640684127807,0.1369248777627945,0.2110736519098281,0.6034243106842041,0.7733511328697205,0.5099707245826721,0.290359228849411,0.8748242855072021,0.2678116261959076,0.250792533159256,0.7107079029083252,0.1409785449504852,0.2672355771064758,0.4207477271556854,0.7397733926773071,0.6095685362815857,0.6139699816703796,0.2203028351068496,0.1883078217506408,0.5463947057723999,0.356411337852478,0.2907656729221344,0.5112195014953613,0.1949491500854492,0.915292263031006,0.2473614066839218,0.283376008272171,0.2137047350406646,,,,,,,
773_YAHOO_id_223_WebService_tr_500_1st_137.csv,0.1866775155067443,0.2106790095567703,0.3505097329616546,0.9980820417404176,0.2007538974285125,0.2334802597761154,0.2405661195516586,0.6694618463516235,0.8159568905830383,0.6256037354469299,0.3097013235092163,0.9029501080513,0.3161023557186126,0.2904774844646454,0.6380504369735718,0.1632554233074188,0.2733025252819061,0.4939891695976257,0.6732113361358643,0.8369013071060181,0.4097016155719757,0.2557577192783355,0.2236068397760391,0.5371843576431274,0.4594372808933258,0.2917921245098114,0.3906203210353851,0.2103633135557174,0.9974012970924376,0.344008058309555,0.2844758331775665,0.2443673759698867,,,,,,,
774_YAHOO_id_224_Synthetic_tr_500_1st_623.csv,0.1252248734235763,0.4946331977844238,1.0,0.9738463163375854,0.1439379453659057,0.2951337695121765,0.0174832567572593,0.2354908734560012,0.0099256485700607,0.6080297827720642,1.0,1.0,0.6254830360412598,0.6202444434165955,0.0230118203908205,0.4581183195114136,1.0,0.6302193999290466,0.0568919628858566,0.7194178104400635,0.7699663043022156,0.02376757748425,0.017608068883419,0.1692524552345276,0.2976473569869995,0.3290495276451111,0.4215376675128937,0.0311742890626192,0.9874097108840942,0.5229188799858093,0.5487516522407532,0.0496473833918571,,,,,,,
778_YAHOO_id_228_Synthetic_tr_500_1st_658.csv,0.0754493698477745,0.7345171570777893,1.0,0.995249092578888,0.1556157320737838,0.6166092157363892,0.0078887082636356,0.951954185962677,0.0459842570126056,0.7392644286155701,0.854651153087616,0.9944655299186708,0.8489794135093689,0.8352101445198059,0.5577864050865173,0.556294858455658,0.0254356544464826,0.475615531206131,0.027222016826272,1.0,0.6255733966827393,0.0280519109219312,0.0138999810442328,0.5732370018959045,0.7305604815483093,0.7122430205345154,0.5111647248268127,0.0432774983346462,1.0,0.7779991626739502,0.5420015454292297,0.0824098065495491,,,,,,,
780_YAHOO_id_230_Synthetic_tr_500_1st_893.csv,0.1026719957590103,0.0209762975573539,0.5,1.0,0.2684571444988251,0.1305724531412124,0.25,0.9838784337043762,0.9306116700172424,0.25,0.5,1.0,0.0283546019345521,0.0351193323731422,0.8990856409072876,0.7442706823348999,0.0176269132643938,0.0930022671818733,0.0032288373913615,0.5,0.0116241350769996,0.6262512803077698,0.6912696361541748,0.9598363041877748,0.7920987010002136,0.8405059576034546,0.6185562610626221,0.003389895427972,1.0,0.5998529195785522,0.3598575592041015,0.0354481153190135,1.0,0.0007037297677691,1.0,1.0,1.0,0.0,1421.0
781_YAHOO_id_231_Synthetic_tr_500_1st_623.csv,0.0940321236848831,0.7435927987098694,1.0,0.9646502733230592,0.0481359846889972,0.316146045923233,0.0161006990820169,0.4782482385635376,0.9829137325286864,0.7912958264350891,1.0,1.0,0.6478945016860962,0.6657998561859131,0.017018400132656,0.5455036163330078,0.2305510342121124,0.6996653079986572,0.4398241341114044,0.6969025135040283,0.8502897620201111,0.0265467725694179,0.0217841956764459,0.297516405582428,0.1111090183258056,0.2640600502490997,0.1763731986284256,0.0329131223261356,0.9791514277458192,0.6121883988380432,0.5482583045959473,0.0472466126084327,,,,,,,
782_YAHOO_id_232_Synthetic_tr_500_1st_623.csv,0.0807113498449325,0.5539052486419678,1.0,0.9622367024421692,0.137083426117897,0.3819236755371094,0.0249989032745361,0.2411190122365951,0.0146379619836807,0.8087728023529053,1.0,1.0,0.6523444652557373,0.6232585906982422,0.0172786936163902,0.4523234963417053,1.0,0.6324812769889832,0.0636605620384216,0.9582051038742064,0.7065480947494507,0.0322660952806472,0.0258384030312299,0.167610764503479,0.1084630787372589,0.1792200207710266,0.1155293881893158,0.2120878100395202,0.9826866984367372,0.6509486436843872,0.5506675243377686,0.0534630045294761,,,,,,,
783_YAHOO_id_233_WebService_tr_500_1st_24.csv,0.1394629031419754,0.097382552921772,0.126749187707901,0.4427420794963836,0.1684480458498001,0.1351825594902038,0.0890702083706855,0.357656329870224,0.4998008608818054,0.2074113488197326,0.1314391940832138,0.2875992953777313,0.1150218397378921,0.1123434230685234,0.4010522961616516,0.1471384018659591,0.1299446523189544,0.1110911592841148,0.4905963838100433,0.2350119352340698,0.2057801783084869,0.108534500002861,0.082975648343563,0.3209508657455444,0.1776346564292907,0.3133896589279175,0.3492312729358673,0.1057369783520698,0.4580919146537781,0.1786165833473205,0.1294341683387756,0.1455999910831451,,,,,,,
784_YAHOO_id_234_Synthetic_tr_500_1st_623.csv,0.182332158088684,0.8857372403144836,1.0,0.9948077201843262,0.7931169271469116,0.7671422362327576,0.0125732962042093,0.8789576292037964,0.0710879564285278,0.6494098901748657,0.5315055847167969,0.9836546182632446,0.8853031992912292,0.8750513792037964,0.6523071527481079,0.8348156809806824,0.0411609522998333,0.5896680355072021,0.772306501865387,0.8777298331260681,0.7703028321266174,0.0394125282764434,0.0130781922489404,0.8330138921737671,0.8120374083518982,0.6501853466033936,0.6389017105102539,0.0436732321977615,0.9915218949317932,0.6605504155158997,0.3673363029956817,0.0897633507847786,,,,,,,
786_YAHOO_id_236_Synthetic_tr_500_1st_623.csv,0.2489969432353973,0.5243046283721924,0.8563604354858398,0.9705889225006104,0.3268287777900696,0.6234034895896912,0.0235306471586227,0.711122453212738,0.5512508749961853,0.7170214056968689,0.2444057911634445,0.9749370813369752,0.7221353650093079,0.6518269181251526,0.8906890749931335,0.7105629444122314,0.3271033763885498,0.5561482906341553,0.7633470296859741,0.8811600804328918,0.7811432480812073,0.1886464059352874,0.0306134223937988,0.5487316846847534,0.6500745415687561,0.8197783827781677,0.6412954330444336,0.0709888488054275,0.990517795085907,0.5086687207221985,0.2166380733251571,0.060046449303627,,,,,,,
789_YAHOO_id_239_WebService_tr_500_1st_421.csv,0.0450309067964553,0.0024314785841852,1.0,0.2796666920185089,0.0594265423715114,0.0268375035375356,0.6944964528083801,0.9859603047370912,0.9929800629615784,0.7510534524917603,0.0213981531560421,0.3811877369880676,0.5612230896949768,0.3979020714759826,0.7077735662460327,0.0500514023005962,1.0,0.7071474194526672,0.9923553466796876,0.4263005554676056,0.9859603047370912,0.0202392004430294,0.6475433111190796,0.5993425250053406,0.5615364909172058,0.3758924603462219,0.6521845459938049,0.6474323868751526,0.3340958058834076,0.2387052178382873,0.653225302696228,0.2168912291526794,,,,,,,
790_YAHOO_id_240_WebService_tr_500_1st_119.csv,0.0631074532866478,0.0325790978968143,0.5835759043693542,1.0,0.1223097294569015,0.0446180291473865,0.2079361975193023,0.1826654821634292,0.932432234287262,0.6267012357711792,0.6230090856552124,0.9489182233810424,0.1439349502325058,0.1057182997465133,0.6806304454803467,0.0768095925450325,0.3700590133666992,0.4502474963665008,0.8458207845687866,0.7184926867485046,0.5285358428955078,0.0680012330412864,0.2394583374261856,0.0802239328622818,0.096278429031372,0.1005454808473587,0.1152638792991638,0.6386992931365967,0.973503351211548,0.258856326341629,0.3785776495933532,0.1803997755050659,,,,,,,
791_YAHOO_id_241_WebService_tr_500_1st_593.csv,0.0252429824322462,0.0048459600657224,0.0159625895321369,1.0,0.0252429861575365,0.15987429022789,0.0194167178124189,0.758323609828949,0.9481081962585448,0.7550027966499329,0.036137156188488,1.0,0.2800421416759491,0.3198669552803039,0.7142951488494873,0.0631451904773712,0.0340708568692207,0.5237379670143127,0.8875494599342346,1.0,0.0188602991402149,0.1116421148180961,0.0197833906859159,0.4332252144813537,0.1665441542863845,0.0090464511886239,0.249867096543312,0.0198744535446167,1.0,0.2842295467853546,0.0389282330870628,0.0264092423021793,,,,,,,
794_YAHOO_id_244_Synthetic_tr_500_1st_658.csv,0.0144535806030035,0.2522127330303192,1.0,0.986189305782318,0.0121754286810755,0.0290240589529275,0.0122882863506674,0.4085201919078827,0.0026924989651888,0.8017507791519165,1.0,1.0,0.1491659283638,0.1345140933990478,0.0041687609627842,0.0458057150244712,0.1147637143731117,0.6299586892127991,0.0393567010760307,1.0,0.916223168373108,0.0056208916939795,0.0240295957773923,0.0192056279629468,0.0224759262055158,0.3758338987827301,0.0132676307111978,0.0818114578723907,0.9796038269996644,0.0520532466471195,0.3295028507709503,0.0107581876218318,,,,,,,
795_YAHOO_id_245_WebService_tr_500_1st_84.csv,0.1116661801934242,0.0726980865001678,0.5018609762191772,0.8574196100234985,0.1196279153227806,0.122150219976902,0.1871169507503509,0.6046591997146606,0.8182705640792847,0.7045718431472778,0.4775344133377075,0.8466774225234985,0.3381918370723724,0.3463247716426849,0.6526252627372742,0.1899695992469787,0.2798789143562317,0.4490917325019836,0.7068855166435242,0.9201870560646056,0.7164178490638733,0.1649162620306015,0.2333697080612182,0.5177586078643799,0.5146427750587463,0.2593412101268768,0.4840811491012573,0.2777945697307586,0.8825274705886841,0.4348563849925995,0.3681545257568359,0.1587362587451934,,,,,,,
796_YAHOO_id_246_WebService_tr_500_1st_222.csv,0.0717063397169113,0.0122852632775902,0.1065138801932334,0.9737403392791748,0.0984660238027572,0.0853872299194336,0.0340142250061035,0.6951463222503662,0.7322977185249329,0.0462539680302143,0.0407252795994281,0.5515754222869873,0.3050709068775177,0.2895755469799042,0.6298838257789612,0.1452793478965759,0.0340516045689582,0.3604028820991516,0.7132436633110046,0.2301715612411499,0.4353590905666351,0.0651683062314987,0.0437334030866622,0.4364565014839172,0.0390120148658752,0.7096437811851501,0.0830680578947067,0.0461530871689319,0.9897224307060242,0.1263934671878814,0.0409144163131713,0.0359490029513835,,,,,,,
797_YAHOO_id_247_Synthetic_tr_500_1st_893.csv,0.327635645866394,0.0170824620872735,0.1165263801813125,0.420619934797287,0.0954049155116081,0.2289356738328933,0.1313152015209198,0.789702296257019,0.095656894147396,0.1008871272206306,0.2100498080253601,0.2309299707412719,0.0195220988243818,0.0132084926590323,0.7580500245094299,0.0710831061005592,0.0470691248774528,0.0954049155116081,0.0028148663695901,0.2107096314430236,0.0058974442072212,0.4589923024177551,0.3217728435993194,0.6206698417663574,0.7349851727485657,0.5288535356521606,0.1806338131427765,0.0026439831126481,0.420619934797287,0.0774877443909645,0.2012310922145843,0.0259055346250534,1.0,0.0007037297677691,1.0,1.0,1.0,0.0,1421.0
798_YAHOO_id_248_WebService_tr_500_1st_105.csv,0.1724485754966735,0.1533690094947815,0.5768572092056274,0.9879687428474426,0.2791362404823303,0.205890879034996,0.2084471136331558,0.7076721787452698,0.8094027638435364,0.7216066122055054,0.5428966283798218,0.9636721611022948,0.3637068569660187,0.3973133862018585,0.6949296593666077,0.1726800203323364,0.3913675546646118,0.5708324313163757,0.7920544147491455,0.8418802618980408,0.6450092792510986,0.2319872230291366,0.2076947093009948,0.5925895571708679,0.5617934465408325,0.2607651650905609,0.526239275932312,0.2765685319900512,0.989345371723175,0.283735990524292,0.4635191261768341,0.2748569548130035,,,,,,,
799_YAHOO_id_249_WebService_tr_500_1st_852.csv,0.075728952884674,0.0452285148203372,0.276217520236969,0.9680324792861938,0.075728952884674,0.1064216643571853,0.1147205159068107,0.7181637287139893,0.7704212069511414,0.1702354401350021,0.2489725649356842,0.9522176384925842,0.2302749305963516,0.2067048847675323,0.6652763485908508,0.0735718756914138,0.1984480321407318,0.2520540356636047,0.5535489916801453,0.6310297846794128,0.4718491733074188,0.0641747936606407,0.1080460324883461,0.4305106997489929,0.1673529744148254,0.1477919369935989,0.4563010931015014,0.0924193933606147,0.9795020818710328,0.202474370598793,0.222150057554245,0.1648075431585312,,,,,,,
800_YAHOO_id_250_Synthetic_tr_500_1st_623.csv,0.2046555131673813,0.8639398813247681,1.0,0.997109055519104,0.18452949821949,0.730004072189331,0.0234507732093334,0.7489132285118103,0.8085765838623047,0.7578423619270325,1.0,0.985177993774414,0.8796752691268921,0.8800544142723083,0.6781461238861084,0.813437819480896,1.0,0.4341059923171997,0.7824302911758423,0.9978939294815063,0.8022398352622986,0.6655527353286743,0.014809145592153,0.6929060816764832,0.5860007405281067,0.828961193561554,0.7703598141670227,0.0713173374533653,0.9955320358276368,0.8456209897994995,0.6470848321914673,0.0832365229725837,,,,,,,
801_YAHOO_id_251_WebService_tr_500_1st_190.csv,0.0914004072546958,0.0526103824377059,0.3039189279079437,0.981447160243988,0.1079876124858856,0.2232237309217453,0.1788169741630554,0.2334417104721069,0.871695876121521,0.7241271138191223,0.330992579460144,0.955891251564026,0.227507472038269,0.1845507025718689,0.7851381897926331,0.0719876885414123,0.0805926695466041,0.4058047831058502,0.8913531303405762,0.3740429580211639,0.4796863496303558,0.1791092455387115,0.3791148662567138,0.1654062271118164,0.1722251772880554,0.0785305425524711,0.0726499557495117,0.4847384989261627,0.9850744605064392,0.2671584784984588,0.2694922387599945,0.2741918563842773,,,,,,,
802_YAHOO_id_252_WebService_tr_500_1st_63.csv,0.0845068842172622,0.2172653526067733,0.6198503971099854,0.7654411196708679,0.1461346596479416,0.0769742503762245,0.1003355085849762,0.6186254620552063,0.73006272315979,0.6060638427734375,0.052845936268568,0.3368748128414154,0.1009754464030265,0.0989631488919258,0.6581606268882751,0.1027616336941719,0.0506704039871692,0.3858990371227264,0.684312641620636,0.3120609819889068,0.3033716380596161,0.3560582399368286,0.102428987622261,0.6802595257759094,0.4740720391273498,0.4347805678844452,0.280877411365509,0.1084643080830574,0.7700268030166626,0.3893950283527374,0.0473102666437625,0.0562224090099334,,,,,,,
803_YAHOO_id_253_WebService_tr_500_1st_58.csv,0.1643133908510208,0.1772309839725494,0.2369778305292129,0.9238129258155824,0.15804985165596,0.128160685300827,0.1075778752565383,0.5811353325843811,0.6913495659828186,0.5541476011276245,0.1566210091114044,0.6061268448829651,0.1743403673171997,0.1855375617742538,0.6348788738250732,0.1625868678092956,0.1481066644191742,0.1583476513624191,0.52388596534729,0.2635048329830169,0.5327054858207703,0.1441744118928909,0.1166840344667434,0.5013150572776794,0.4015471339225769,0.3529428243637085,0.4552725255489349,0.1181306913495063,0.9147360920906068,0.2009703814983368,0.1584593951702118,0.1505466848611831,,,,,,,
806_YAHOO_id_256_Synthetic_tr_500_1st_893.csv,0.0713785141706466,0.0479499660432338,0.1477240920066833,1.0,0.1426054537296295,0.364501804113388,0.0743405222892761,0.7389522790908813,0.0558503158390522,0.0682886838912963,0.0881360173225402,0.7394630908966064,0.1136857718229293,0.12355986982584,0.6979920864105225,0.2140730321407318,0.0702206119894981,0.0713785141706466,0.0288216415792703,0.0716278478503227,0.0469347201287746,0.1278653442859649,0.0533647090196609,0.594456672668457,0.4206092357635498,0.4773076176643371,0.4526367783546448,0.0065438929013907,1.0,0.6471441388130188,0.094139777123928,0.0248496383428573,1.0,0.0007037297677691,1.0,1.0,1.0,0.0,1421.0
808_YAHOO_id_258_WebService_tr_500_1st_142.csv,0.0438366830348968,0.1731986552476883,0.4433497488498688,0.9215632677078248,0.0437970161437988,0.134394884109497,0.093653030693531,0.8032481670379639,0.9124859571456908,0.8120874166488647,0.9625000953674316,0.8284820318222046,0.3788967132568359,0.2752863764762878,0.7248649597167969,0.0749701857566833,0.7165504693984985,0.4944537281990051,0.9505090117454528,0.9277152419090272,0.6364114284515381,0.6709932684898376,0.1499377191066742,0.4832735061645508,0.5893330574035645,0.4856086671352386,0.2971901595592499,0.4347452521324157,0.9408255219459534,0.1290536224842071,0.5526061058044434,0.0721553787589073,,,,,,,
809_YAHOO_id_259_WebService_tr_500_1st_123.csv,0.1419417709112167,0.1892007291316986,0.218679130077362,0.7617583274841309,0.1304163336753845,0.1276605278253555,0.1392868012189865,0.4520370364189148,0.7559018731117249,0.1965923309326172,0.1979586035013198,0.5054275393486023,0.1088002622127533,0.1006064191460609,0.6965878009796143,0.1426263004541397,0.179521232843399,0.1347859501838684,0.7450096011161804,0.4310110509395599,0.2455160021781921,0.3024645745754242,0.1946001946926117,0.4883027374744415,0.2551364600658417,0.1672104895114898,0.303274393081665,0.1906914710998535,0.8080613613128662,0.1816218495368957,0.189856469631195,0.1361455768346786,,,,,,,
810_Exathlon_id_1_Facility_tr_10766_1st_12590.csv,0.1306322515010833,0.973810613155365,0.251067578792572,0.1424144059419632,0.1267281174659729,0.1349583715200424,0.4331485033035278,0.9108785390853882,0.9660027027130128,0.1266895532608032,0.547361433506012,0.1495435237884521,0.4583040475845337,0.0990594699978828,0.8831861615180969,0.1697640269994735,0.9661856293678284,0.1267281174659729,0.5065085291862488,0.9056211709976196,0.3051985800266266,0.9542192816734314,0.912341296672821,0.8959140181541443,0.2002684026956558,0.7452971935272217,0.8392462134361267,0.9638651013374328,0.1914524883031845,0.1769319027662277,0.5462893843650818,0.9962259531021118,5437.0,0.1262480843356708,1812.3333333333333,3.0,0.0,1.0,43066.0
811_Exathlon_id_2_Facility_tr_10766_1st_12590.csv,0.1341074705123901,0.7892758846282959,0.8404056429862976,0.2981942892074585,0.5971115827560425,0.6333329677581787,0.7843269109725952,0.8076284527778625,0.6056223511695862,0.139095589518547,0.7471289038658142,0.6746151447296143,0.9901496767997742,0.9904611110687256,0.7293071746826172,0.8782806396484375,0.978419065475464,0.1267281174659729,0.2678249180316925,0.9553401470184326,0.97952800989151,0.8055353760719299,0.8680387735366821,0.7652121186256409,0.1370137631893158,0.510784387588501,0.3543262779712677,0.98108571767807,0.5449605584144592,0.5555762648582458,0.729236364364624,0.9959478378295898,5437.0,0.1262480843356708,1812.3333333333333,3.0,0.0,1.0,43066.0
812_Exathlon_id_3_Facility_tr_10766_1st_12590.csv,0.1356162428855896,0.9249233603477478,0.5438683032989502,0.4670893251895904,0.3741611540317535,0.7398952841758728,0.5580381155014038,0.4025441110134125,0.1031987816095352,0.1382195055484771,0.4667245745658874,0.6054224371910095,0.9982286095619202,0.9982160329818726,0.7693901062011719,0.7075945138931274,0.7542681694030762,0.1324248611927032,0.4893077909946441,0.7814984321594238,0.9943491220474244,0.8747930526733398,0.8770968317985535,0.3806858658790588,0.1757932007312774,0.151966705918312,0.1488475203514099,0.9999291896820068,0.7146554589271545,0.638534426689148,0.4606025218963623,0.999453604221344,5437.0,0.1262480843356708,1812.3333333333333,3.0,0.0,1.0,43066.0
813_Exathlon_id_4_Facility_tr_10766_1st_12590.csv,0.1354833245277404,0.3202675879001617,0.3153958022594452,0.2139744758605957,0.1666855365037918,0.262326031923294,0.9954494833946228,0.317201018333435,0.1002707034349441,0.2123025953769683,0.0683171302080154,,0.3575238585472107,0.3215359151363373,0.2863567471504211,0.9463319182395936,0.0686077997088432,0.5533559918403625,0.0992448106408119,0.8462786078453064,0.5541726350784302,0.1760158389806747,0.9855053424835204,0.2704241573810577,0.2031468003988266,0.4967096447944641,0.4432876706123352,0.6897514462471008,0.2194839119911193,0.3772131204605102,0.0684396177530288,0.0694778338074684,,,,,,,
814_Exathlon_id_5_Facility_tr_10766_1st_12590.csv,0.1321445256471634,0.7906997203826904,0.7003312706947327,0.2981942892074585,0.5742173194885254,0.6151912808418274,0.7843269109725952,0.8276262283325195,0.5200955867767334,0.139095589518547,0.7701305747032166,0.675646185874939,0.9899281859397888,0.9904611110687256,0.7293071746826172,0.7447709441184998,0.9784183502197266,0.1267281174659729,0.1116204708814621,0.9553401470184326,0.97952800989151,0.8055353760719299,0.8680387735366821,0.7652121186256409,0.1370137631893158,0.510784387588501,0.3543262779712677,0.98108571767807,0.5449605584144592,0.4735840857028961,0.729236364364624,0.9960461258888244,5437.0,0.1262480843356708,1812.3333333333333,3.0,0.0,1.0,43066.0
815_Exathlon_id_6_Facility_tr_10766_1st_12590.csv,0.1404033005237579,0.9225320219993592,0.4482669532299042,0.4670893251895904,0.3062820136547088,0.7594583630561829,0.5580381155014038,0.4109904766082763,0.8494003415107727,0.1382195055484771,0.4662534892559051,0.6070969700813293,0.9981025457382202,0.9981520771980286,0.7693901062011719,0.671576976776123,0.7542579770088196,0.1324248611927032,0.5802164077758789,0.7814984321594238,0.9943491220474244,0.8747930526733398,0.8770968317985535,0.3806858658790588,0.1757932007312774,0.151966705918312,0.1488475203514099,0.9999291896820068,0.7146554589271545,0.7719826102256775,0.4604992568492889,0.9994530081748962,5437.0,0.1262480843356708,1812.3333333333333,3.0,0.0,1.0,43066.0
816_Exathlon_id_7_Facility_tr_10766_1st_12590.csv,0.1281500458717346,0.1936866790056228,0.1667358428239822,0.1627149283885955,0.1267281174659729,0.1663928627967834,0.6581509709358215,0.149616539478302,0.1184123456478118,0.1266977339982986,0.1791286617517471,0.1682356894016266,0.8246049284934998,0.791591465473175,0.147473931312561,0.1581882238388061,0.3402158915996551,0.1267281174659729,0.1316938400268554,0.6366231441497803,0.4231667518615722,0.1158897876739502,0.1219180524349212,0.1247975155711174,0.1667060256004333,0.1286764591932296,0.155266061425209,0.8990063071250916,0.160202294588089,0.1626929640769958,0.1769556552171707,0.9166502356529236,5437.0,0.1262480843356708,1812.3333333333333,3.0,0.0,1.0,43066.0
817_Exathlon_id_8_Facility_tr_10766_1st_12590.csv,0.1412273049354553,0.1960050612688064,0.2930116951465606,0.1669945865869522,0.3321843445301056,0.1622355133295059,0.4833188354969024,0.468126505613327,0.3968735635280609,0.1310449987649917,0.3057433366775512,0.1809513419866562,0.4558619558811188,0.4320133924484253,0.6000792980194092,0.1412486284971237,0.6544820666313171,0.1267281174659729,0.3535671532154083,0.4266689121723175,0.3188704252243042,0.3471702337265014,0.4775920212268829,0.5502014756202698,0.4330900311470032,0.2852208912372589,0.4120177030563354,0.6489678025245667,0.1503938287496566,0.1569636911153793,0.3033397197723388,0.8837959170341492,5437.0,0.1262480843356708,1812.3333333333333,3.0,0.0,1.0,43066.0
818_Exathlon_id_9_Facility_tr_11665_1st_13484.csv,0.0803329646587371,0.1544231623411178,0.7241871953010559,0.2886253297328949,0.2766306102275848,0.6115052103996277,0.9863325953483582,0.1554533243179321,0.0370377674698829,0.0692730545997619,0.9769476056098938,0.5881295800209045,0.9963870644569396,0.9910934567451476,0.1637965142726898,0.3573842644691467,0.9744358658790588,0.0695930272340774,0.0443869642913341,0.8836610317230225,0.7051272988319397,0.740344226360321,0.5480715036392212,0.3014448881149292,0.0814596638083458,0.0985070765018463,0.0695310086011886,0.9999227523803712,0.6100032329559326,0.5657021999359131,0.9751543998718262,0.999958872795105,2928.0,0.0627518216888126,976.0,3.0,0.0,1.0,46660.0
820_Exathlon_id_11_Facility_tr_11665_1st_13484.csv,0.0770990997552871,0.0424614623188972,0.4485865235328674,0.2223595529794693,0.3734786808490753,0.4671963155269623,0.7819254994392395,0.5185500383377075,0.1588644087314605,0.063316598534584,0.8233502507209778,0.2820577323436737,0.930927574634552,0.9130436778068542,0.6347760558128357,0.2630391418933868,0.8675448298454285,0.0633929818868637,0.1380091309547424,0.679630696773529,0.5827372074127197,0.0842144563794136,0.1793255060911178,0.5105005502700806,0.0691487342119216,0.1216011047363281,0.1480045318603515,0.8867349028587341,0.2174587249755859,0.3936115503311157,0.8291674852371216,0.8967125415802002,2928.0,0.0627518216888126,976.0,3.0,0.0,1.0,46660.0
822_Exathlon_id_13_Facility_tr_10766_1st_12590.csv,0.1289555132389068,0.1948242783546447,0.2933108508586883,0.1669945865869522,0.3309850394725799,0.1538473665714264,0.4833188354969024,0.4686193168163299,0.3170483708381653,0.1310449987649917,0.3057433366775512,0.1794155240058899,0.4560819566249847,0.432477593421936,0.6000792980194092,0.1715741008520126,0.6494321823120117,0.1267281174659729,0.2422695159912109,0.4266689121723175,0.3188704252243042,0.3471702337265014,0.4775920212268829,0.5502014756202698,0.4330900311470032,0.2852208912372589,0.4120177030563354,0.6489678025245667,0.1503938287496566,0.1392289251089096,0.3009357154369354,0.8854519128799438,5437.0,0.1262480843356708,1812.3333333333333,3.0,0.0,1.0,43066.0
824_Exathlon_id_15_Facility_tr_10766_1st_12590.csv,0.1317072361707687,0.0845222696661949,0.5507343411445618,0.4261564016342163,0.625708818435669,0.5053188800811768,0.6697134375572205,0.3457483947277069,0.3516302108764648,0.1320735812187194,0.7309549450874329,0.4934768974781036,0.9794630408287048,0.9833898544311525,0.8617206811904907,0.4348607361316681,0.9391878247261048,0.1267281174659729,0.1549943089485168,0.766457736492157,0.7296380400657654,0.6127967238426208,0.7102447152137756,0.7027223110198975,0.12775219976902,0.2476561665534973,0.4011169373989105,0.9797915816307068,0.4370279312133789,0.4050392210483551,0.5153167247772217,0.9950457215309144,5437.0,0.1262480843356708,1812.3333333333333,3.0,0.0,1.0,43066.0
825_Exathlon_id_16_Facility_tr_10766_1st_12590.csv,0.1446745246648788,0.7585971355438232,0.8160725235939026,0.2949067652225494,0.6321917176246643,0.5610954165458679,0.9957609176635742,0.8276029229164124,0.6491126418113708,0.1021402180194854,0.753970742225647,,0.9900771975517272,0.9904939532279968,0.7293071746826172,0.9857506155967712,0.9784198999404908,0.9857848882675172,0.1961460709571838,0.9553401470184326,0.9774423837661744,0.8055353760719299,0.9874073266983032,0.7652121186256409,0.1096268147230148,0.510784387588501,0.3543262779712677,0.98108571767807,0.5449605584144592,0.5507664084434509,0.7277389168739319,0.9960567355155944,,,,,,,
826_Exathlon_id_17_Facility_tr_11665_1st_13484.csv,0.0678739175200462,0.0424630269408226,0.4463745951652527,0.2223595529794693,0.7992123365402222,0.4212270081043243,0.7819254994392395,0.5123140215873718,0.15344899892807,0.063316598534584,0.8233502507209778,0.2807640731334686,0.9303967952728271,0.913747787475586,0.6347760558128357,0.2503663897514343,0.8675448298454285,0.0633929818868637,0.1627117246389389,0.679630696773529,0.5827372074127197,0.0842144563794136,0.1793255060911178,0.5105005502700806,0.0691487342119216,0.1216011047363281,0.1480045318603515,0.8867349028587341,0.2174587249755859,0.4948275685310364,0.8291674852371216,0.8967125415802002,2928.0,0.0627518216888126,976.0,3.0,0.0,1.0,46660.0
828_Exathlon_id_19_Facility_tr_11663_1st_13482.csv,0.0707080364227294,0.0375778377056121,0.3603488802909851,0.1871558427810669,0.0959696993231773,0.2878491878509521,0.682699978351593,0.3807511925697326,0.0867489427328109,0.0643300637602806,0.8827447295188904,0.2310172617435455,0.9121373295783995,0.8830644488334656,0.6274617910385132,0.1296461522579193,0.9316924810409546,0.0643766894936561,0.2058850824832916,0.6387315392494202,0.3264509737491607,0.0883842334151268,0.1414297521114349,0.7286291718482971,0.2641855180263519,0.1737992912530899,0.1126680448651313,0.9396378993988036,0.2240882962942123,0.296123743057251,0.8878270983695984,0.934293270111084,2948.0,0.063187225377773,982.6666666666666,3.0,0.0,1.0,46655.0
832_Exathlon_id_23_Facility_tr_10766_1st_12590.csv,0.1275123059749603,0.1965750604867935,0.1680687665939331,0.1627149283885955,0.1248831003904342,0.1662908494472503,0.6581509709358215,0.1503771245479583,0.1176577135920524,0.1266977339982986,0.1791286617517471,0.1678638756275177,0.8290712833404541,0.8018291592597961,0.147473931312561,0.1499523520469665,0.3402158915996551,0.1267281174659729,0.1178777143359184,0.6366231441497803,0.4231667518615722,0.1158897876739502,0.1219180524349212,0.1247975155711174,0.1667060256004333,0.1286764591932296,0.155266061425209,0.8990063071250916,0.160202294588089,0.1598589867353439,0.1769556552171707,0.9166502356529236,5437.0,0.1262480843356708,1812.3333333333333,3.0,0.0,1.0,43066.0
833_Exathlon_id_24_Facility_tr_10766_1st_12590.csv,0.142158567905426,0.9217674732208252,0.4627560675144195,0.4670893251895904,0.371983915567398,0.7564833164215088,0.5580381155014038,0.406344473361969,0.6067438721656799,0.1382195055484771,0.4669777452945709,0.6027941107749939,0.9981579780578612,0.9981247782707214,0.7693901062011719,0.6415534615516663,0.7542631030082703,0.1324248611927032,0.377228170633316,0.7814984321594238,0.9943491220474244,0.8747930526733398,0.8770968317985535,0.3806858658790588,0.1757932007312774,0.151966705918312,0.1488475203514099,0.9999291896820068,0.7146554589271545,0.7436400055885315,0.4683119654655456,0.9994524717330932,5437.0,0.1262480843356708,1812.3333333333333,3.0,0.0,1.0,43066.0
834_Exathlon_id_25_Facility_tr_11665_1st_13484.csv,0.0764474794268608,0.0424658246338367,0.4461082816123962,0.2223595529794693,0.1237378939986229,0.4634966254234314,0.7819254994392395,0.5079751014709473,0.1706770062446594,0.063316598534584,0.8233502507209778,0.2783713936805725,0.9321444034576416,0.914180874824524,0.6347760558128357,0.2366299927234649,0.8675448298454285,0.0633929818868637,0.2902882993221283,0.679630696773529,0.5827372074127197,0.0842144563794136,0.1793255060911178,0.5105005502700806,0.0691487342119216,0.1216011047363281,0.1480045318603515,0.8867349028587341,0.2174587249755859,0.3610597252845764,0.8291674852371216,0.8967125415802002,2928.0,0.0627518216888126,976.0,3.0,0.0,1.0,46660.0
835_Exathlon_id_26_Facility_tr_10766_1st_12590.csv,0.1311952322721481,0.5806253552436829,0.1633889824151992,0.1428707987070083,0.1693311482667923,0.1655885428190231,0.4759087860584259,0.9179701805114746,0.6864384412765503,0.1450017988681793,0.0695888623595237,0.1455180794000625,0.3681695759296417,0.3055859804153442,0.784389317035675,0.2203990370035171,0.0689479485154151,0.127222865819931,0.6373927593231201,0.6298457980155945,0.3507091403007507,0.6196209788322449,0.5778391361236572,0.8372035026550293,0.7493756413459778,0.2379386126995086,0.7967732548713684,0.9288475513458252,0.1486186236143112,0.1650011092424392,0.0697444304823875,0.0703290104866027,5437.0,0.1262480843356708,1812.3333333333333,3.0,0.0,1.0,43066.0
836_Exathlon_id_27_Facility_tr_10766_1st_12590.csv,0.1397650390863418,0.9217155575752258,0.4471447169780731,0.4670893251895904,0.3401257991790771,0.7670044898986816,0.5580381155014038,0.4031537175178528,0.8554399609565735,0.1382195055484771,0.4651059806346893,0.6074548363685608,0.9978583455085754,0.998069703578949,0.7693901062011719,0.7021772861480713,0.7542681694030762,0.1324248611927032,0.3760296106338501,0.7814984321594238,0.9943491220474244,0.8747930526733398,0.8770968317985535,0.3806858658790588,0.1757932007312774,0.151966705918312,0.1488475203514099,0.9999291896820068,0.7146554589271545,0.8610063195228577,0.4604992568492889,0.9994530081748962,5437.0,0.1262480843356708,1812.3333333333333,3.0,0.0,1.0,43066.0
837_Exathlon_id_28_Facility_tr_8898_1st_8998.csv,0.1045095771551132,0.6924070715904236,0.1475678086280822,0.1056157425045967,0.1117959097027778,0.1191966980695724,0.5800677537918091,0.056580614298582,0.0486158318817615,0.103069968521595,0.0807401239871978,0.1321606636047363,0.1940182000398636,0.1877000629901886,0.0512676090002059,0.1072731018066406,0.0799569562077522,0.1052665039896965,0.1470221132040023,0.5666273236274719,0.4230319857597351,0.1436374932527542,0.1286165565252304,0.06548922508955,0.1064162850379943,0.0954516232013702,0.1210231930017471,0.9998993873596193,0.1059441864490509,0.1144316717982292,0.0807294845581054,0.0745388194918632,3891.0,0.0834083601286173,972.75,4.0,0.0,1.0,46650.0
839_Exathlon_id_30_Facility_tr_10766_1st_12590.csv,0.1382258087396621,0.1962982565164566,0.1665142625570297,0.1627149283885955,0.1267281174659729,0.158838614821434,0.6581509709358215,0.1464750617742538,0.1196459457278251,0.1266977339982986,0.1791286617517471,0.1680018901824951,0.8254066109657288,0.7938690781593323,0.147473931312561,0.1464633196592331,0.3402158915996551,0.1267281174659729,0.1254351735115051,0.6366231441497803,0.4231667518615722,0.1158897876739502,0.1219180524349212,0.1247975155711174,0.1667060256004333,0.1286764591932296,0.155266061425209,0.8990063071250916,0.160202294588089,0.1577340364456176,0.1769556552171707,0.9166502356529236,5437.0,0.1262480843356708,1812.3333333333333,3.0,0.0,1.0,43066.0
840_Exathlon_id_31_Facility_tr_10766_1st_12590.csv,0.1438388377428054,0.0830862075090408,0.5519357323646545,0.4261564016342163,0.6320894956588745,0.4871353209018707,0.6697134375572205,0.4037182927131653,0.2610708773136139,0.1320735812187194,0.7921686768531799,0.518673837184906,0.9797327518463136,0.9831804037094116,0.8617206811904907,0.3591056168079376,0.9397552609443665,0.1267281174659729,0.1425985395908355,0.766457736492157,0.7296380400657654,0.6127967238426208,0.7102447152137756,0.7027223110198975,0.12775219976902,0.2476561665534973,0.4011169373989105,0.9797915816307068,0.4370279312133789,0.4502708613872528,0.5153167247772217,0.993959367275238,5437.0,0.1262480843356708,1812.3333333333333,3.0,0.0,1.0,43066.0
841_Exathlon_id_32_Facility_tr_11663_1st_13482.csv,0.1495876312255859,0.2357512265443802,0.6618435382843018,0.1848446577787399,0.1078677326440811,0.7785833477973938,0.8740590810775757,0.2443003803491592,0.0353274270892143,0.0700126588344574,0.9599799513816832,0.6298418045043945,0.988726794719696,0.9654789566993712,0.1891991347074508,0.2523519396781921,0.9623543620109558,0.0700291693210601,0.0558775886893272,0.8473209738731384,0.7391573190689087,0.8713220953941345,0.6474550366401672,0.4493562579154968,0.0695859044790268,0.0881534740328788,0.0964325591921806,0.9996416568756104,0.4506698846817016,0.4604772627353668,0.9583255052566528,0.9993356466293336,2948.0,0.063187225377773,982.6666666666666,3.0,0.0,1.0,46655.0
842_OPPORTUNITY_id_1_HumanActivity_tr_7295_1st_27516.csv,0.012255523353815,0.0120810102671384,0.3764820098876953,0.0118884239345788,0.0285385828465223,0.0154325822368264,0.5776633620262146,0.5396243333816528,0.2500231266021728,0.012260970659554,0.9156845808029176,0.0131702497601509,0.0118638137355446,0.0126244006678462,0.0624799169600009,0.0131198344752192,0.9608197808265686,0.0122638270258903,0.1031338199973106,0.0616163425147533,0.0112881483510136,0.0136781260371208,0.0145670901983976,0.2717675566673279,0.0098199229687452,0.082590214908123,0.1261299848556518,0.99799907207489,0.0118139488622546,0.0124315209686756,0.9060724973678588,0.9988166689872742,330.0,0.0113083407580015,330.0,1.0,0.0,1.0,29182.0
844_OPPORTUNITY_id_3_HumanActivity_tr_500_1st_566.csv,0.0999174267053604,0.3741876184940338,0.0706184282898902,0.0661337450146675,0.2087952941656112,0.0838998481631279,0.5505750775337219,0.2193320393562317,0.3065575659275055,0.190198615193367,0.9746244549751282,0.0757375732064247,0.0644691884517669,0.0648562088608741,0.0694123730063438,0.0624120458960533,0.9836381077766418,0.0661031529307365,0.3990907967090606,0.4678066670894623,0.0923990830779075,0.1179999485611915,0.0969798937439918,0.1197700276970863,0.0660158917307853,0.3369374275207519,0.1314429640769958,0.9930245876312256,0.0664736405014991,0.0665424615144729,0.971490740776062,0.9978587627410888,967.0,0.0617772950872037,483.5,2.0,0.0,1.0,15653.0
845_OPPORTUNITY_id_4_HumanActivity_tr_7295_1st_27516.csv,0.0148075828328728,0.1513900905847549,0.0596163533627986,0.0114479772746562,0.0449699237942695,0.0428960435092449,0.7270443439483643,0.0930511280894279,0.0902152359485626,0.0115917092189192,0.7627555727958679,0.0111837144941091,0.0337205901741981,0.0263349991291761,0.0508581027388572,0.0133520010858774,0.8806279897689819,0.0115917092189192,0.0480591058731079,0.0511496216058731,0.0067015662789344,0.0156082510948181,0.0155483046546578,0.084601379930973,0.0139756109565496,0.2704404890537262,0.0654231235384941,0.9249666333198548,0.0114847095683217,0.0199298281222581,0.7347761392593384,0.9973223209381104,330.0,0.0113083407580015,330.0,1.0,0.0,1.0,29182.0
846_OPPORTUNITY_id_5_HumanActivity_tr_2085_1st_2185.csv,0.0434919856488704,0.1005395874381065,0.8197455406188965,0.0390006303787231,0.039566297084093,0.0572439841926097,0.4617035388946533,0.4258398711681366,0.3329121470451355,0.0393578335642814,0.53257817029953,0.039226584136486,0.0518681555986404,0.0518057681620121,0.1629878580570221,0.0377930775284767,0.56180340051651,0.0393694676458835,0.1927424371242523,0.2105204463005066,0.0374790988862514,0.0313652195036411,0.0391430966556072,0.2777113020420074,0.0633931532502174,0.4118016064167022,0.1408320665359497,0.9752245545387268,0.0380643121898174,0.0384566895663738,0.5114253163337708,0.9719976782798768,818.0,0.0368568081463458,409.0,2.0,0.0,1.0,22194.0
847_OPPORTUNITY_id_6_HumanActivity_tr_808_1st_908.csv,0.1276618838310241,0.1947380900382995,0.1169590279459953,0.1254327744245529,0.1452309042215347,0.1199906393885612,0.2741119563579559,0.3356696665287018,0.39204803109169,0.1265632510185241,0.1143209934234619,0.1193757876753807,0.1110008582472801,0.1111056879162788,0.1905587464570999,0.1147037222981453,0.1121573075652122,0.1276618838310241,0.2004995495080948,0.6506078243255615,0.0816361457109451,0.1327856481075287,0.1461705565452575,0.3310994505882263,0.1279146671295166,0.2460571974515915,0.147965595126152,0.967225193977356,0.1240690425038337,0.114699974656105,0.1140661239624023,0.1033467426896095,1142.0,0.1260903168819697,1142.0,1.0,0.0,1.0,9057.0
849_OPPORTUNITY_id_8_HumanActivity_tr_1100_1st_1200.csv,0.0704434737563133,0.0163816530257463,0.9198012948036194,0.0291695464402437,0.0304453875869512,0.181653618812561,0.9123634696006776,0.1482113301753997,0.0933636203408241,0.0255126655101776,0.0168680623173713,0.0535877496004104,0.2048125714063644,0.2065815478563308,0.0639170184731483,0.0540039055049419,0.0168860405683517,0.0256376732140779,0.0749395340681076,0.1361495107412338,0.0472953468561172,0.0320204608142375,0.0330438911914825,0.1029507890343666,0.0256339851766824,0.0902244821190834,0.0295130480080842,0.998976469039917,0.0277223642915487,0.090590201318264,0.0178118553012609,0.0153937954455614,608.0,0.0244255182387915,304.0,2.0,0.0,1.0,24892.0
850_OPPORTUNITY_id_9_HumanActivity_tr_895_1st_995.csv,0.0393630191683769,0.0284800734370946,0.036297645419836,0.0344159416854381,0.0341866984963417,0.0559801198542118,0.5888500213623047,0.0231160297989845,0.0223709493875503,0.0340958349406719,0.8152342438697815,0.0389686375856399,0.0552051328122615,0.0550830289721488,0.0297097284346818,0.0391044802963733,0.8942345976829529,0.0341866984963417,0.0383218899369239,0.1691194772720337,0.0499185174703598,0.0276003554463386,0.0299201793968677,0.0257439576089382,0.0569580532610416,0.024163469672203,0.033130444586277,0.9484726190567015,0.0343220271170139,0.0415626615285873,0.8197215795516968,0.9980409145355223,438.0,0.0296929021761236,438.0,1.0,0.0,1.0,14751.0
851_OPPORTUNITY_id_10_HumanActivity_tr_6213_1st_7311.csv,0.039245069026947,0.0620910935103893,0.0364694409072399,0.0381309390068054,0.0362891107797622,0.0357485562562942,0.0261997524648904,0.5682238340377808,0.727698564529419,0.0393711514770984,0.0365191400051116,0.037614744156599,0.0343858264386653,0.0345042385160923,0.7204954028129578,0.037144050002098,0.0362714305520057,0.0393692106008529,0.1543817818164825,0.0287806652486324,0.0287324171513319,0.028387451544404,0.0318513102829456,0.7353797554969788,0.2137101739645004,0.7499849796295166,0.5179160833358765,0.0288396030664443,0.0378337427973747,0.0368533805012702,0.0364525355398654,0.032996904104948,872.0,0.0350877192982456,872.0,1.0,0.0,1.0,24852.0
852_OPPORTUNITY_id_11_HumanActivity_tr_500_1st_566.csv,0.0723220854997634,0.2045147716999054,0.0962923467159271,0.0735524073243141,0.9232441782951356,0.0677488893270492,0.7663752436637878,0.1401350945234298,0.4842042028903961,0.0631472840905189,0.974510133266449,,0.0947996228933334,0.0938844755291938,0.21746127307415,0.0711423307657241,0.987638294696808,0.1695683896541595,0.3286153972148895,0.4061345756053924,0.0714819282293319,0.0494121275842189,0.7819766998291016,0.3579983711242676,0.0516539812088012,0.2838049829006195,0.0960652753710746,0.9979793429374696,0.0735654458403587,0.0737321153283119,0.9688831567764282,0.998862624168396,,,,,,,
855_OPPORTUNITY_id_14_HumanActivity_tr_808_1st_908.csv,0.136019766330719,0.1498734652996063,0.183115005493164,0.1222329661250114,0.1292631328105926,0.1190531700849533,0.180361121892929,0.1412185877561569,0.2831662893295288,0.1775237917900085,0.5957357287406921,0.1203255280852317,0.1127255335450172,0.1125085353851318,0.395662397146225,0.1227405443787574,0.5956291556358337,0.1292631328105926,0.1777509897947311,0.3460157811641693,0.1111445352435112,0.1363081336021423,0.1493960469961166,0.1663786321878433,0.4270641207695007,0.4056226015090942,0.2153332978487014,0.5554692149162292,0.120979256927967,0.1185930520296096,0.5894924998283386,0.6685632467269897,1142.0,0.1260903168819697,1142.0,1.0,0.0,1.0,9057.0
856_OPPORTUNITY_id_15_HumanActivity_tr_808_1st_908.csv,0.1302167624235153,0.204130470752716,0.8278591632843018,0.1258547008037567,0.1292631328105926,0.1210484877228736,0.2057113200426101,0.3624763786792755,0.509156346321106,0.1999049484729766,0.8592717051506042,0.1245159283280372,0.1113854423165321,0.1113845780491828,0.4211803674697876,0.1245884895324707,0.9410294890403748,0.1292631328105926,0.2483714520931244,0.6437553763389587,0.108276642858982,0.1713384985923767,0.1607791483402252,0.4745659530162811,0.2218112051486969,0.3282274305820465,0.1310339570045471,0.9907901287078856,0.1247478649020195,0.1240972504019737,0.8573495149612427,0.9941818118095398,1142.0,0.1260903168819697,1142.0,1.0,0.0,1.0,9057.0
857_OPPORTUNITY_id_16_HumanActivity_tr_500_1st_566.csv,0.0838979482650756,0.0803403779864311,0.6890110373497009,0.0817674100399017,0.08134625852108,0.1730084419250488,0.529258668422699,0.1415953189134597,0.2883786559104919,0.1043077856302261,0.7231290936470032,0.1089923977851867,0.1870482265949249,0.1883153915405273,0.3953461945056915,0.0900442376732826,0.7044641375541687,0.0799530148506164,0.2987467050552368,0.2530680298805237,0.2941843271255493,0.0706922858953476,0.0582180581986904,0.3898215591907501,0.0973375290632247,0.3167024254798889,0.1337088495492935,0.964926302433014,0.0834670513868331,0.0875913426280021,0.7203494906425476,0.7824476361274719,967.0,0.0617772950872037,483.5,2.0,0.0,1.0,15653.0
858_OPPORTUNITY_id_17_HumanActivity_tr_808_1st_908.csv,0.1412912160158157,0.1036088839173317,0.9992387890815736,0.1265629231929779,0.1289804875850677,0.1318209171295166,0.3503810465335846,0.8014055490493774,0.8705379962921143,0.1549127995967865,0.7459551095962524,0.1245856508612632,0.1493259966373443,0.1497237980365753,0.7694306969642639,0.1239524185657501,0.7481087446212769,0.1289804875850677,0.3813530504703522,0.6908961534500122,0.0915014371275901,0.122716911137104,0.1412179917097091,0.7796974182128906,0.5156642198562622,0.8323596715927124,0.1343017667531967,0.9971292614936828,0.1243925541639328,0.149354949593544,0.6949807405471802,0.9240219593048096,1142.0,0.1260903168819697,1142.0,1.0,0.0,1.0,9057.0
859_OPPORTUNITY_id_18_HumanActivity_tr_895_1st_995.csv,0.0309264920651912,0.0396893322467803,0.0693400427699089,0.0308332778513431,0.0417233854532241,0.0263582989573478,0.5282490849494934,0.1496447920799255,0.0457632467150688,0.0306341312825679,0.0226463172584772,0.0292187258601188,0.0630202367901802,0.0607017949223518,0.0466448254883289,0.0277531184256076,0.0201676562428474,0.0306578371673822,0.0380602777004241,0.1987277269363403,0.0275766924023628,0.0322882495820522,0.0333827883005142,0.0710602849721908,0.0426502451300621,0.0520836859941482,0.0358950644731521,0.9447526931762696,0.030324313789606,0.0577164031565189,0.0225245095789432,0.0191709697246551,438.0,0.0296929021761236,438.0,1.0,0.0,1.0,14751.0
861_OPPORTUNITY_id_20_HumanActivity_tr_2085_1st_2185.csv,0.0380899719893932,0.0455710627138614,0.0534649640321731,0.0375140085816383,0.0503132678568363,0.0604901053011417,0.6383772492408752,0.1598248183727264,0.0977370589971542,0.0379620157182216,0.0269513595849275,0.0376448780298233,0.0971424430608749,0.0973928868770599,0.0746318325400352,0.0364959873259067,0.0244856309145689,0.0381394773721694,0.0720151960849762,0.1225628480315208,0.0389840565621852,0.0492952242493629,0.046186227351427,0.1046609580516815,0.0420275926589965,0.0889074355363845,0.0692324191331863,0.9844786524772644,0.0374119728803634,0.04495295509696,0.0269781202077865,0.022705091163516,818.0,0.0368568081463458,409.0,2.0,0.0,1.0,22194.0
862_OPPORTUNITY_id_21_HumanActivity_tr_500_1st_566.csv,0.0918309018015861,0.2187360376119613,0.9850446581840516,0.0769888088107109,0.0745715275406837,0.1556066572666168,0.4294059872627258,0.6699498295783997,0.6836202144622803,0.0701723545789718,0.9678269624710084,0.0877816900610923,0.1190191432833671,0.1159030348062515,0.507931113243103,0.0761677250266075,0.972434103488922,0.07024697214365,0.4864081442356109,0.3656015992164612,0.0754700526595115,0.0602782033383846,0.0569586977362632,0.6410264372825623,0.0810253694653511,0.497967392206192,0.0768391042947769,0.997195839881897,0.0707007944583892,0.0798336267471313,0.961865782737732,0.997270405292511,967.0,0.0617772950872037,483.5,2.0,0.0,1.0,15653.0
863_OPPORTUNITY_id_22_HumanActivity_tr_808_1st_908.csv,0.1303913295269012,0.4782282412052154,0.1208065897226333,0.1303310245275497,0.1293573528528213,0.1177746057510376,0.453450083732605,0.0969375744462013,0.4204925298690796,0.1633250415325164,0.997012972831726,0.124512992799282,0.1121121793985366,0.1121629849076271,0.1112880706787109,0.1259853094816208,0.9989696145057678,0.1293573528528213,0.2504841685295105,0.789804220199585,0.4277200996875763,0.1184025853872299,0.1136918887495994,0.1020169407129287,0.1293573528528213,0.1134240478277206,0.1035763770341873,0.9964158535003662,0.1292453408241272,0.1267852187156677,0.9971383213996888,0.9996352791786194,1142.0,0.1260903168819697,1142.0,1.0,0.0,1.0,9057.0
864_OPPORTUNITY_id_23_HumanActivity_tr_895_1st_995.csv,0.0306885931640863,0.0244146026670932,0.8690305948257446,0.0304813124239444,0.24215067923069,0.026473531499505,0.9524744749069214,0.1057560741901397,0.1427422314882278,0.2631905674934387,0.0227149818092584,,0.0358769819140434,0.0363411605358123,0.1067982912063598,0.0236767865717411,0.0207903515547513,0.0198133997619152,0.0656116008758544,0.2423058301210403,0.0276171397417783,0.0358448810875415,0.8864355087280273,0.1290642768144607,0.2301217168569564,0.2098701000213623,0.0325694307684898,0.952301859855652,0.0298097990453243,0.0280052386224269,0.0229253992438316,0.0215242207050323,,,,,,,
865_OPPORTUNITY_id_24_HumanActivity_tr_2085_1st_2185.csv,0.0405739247798919,0.0267377085983753,0.3155249655246734,0.0427019782364368,0.0407168567180633,0.0464133135974407,0.5622842907905579,0.0973954498767852,0.1048427522182464,0.0392474234104156,0.0242772903293371,0.0462430901825428,0.1355761438608169,0.1356305927038192,0.1042128205299377,0.0385090447962284,0.0236039161682128,0.0393694676458835,0.1094865500926971,0.1523850113153457,0.0495989881455898,0.0347345434129238,0.0397264882922172,0.1088481098413467,0.0742303654551506,0.1577122509479522,0.0529773533344268,0.9982948303222656,0.043452251702547,0.0665157586336135,0.024292254820466,0.0214127469807863,818.0,0.0368568081463458,409.0,2.0,0.0,1.0,22194.0
867_OPPORTUNITY_id_26_HumanActivity_tr_808_1st_908.csv,0.1378385126590728,0.0939187407493591,0.1561610400676727,0.1376542001962661,0.1378385126590728,0.123329572379589,0.2137726098299026,0.5449265241622925,0.6326798796653748,0.1867492049932479,0.9900985956192015,0.1318627446889877,0.1217366605997085,0.1216427683830261,0.3170023262500763,0.1278109401464462,0.989998698234558,0.1378385126590728,0.2474420070648193,0.8230892419815063,0.1650832295417785,0.2397457957267761,0.2047132402658462,0.3161775767803192,0.1520081162452697,0.6305016875267029,0.1814477294683456,0.9976191520690918,0.1369605958461761,0.1257296204566955,0.9887256026268004,0.9904494285583496,1142.0,0.1260903168819697,1142.0,1.0,0.0,1.0,9057.0
869_OPPORTUNITY_id_28_HumanActivity_tr_500_1st_566.csv,0.0900401473045349,0.0688386037945747,0.2073578238487243,0.0869327709078788,0.0913416445255279,0.201040968298912,0.3991768658161163,0.4473128020763397,0.352888822555542,0.2234025001525879,0.8657187223434448,0.1275862604379654,0.2236265838146209,0.2238675355911255,0.5148437023162842,0.0997278317809104,0.8703005313873291,0.0823522955179214,0.3476380705833435,0.2441168874502182,0.7746564149856567,0.0937097147107124,0.0525034740567207,0.6893659830093384,0.0590144842863082,0.7378014922142029,0.1033961623907089,0.9970990419387816,0.0893989279866218,0.126365527510643,0.8572489023208618,0.9850783348083496,967.0,0.0617772950872037,483.5,2.0,0.0,1.0,15653.0
870_OPPORTUNITY_id_29_HumanActivity_tr_1477_1st_1577.csv,0.0392388589680194,0.058510448783636,0.1094037890434265,0.0443549342453479,0.028785653412342,0.0350831411778926,0.3995804190635681,0.0655504018068313,0.0898662284016609,0.0286479666829109,0.8802204132080078,0.053730446845293,0.0896238684654235,0.0840803906321525,0.0954162776470184,0.0435329936444759,0.9311652779579164,0.028785653412342,0.0790182873606681,0.1968518197536468,0.0316558517515659,0.0158427711576223,0.0165512673556804,0.0942867845296859,0.2557545900344848,0.2764484882354736,0.0407126620411872,0.9962488412857056,0.043271280825138,0.0568826422095298,0.8707753419876099,0.9955317974090576,396.0,0.021986563766587,198.0,2.0,0.0,1.0,18011.0
